Project_ID,Industry,AI_Use_Case,ROI_Percent,Performance_Score,Governance_Risk_Score,Risk_Category,Business_Priority,AI_Alert,Management_Insight
AI-0001,Manufacturing,Document Intelligence,-81.12,66.85,28.79,Low,Review,Negative ROI | High Downtime | Low User Adoption,Financial review required due to negative ROI.
AI-0002,Telecom,Recommendation,-51.54,68.05,44.02,Medium,Review,Negative ROI | High Downtime | Low User Adoption,Financial review required due to negative ROI.
AI-0003,Retail,Document Intelligence,33.28,71.09,42.29,Medium,Review,Healthy,AI project is performing within acceptable business and governance limits.
AI-0004,Telecom,Document Intelligence,-93.36,61.04,71.66,High,Review,Negative ROI | High Governance Risk | High Data Drift | High Downtime,Financial review required due to negative ROI.
AI-0005,Telecom,Predictive Maintenance,1.56,66.67,39.13,Medium,Review,Healthy,AI project is performing within acceptable business and governance limits.
AI-0006,Healthcare,Document Intelligence,223.86,58.62,25.89,Low,Strategic,Low AI Performance | High Data Drift | Low User Adoption,Model performance optimization is recommended.
AI-0007,Retail,Customer Support,-90.29,65.8,57.11,Medium,Review,Negative ROI | High Data Drift | High Downtime | Low User Adoption,Financial review required due to negative ROI.
AI-0008,Retail,Document Intelligence,-62.46,66.28,42.46,Medium,Review,Negative ROI | Low User Adoption,Financial review required due to negative ROI.
AI-0009,Retail,Document Intelligence,-69.52,61.26,52.38,Medium,Review,Negative ROI | Low User Adoption,Financial review required due to negative ROI.
AI-0010,Telecom,Document Intelligence,-62.33,69.31,48.82,Medium,Review,Negative ROI | High Data Drift,Financial review required due to negative ROI.
AI-0011,Manufacturing,Fraud Detection,-31.69,61.59,49.21,Medium,Review,Negative ROI | High Data Drift | Low User Adoption,Financial review required due to negative ROI.
AI-0012,Retail,Customer Support,-78.88,83.36,34.32,Low,Review,Negative ROI,Financial review required due to negative ROI.
AI-0013,Logistics,Customer Support,-48.19,78.96,53.09,Medium,Review,Negative ROI | High Downtime,Financial review required due to negative ROI.
AI-0014,Telecom,Recommendation,-48.29,48.61,37.7,Medium,Review,Negative ROI | Low AI Performance | High Data Drift | High Downtime | Low User Adoption,Financial review required due to negative ROI.
AI-0015,Healthcare,Predictive Maintenance,-49.68,66.24,65.62,High,Review,Negative ROI | High Governance Risk | High Data Drift,Financial review required due to negative ROI.
AI-0016,Manufacturing,Document Intelligence,-66.24,86.42,25.94,Low,Monitor,Negative ROI,Financial review required due to negative ROI.
AI-0017,Logistics,Demand Forecasting,-76.92,81.12,8.58,Low,Monitor,Negative ROI | High Data Drift,Financial review required due to negative ROI.
AI-0018,Logistics,Predictive Maintenance,518.41,69.15,19.37,Low,Strategic,High Data Drift,Data monitoring and model retraining should be considered.
AI-0019,Healthcare,Predictive Maintenance,-44.92,75.26,61.67,Medium,Review,Negative ROI | High Downtime,Financial review required due to negative ROI.
AI-0020,Manufacturing,Customer Support,-7.52,73.44,29.97,Low,Review,Negative ROI | High Data Drift,Financial review required due to negative ROI.
AI-0021,Telecom,Predictive Maintenance,59.1,75.3,38.0,Medium,Monitor,High Downtime,Project requires management monitoring.
AI-0022,Banking,Document Intelligence,6.6,81.59,47.88,Medium,Review,Healthy,AI project is performing within acceptable business and governance limits.
AI-0023,Manufacturing,Document Intelligence,49.19,73.19,60.49,Medium,Review,High Downtime,Project requires management monitoring.
AI-0024,Healthcare,Fraud Detection,160.11,81.78,32.16,Low,Strategic,High Downtime,Project requires management monitoring.
AI-0025,Logistics,Document Intelligence,-18.79,73.7,22.88,Low,Review,Negative ROI | High Data Drift,Financial review required due to negative ROI.
AI-0026,Telecom,Document Intelligence,-43.87,74.27,45.43,Medium,Review,Negative ROI,Financial review required due to negative ROI.
AI-0027,Manufacturing,Customer Support,16.31,66.92,59.57,Medium,Review,Healthy,AI project is performing within acceptable business and governance limits.
AI-0028,Banking,Document Intelligence,-87.26,71.46,35.07,Medium,Review,Negative ROI | Low User Adoption,Financial review required due to negative ROI.
AI-0029,Banking,Fraud Detection,-40.19,70.95,35.84,Medium,Review,Negative ROI,Financial review required due to negative ROI.
AI-0030,Retail,Demand Forecasting,-80.68,81.29,30.67,Low,Review,Negative ROI | High Downtime,Financial review required due to negative ROI.
AI-0031,Retail,Customer Support,-32.55,65.49,45.9,Medium,Review,Negative ROI | High Data Drift,Financial review required due to negative ROI.
AI-0032,Healthcare,Demand Forecasting,18.86,79.46,51.02,Medium,Review,High Downtime,Project requires management monitoring.
AI-0033,Manufacturing,Customer Support,-71.62,81.05,43.23,Medium,Review,Negative ROI | High Data Drift,Financial review required due to negative ROI.
AI-0034,Manufacturing,Recommendation,-32.43,67.72,12.7,Low,Review,Negative ROI | High Data Drift,Financial review required due to negative ROI.
AI-0035,Logistics,Predictive Maintenance,80.64,62.64,58.69,Medium,Review,High Downtime | Low User Adoption,Project requires management monitoring.
AI-0036,Logistics,Recommendation,263.0,68.74,48.73,Medium,Monitor,High Data Drift,Data monitoring and model retraining should be considered.
AI-0037,Logistics,Document Intelligence,-31.29,82.48,16.4,Low,Monitor,Negative ROI,Financial review required due to negative ROI.
AI-0038,Retail,Demand Forecasting,-57.96,68.3,40.0,Medium,Review,Negative ROI,Financial review required due to negative ROI.
AI-0039,Manufacturing,Document Intelligence,-79.0,75.83,38.23,Medium,Review,Negative ROI,Financial review required due to negative ROI.
AI-0040,Manufacturing,Predictive Maintenance,-93.18,69.65,33.28,Low,Review,Negative ROI,Financial review required due to negative ROI.
AI-0041,Banking,Customer Support,-89.78,59.45,41.01,Medium,Review,Negative ROI | Low AI Performance,Financial review required due to negative ROI.
AI-0042,Retail,Predictive Maintenance,28.18,72.63,42.38,Medium,Review,High Data Drift | Low User Adoption,Data monitoring and model retraining should be considered.
AI-0043,Telecom,Fraud Detection,47.19,80.4,51.96,Medium,Monitor,Healthy,AI project is performing within acceptable business and governance limits.
AI-0044,Retail,Predictive Maintenance,-59.61,65.86,25.87,Low,Review,Negative ROI | High Data Drift | High Downtime | Low User Adoption,Financial review required due to negative ROI.
AI-0045,Telecom,Fraud Detection,-58.44,82.45,23.55,Low,Monitor,Negative ROI | High Downtime,Financial review required due to negative ROI.
AI-0046,Banking,Predictive Maintenance,-31.55,63.37,27.13,Low,Review,Negative ROI | High Data Drift,Financial review required due to negative ROI.
AI-0047,Healthcare,Fraud Detection,-84.28,68.3,52.63,Medium,Review,Negative ROI | High Downtime,Financial review required due to negative ROI.
AI-0048,Manufacturing,Demand Forecasting,84.92,67.1,51.39,Medium,Monitor,High Downtime | Low User Adoption,Project requires management monitoring.
AI-0049,Banking,Document Intelligence,336.06,66.9,56.32,Medium,Monitor,Healthy,AI project is performing within acceptable business and governance limits.
AI-0050,Manufacturing,Document Intelligence,-38.5,77.17,50.1,Medium,Review,Negative ROI,Financial review required due to negative ROI.
AI-0051,Logistics,Recommendation,-38.14,80.98,34.55,Low,Review,Negative ROI,Financial review required due to negative ROI.
AI-0052,Healthcare,Document Intelligence,-47.51,77.46,74.6,High,Review,Negative ROI | High Governance Risk | High Data Drift | High Downtime,Financial review required due to negative ROI.
AI-0053,Healthcare,Customer Support,-11.88,68.27,13.29,Low,Review,Negative ROI,Financial review required due to negative ROI.
AI-0054,Banking,Predictive Maintenance,-59.18,67.28,52.56,Medium,Review,Negative ROI | High Data Drift,Financial review required due to negative ROI.
AI-0055,Healthcare,Recommendation,-60.35,72.94,43.14,Medium,Review,Negative ROI | High Downtime,Financial review required due to negative ROI.
AI-0056,Telecom,Customer Support,-66.41,59.84,39.07,Medium,Review,Negative ROI | Low AI Performance | High Data Drift,Financial review required due to negative ROI.
AI-0057,Healthcare,Customer Support,-68.97,73.67,39.49,Medium,Review,Negative ROI,Financial review required due to negative ROI.
AI-0058,Manufacturing,Fraud Detection,-81.04,73.84,47.31,Medium,Review,Negative ROI,Financial review required due to negative ROI.
AI-0059,Manufacturing,Document Intelligence,-61.08,64.2,28.68,Low,Review,Negative ROI | High Data Drift | Low User Adoption,Financial review required due to negative ROI.
AI-0060,Manufacturing,Demand Forecasting,-22.05,57.82,44.34,Medium,Review,Negative ROI | Low AI Performance | High Downtime | Low User Adoption,Financial review required due to negative ROI.
AI-0061,Manufacturing,Demand Forecasting,-80.65,74.94,49.07,Medium,Review,Negative ROI | High Downtime,Financial review required due to negative ROI.
AI-0062,Telecom,Recommendation,-55.22,66.05,42.59,Medium,Review,Negative ROI,Financial review required due to negative ROI.
AI-0063,Retail,Demand Forecasting,-10.19,67.02,22.82,Low,Review,Negative ROI | Low User Adoption,Financial review required due to negative ROI.
AI-0064,Logistics,Predictive Maintenance,-95.33,70.13,63.81,Medium,Review,Negative ROI | High Downtime,Financial review required due to negative ROI.
AI-0065,Banking,Demand Forecasting,-7.54,62.82,33.78,Low,Review,Negative ROI | High Data Drift,Financial review required due to negative ROI.
AI-0066,Manufacturing,Recommendation,-85.13,76.04,41.46,Medium,Review,Negative ROI,Financial review required due to negative ROI.
AI-0067,Healthcare,Demand Forecasting,-77.62,75.05,44.99,Medium,Review,Negative ROI,Financial review required due to negative ROI.
AI-0068,Manufacturing,Predictive Maintenance,-12.09,84.45,42.92,Medium,Review,Negative ROI,Financial review required due to negative ROI.
AI-0069,Healthcare,Fraud Detection,-81.91,80.18,60.44,Medium,Review,Negative ROI,Financial review required due to negative ROI.
AI-0070,Logistics,Recommendation,120.34,72.86,50.54,Medium,Monitor,High Data Drift,Data monitoring and model retraining should be considered.
AI-0071,Logistics,Fraud Detection,-57.98,68.23,43.9,Medium,Review,Negative ROI | High Data Drift,Financial review required due to negative ROI.
AI-0072,Logistics,Fraud Detection,-75.98,68.41,16.39,Low,Review,Negative ROI,Financial review required due to negative ROI.
AI-0073,Healthcare,Fraud Detection,-46.25,50.03,34.96,Low,Review,Negative ROI | Low AI Performance | High Data Drift | Low User Adoption,Financial review required due to negative ROI.
AI-0074,Manufacturing,Customer Support,-55.92,73.91,16.68,Low,Monitor,Negative ROI | Low User Adoption,Financial review required due to negative ROI.
AI-0075,Logistics,Document Intelligence,-84.83,73.65,37.45,Medium,Review,Negative ROI,Financial review required due to negative ROI.
AI-0076,Telecom,Customer Support,-65.42,64.44,22.61,Low,Review,Negative ROI,Financial review required due to negative ROI.
AI-0077,Healthcare,Document Intelligence,-89.09,93.96,19.2,Low,Monitor,Negative ROI,Financial review required due to negative ROI.
AI-0078,Healthcare,Fraud Detection,-82.85,89.62,23.52,Low,Monitor,Negative ROI,Financial review required due to negative ROI.
AI-0079,Manufacturing,Recommendation,-39.66,86.64,14.25,Low,Monitor,Negative ROI,Financial review required due to negative ROI.
AI-0080,Healthcare,Document Intelligence,-42.15,64.8,38.61,Medium,Review,Negative ROI | High Data Drift | High Downtime,Financial review required due to negative ROI.
AI-0081,Healthcare,Predictive Maintenance,-74.2,72.51,62.73,Medium,Review,Negative ROI | High Downtime,Financial review required due to negative ROI.
AI-0082,Logistics,Predictive Maintenance,144.27,53.11,49.06,Medium,Monitor,Low AI Performance | High Data Drift,Model performance optimization is recommended.
AI-0083,Manufacturing,Demand Forecasting,-28.53,66.47,38.31,Medium,Review,Negative ROI | Low User Adoption,Financial review required due to negative ROI.
AI-0084,Logistics,Document Intelligence,-73.45,64.02,47.32,Medium,Review,Negative ROI | High Data Drift,Financial review required due to negative ROI.
AI-0085,Logistics,Recommendation,38.28,48.61,33.89,Low,Review,Low AI Performance | High Data Drift,Model performance optimization is recommended.
AI-0086,Manufacturing,Customer Support,706.79,89.42,51.08,Medium,Strategic,Healthy,AI project is performing within acceptable business and governance limits.
AI-0087,Banking,Fraud Detection,-57.96,63.33,17.74,Low,Review,Negative ROI | High Data Drift,Financial review required due to negative ROI.
AI-0088,Logistics,Demand Forecasting,-64.21,70.25,36.07,Medium,Review,Negative ROI,Financial review required due to negative ROI.
AI-0089,Telecom,Predictive Maintenance,-18.57,50.44,37.15,Medium,Review,Negative ROI | Low AI Performance | High Data Drift,Financial review required due to negative ROI.
AI-0090,Telecom,Customer Support,-78.22,78.06,23.2,Low,Monitor,Negative ROI,Financial review required due to negative ROI.
AI-0091,Healthcare,Customer Support,-57.71,55.1,51.79,Medium,Review,Negative ROI | Low AI Performance | Low User Adoption,Financial review required due to negative ROI.
AI-0092,Telecom,Fraud Detection,-80.88,79.39,42.84,Medium,Review,Negative ROI | High Data Drift | High Downtime,Financial review required due to negative ROI.
AI-0093,Healthcare,Document Intelligence,-13.27,68.14,40.32,Medium,Review,Negative ROI | Low User Adoption,Financial review required due to negative ROI.
AI-0094,Banking,Predictive Maintenance,-21.95,78.01,44.42,Medium,Review,Negative ROI | High Downtime,Financial review required due to negative ROI.
AI-0095,Manufacturing,Recommendation,-93.4,59.23,33.36,Low,Review,Negative ROI | Low AI Performance | High Data Drift | High Downtime | Low User Adoption,Financial review required due to negative ROI.
AI-0096,Manufacturing,Customer Support,-57.4,64.92,41.9,Medium,Review,Negative ROI,Financial review required due to negative ROI.
AI-0097,Manufacturing,Fraud Detection,-80.39,70.32,20.39,Low,Review,Negative ROI | Low User Adoption,Financial review required due to negative ROI.
AI-0098,Telecom,Recommendation,-39.11,79.19,32.94,Low,Review,Negative ROI | Low User Adoption,Financial review required due to negative ROI.
AI-0099,Banking,Document Intelligence,-82.37,67.7,28.29,Low,Review,Negative ROI | High Downtime,Financial review required due to negative ROI.
AI-0100,Telecom,Predictive Maintenance,-87.78,55.04,57.76,Medium,Review,Negative ROI | Low AI Performance | High Data Drift | High Downtime,Financial review required due to negative ROI.
AI-0101,Telecom,Document Intelligence,167.75,67.24,45.48,Medium,Monitor,Low User Adoption,Project requires management monitoring.
AI-0102,Banking,Customer Support,-91.08,67.01,42.14,Medium,Review,Negative ROI | High Downtime,Financial review required due to negative ROI.
AI-0103,Banking,Recommendation,-53.02,70.38,49.24,Medium,Review,Negative ROI | High Data Drift,Financial review required due to negative ROI.
AI-0104,Banking,Recommendation,-81.55,66.83,47.53,Medium,Review,Negative ROI | High Data Drift,Financial review required due to negative ROI.
AI-0105,Banking,Recommendation,-81.29,59.05,58.41,Medium,Review,Negative ROI | Low AI Performance | High Downtime | Low User Adoption,Financial review required due to negative ROI.
AI-0106,Manufacturing,Customer Support,-82.28,70.36,54.3,Medium,Review,Negative ROI | High Downtime,Financial review required due to negative ROI.
AI-0107,Retail,Customer Support,-60.62,54.82,31.04,Low,Review,Negative ROI | Low AI Performance | High Data Drift | Low User Adoption,Financial review required due to negative ROI.
AI-0108,Retail,Document Intelligence,11.74,66.3,54.49,Medium,Review,High Data Drift | High Downtime,Data monitoring and model retraining should be considered.
AI-0109,Banking,Demand Forecasting,-96.64,68.21,33.87,Low,Review,Negative ROI | High Downtime | Low User Adoption,Financial review required due to negative ROI.
AI-0110,Retail,Document Intelligence,-78.2,72.82,26.41,Low,Review,Negative ROI | High Downtime,Financial review required due to negative ROI.
AI-0111,Retail,Predictive Maintenance,4.61,70.14,70.37,High,Review,High Governance Risk | High Downtime | Low User Adoption,Governance review required before further scaling.
AI-0112,Banking,Fraud Detection,-76.79,85.99,48.99,Medium,Review,Negative ROI | High Downtime,Financial review required due to negative ROI.
AI-0113,Retail,Recommendation,62.52,81.64,25.87,Low,Monitor,Healthy,AI project is performing within acceptable business and governance limits.
AI-0114,Telecom,Demand Forecasting,-37.87,55.01,41.68,Medium,Review,Negative ROI | Low AI Performance | High Data Drift | High Downtime | Low User Adoption,Financial review required due to negative ROI.
AI-0115,Healthcare,Fraud Detection,-69.48,82.67,32.87,Low,Review,Negative ROI | Low User Adoption,Financial review required due to negative ROI.
AI-0116,Healthcare,Demand Forecasting,-92.97,73.33,31.02,Low,Review,Negative ROI | High Data Drift | High Downtime,Financial review required due to negative ROI.
AI-0117,Banking,Document Intelligence,-61.97,73.54,18.17,Low,Monitor,Negative ROI,Financial review required due to negative ROI.
AI-0118,Manufacturing,Customer Support,-52.26,73.9,25.24,Low,Review,Negative ROI | High Data Drift | High Downtime,Financial review required due to negative ROI.
AI-0119,Banking,Recommendation,-36.15,70.78,41.4,Medium,Review,Negative ROI | High Data Drift,Financial review required due to negative ROI.
AI-0120,Manufacturing,Document Intelligence,-53.2,93.7,29.46,Low,Monitor,Negative ROI,Financial review required due to negative ROI.
AI-0121,Healthcare,Fraud Detection,10.82,67.56,14.65,Low,Monitor,Healthy,AI project is performing within acceptable business and governance limits.
AI-0122,Banking,Fraud Detection,-62.37,56.64,58.31,Medium,Review,Negative ROI | Low AI Performance | High Downtime | Low User Adoption,Financial review required due to negative ROI.
AI-0123,Logistics,Fraud Detection,-8.07,68.26,42.17,Medium,Review,Negative ROI | High Data Drift | High Downtime,Financial review required due to negative ROI.
AI-0124,Telecom,Fraud Detection,-45.13,67.64,46.67,Medium,Review,Negative ROI | High Data Drift | Low User Adoption,Financial review required due to negative ROI.
AI-0125,Retail,Fraud Detection,120.2,63.47,72.87,High,Monitor,High Governance Risk | High Downtime,Governance review required before further scaling.
AI-0126,Manufacturing,Demand Forecasting,-92.42,71.39,56.22,Medium,Review,Negative ROI | High Downtime,Financial review required due to negative ROI.
AI-0127,Logistics,Document Intelligence,-68.84,78.48,57.73,Medium,Review,Negative ROI,Financial review required due to negative ROI.
AI-0128,Retail,Recommendation,-26.88,77.51,50.11,Medium,Review,Negative ROI | High Data Drift,Financial review required due to negative ROI.
AI-0129,Retail,Customer Support,-78.66,69.38,47.69,Medium,Review,Negative ROI | High Downtime,Financial review required due to negative ROI.
AI-0130,Banking,Customer Support,-94.56,69.62,47.92,Medium,Review,Negative ROI,Financial review required due to negative ROI.
AI-0131,Retail,Document Intelligence,21.38,49.21,63.96,Medium,Review,Low AI Performance | High Downtime | Low User Adoption,Model performance optimization is recommended.
AI-0132,Telecom,Document Intelligence,36.73,80.56,37.74,Medium,Monitor,High Downtime,Project requires management monitoring.
AI-0133,Logistics,Customer Support,157.38,62.45,39.3,Medium,Monitor,High Data Drift | High Downtime,Data monitoring and model retraining should be considered.
AI-0134,Retail,Customer Support,-14.34,89.12,60.18,Medium,Review,Negative ROI | High Downtime,Financial review required due to negative ROI.
AI-0135,Banking,Demand Forecasting,-14.44,54.39,45.74,Medium,Review,Negative ROI | Low AI Performance | Low User Adoption,Financial review required due to negative ROI.
AI-0136,Telecom,Predictive Maintenance,-37.62,75.28,19.95,Low,Monitor,Negative ROI | Low User Adoption,Financial review required due to negative ROI.
AI-0137,Healthcare,Recommendation,-70.63,59.69,30.02,Low,Review,Negative ROI | Low AI Performance | Low User Adoption,Financial review required due to negative ROI.
AI-0138,Logistics,Fraud Detection,-88.47,56.89,42.05,Medium,Review,Negative ROI | Low AI Performance | Low User Adoption,Financial review required due to negative ROI.
AI-0139,Retail,Predictive Maintenance,-84.25,69.04,48.12,Medium,Review,Negative ROI | High Data Drift,Financial review required due to negative ROI.
AI-0140,Banking,Document Intelligence,-14.88,63.58,53.71,Medium,Review,Negative ROI | High Data Drift | High Downtime,Financial review required due to negative ROI.
AI-0141,Healthcare,Customer Support,-46.62,75.54,57.32,Medium,Review,Negative ROI | High Downtime,Financial review required due to negative ROI.
AI-0142,Healthcare,Predictive Maintenance,-53.5,79.54,33.08,Low,Review,Negative ROI,Financial review required due to negative ROI.
AI-0143,Manufacturing,Recommendation,96.28,63.17,45.7,Medium,Monitor,High Data Drift,Data monitoring and model retraining should be considered.
AI-0144,Telecom,Document Intelligence,-94.94,74.59,37.94,Medium,Review,Negative ROI | Low User Adoption,Financial review required due to negative ROI.
AI-0145,Retail,Fraud Detection,-44.73,82.82,36.37,Medium,Review,Negative ROI,Financial review required due to negative ROI.
AI-0146,Banking,Fraud Detection,-70.19,62.32,37.47,Medium,Review,Negative ROI | High Data Drift,Financial review required due to negative ROI.
AI-0147,Manufacturing,Recommendation,-38.63,68.48,41.68,Medium,Review,Negative ROI | High Data Drift | High Downtime | Low User Adoption,Financial review required due to negative ROI.
AI-0148,Telecom,Recommendation,198.33,65.39,29.15,Low,Strategic,High Data Drift,Data monitoring and model retraining should be considered.
AI-0149,Manufacturing,Customer Support,-78.62,56.81,69.76,High,Review,Negative ROI | High Governance Risk | Low AI Performance | High Data Drift | High Downtime,Financial review required due to negative ROI.
AI-0150,Logistics,Fraud Detection,-36.12,67.2,18.95,Low,Review,Negative ROI | High Data Drift | Low User Adoption,Financial review required due to negative ROI.
AI-0151,Telecom,Document Intelligence,3.92,58.7,34.54,Low,Review,Low AI Performance | High Downtime | Low User Adoption,Model performance optimization is recommended.
AI-0152,Telecom,Predictive Maintenance,-92.93,83.48,43.4,Medium,Review,Negative ROI | High Downtime,Financial review required due to negative ROI.
AI-0153,Retail,Document Intelligence,-89.06,64.75,66.74,High,Review,Negative ROI | High Governance Risk | High Downtime | Low User Adoption,Financial review required due to negative ROI.
AI-0154,Telecom,Demand Forecasting,126.97,73.56,34.25,Low,Monitor,High Downtime,Project requires management monitoring.
AI-0155,Manufacturing,Demand Forecasting,-7.17,56.08,39.91,Medium,Review,Negative ROI | Low AI Performance | High Downtime | Low User Adoption,Financial review required due to negative ROI.
AI-0156,Telecom,Recommendation,-51.59,83.92,28.01,Low,Monitor,Negative ROI | High Downtime,Financial review required due to negative ROI.
AI-0157,Retail,Customer Support,-76.8,73.81,52.97,Medium,Review,Negative ROI | High Downtime,Financial review required due to negative ROI.
AI-0158,Retail,Demand Forecasting,-87.15,70.79,20.09,Low,Review,Negative ROI,Financial review required due to negative ROI.
AI-0159,Logistics,Fraud Detection,-87.36,88.92,24.34,Low,Monitor,Negative ROI,Financial review required due to negative ROI.
AI-0160,Manufacturing,Document Intelligence,-83.82,70.78,27.64,Low,Review,Negative ROI,Financial review required due to negative ROI.
AI-0161,Healthcare,Document Intelligence,102.91,71.48,59.83,Medium,Monitor,Healthy,AI project is performing within acceptable business and governance limits.
AI-0162,Healthcare,Recommendation,-63.62,73.29,37.59,Medium,Review,Negative ROI | High Data Drift,Financial review required due to negative ROI.
AI-0163,Telecom,Predictive Maintenance,-30.93,74.29,29.77,Low,Review,Negative ROI | High Downtime | Low User Adoption,Financial review required due to negative ROI.
AI-0164,Logistics,Recommendation,-78.85,53.29,52.32,Medium,Review,Negative ROI | Low AI Performance | High Downtime | Low User Adoption,Financial review required due to negative ROI.
AI-0165,Banking,Predictive Maintenance,-81.74,82.08,59.87,Medium,Review,Negative ROI | High Data Drift,Financial review required due to negative ROI.
AI-0166,Telecom,Recommendation,4.31,74.07,44.02,Medium,Review,Healthy,AI project is performing within acceptable business and governance limits.
AI-0167,Logistics,Recommendation,-50.15,75.54,68.76,High,Review,Negative ROI | High Governance Risk | High Downtime,Financial review required due to negative ROI.
AI-0168,Manufacturing,Recommendation,-87.47,72.94,48.8,Medium,Review,Negative ROI,Financial review required due to negative ROI.
AI-0169,Manufacturing,Predictive Maintenance,-66.13,70.49,24.11,Low,Review,Negative ROI | High Downtime,Financial review required due to negative ROI.
AI-0170,Manufacturing,Predictive Maintenance,-46.51,62.3,43.61,Medium,Review,Negative ROI | High Data Drift,Financial review required due to negative ROI.
AI-0171,Manufacturing,Recommendation,37.43,83.83,31.06,Low,Monitor,High Downtime,Project requires management monitoring.
AI-0172,Manufacturing,Demand Forecasting,-90.41,68.91,37.41,Medium,Review,Negative ROI | Low User Adoption,Financial review required due to negative ROI.
AI-0173,Logistics,Customer Support,-49.32,83.55,35.14,Medium,Review,Negative ROI | High Downtime,Financial review required due to negative ROI.
AI-0174,Logistics,Customer Support,-25.29,86.45,33.76,Low,Monitor,Negative ROI,Financial review required due to negative ROI.
AI-0175,Retail,Customer Support,69.34,72.82,51.17,Medium,Monitor,Healthy,AI project is performing within acceptable business and governance limits.
AI-0176,Healthcare,Predictive Maintenance,-65.15,73.47,17.6,Low,Monitor,Negative ROI,Financial review required due to negative ROI.
AI-0177,Manufacturing,Predictive Maintenance,-66.95,73.89,55.79,Medium,Review,Negative ROI,Financial review required due to negative ROI.
AI-0178,Banking,Demand Forecasting,-38.67,83.75,26.85,Low,Monitor,Negative ROI | High Downtime,Financial review required due to negative ROI.
AI-0179,Logistics,Customer Support,184.51,65.14,26.06,Low,Strategic,High Downtime | Low User Adoption,Project requires management monitoring.
AI-0180,Banking,Customer Support,-70.77,70.62,56.26,Medium,Review,Negative ROI | Low User Adoption,Financial review required due to negative ROI.
AI-0181,Banking,Recommendation,-52.42,72.54,39.58,Medium,Review,Negative ROI,Financial review required due to negative ROI.
AI-0182,Banking,Predictive Maintenance,-76.43,66.91,55.45,Medium,Review,Negative ROI | High Data Drift,Financial review required due to negative ROI.
AI-0183,Retail,Customer Support,-79.45,66.28,33.79,Low,Review,Negative ROI | High Downtime | Low User Adoption,Financial review required due to negative ROI.
AI-0184,Logistics,Document Intelligence,-40.55,69.43,47.73,Medium,Review,Negative ROI | High Downtime,Financial review required due to negative ROI.
AI-0185,Banking,Demand Forecasting,-74.13,65.31,41.64,Medium,Review,Negative ROI | Low User Adoption,Financial review required due to negative ROI.
AI-0186,Manufacturing,Document Intelligence,-71.33,73.54,50.75,Medium,Review,Negative ROI | High Downtime,Financial review required due to negative ROI.
AI-0187,Telecom,Document Intelligence,-60.55,60.05,44.56,Medium,Review,Negative ROI | High Data Drift,Financial review required due to negative ROI.
AI-0188,Banking,Demand Forecasting,-46.73,84.61,69.58,High,Review,Negative ROI | High Governance Risk | High Downtime,Financial review required due to negative ROI.
AI-0189,Retail,Document Intelligence,-28.54,49.52,60.96,Medium,Review,Negative ROI | Low AI Performance | High Data Drift | High Downtime | Low User Adoption,Financial review required due to negative ROI.
AI-0190,Logistics,Customer Support,-48.27,66.73,62.87,Medium,Review,Negative ROI | High Downtime,Financial review required due to negative ROI.
AI-0191,Retail,Predictive Maintenance,-32.57,65.5,58.34,Medium,Review,Negative ROI | High Data Drift | High Downtime,Financial review required due to negative ROI.
AI-0192,Banking,Demand Forecasting,114.37,86.51,40.7,Medium,Monitor,Healthy,AI project is performing within acceptable business and governance limits.
AI-0193,Logistics,Recommendation,-74.48,59.5,32.55,Low,Review,Negative ROI | Low AI Performance | High Data Drift | High Downtime,Financial review required due to negative ROI.
AI-0194,Telecom,Document Intelligence,-30.61,66.34,31.34,Low,Review,Negative ROI,Financial review required due to negative ROI.
AI-0195,Banking,Demand Forecasting,-56.34,74.79,48.08,Medium,Review,Negative ROI,Financial review required due to negative ROI.
AI-0196,Retail,Fraud Detection,-52.91,65.26,22.49,Low,Review,Negative ROI | Low User Adoption,Financial review required due to negative ROI.
AI-0197,Healthcare,Fraud Detection,-4.39,58.97,30.02,Low,Review,Negative ROI | Low AI Performance | High Downtime,Financial review required due to negative ROI.
AI-0198,Manufacturing,Predictive Maintenance,-91.51,63.76,27.39,Low,Review,Negative ROI | High Data Drift,Financial review required due to negative ROI.
AI-0199,Retail,Customer Support,-80.87,70.15,23.28,Low,Review,Negative ROI,Financial review required due to negative ROI.
AI-0200,Logistics,Predictive Maintenance,-72.33,60.29,54.87,Medium,Review,Negative ROI | Low User Adoption,Financial review required due to negative ROI.
AI-0201,Banking,Predictive Maintenance,-55.31,67.14,45.26,Medium,Review,Negative ROI | Low User Adoption,Financial review required due to negative ROI.
AI-0202,Manufacturing,Predictive Maintenance,-91.84,69.78,31.81,Low,Review,Negative ROI,Financial review required due to negative ROI.
AI-0203,Banking,Predictive Maintenance,-39.73,67.46,28.12,Low,Review,Negative ROI | High Downtime,Financial review required due to negative ROI.
AI-0204,Logistics,Recommendation,-93.32,70.78,58.94,Medium,Review,Negative ROI | High Data Drift | High Downtime,Financial review required due to negative ROI.
AI-0205,Banking,Recommendation,-49.09,79.35,37.75,Medium,Review,Negative ROI,Financial review required due to negative ROI.
AI-0206,Healthcare,Demand Forecasting,218.4,57.46,73.75,High,Monitor,High Governance Risk | Low AI Performance | High Data Drift | High Downtime,Governance review required before further scaling.
AI-0207,Manufacturing,Fraud Detection,43.72,68.09,48.39,Medium,Review,High Downtime | Low User Adoption,Project requires management monitoring.
AI-0208,Manufacturing,Predictive Maintenance,-49.11,82.85,26.74,Low,Monitor,Negative ROI,Financial review required due to negative ROI.
AI-0209,Logistics,Demand Forecasting,-80.74,66.16,48.76,Medium,Review,Negative ROI | High Data Drift | High Downtime,Financial review required due to negative ROI.
AI-0210,Healthcare,Fraud Detection,-3.78,74.51,73.88,High,Review,Negative ROI | High Governance Risk | High Downtime,Financial review required due to negative ROI.
AI-0211,Retail,Document Intelligence,-83.59,70.46,45.64,Medium,Review,Negative ROI,Financial review required due to negative ROI.
AI-0212,Banking,Customer Support,-74.44,65.96,41.79,Medium,Review,Negative ROI,Financial review required due to negative ROI.
AI-0213,Telecom,Recommendation,-97.62,78.11,36.38,Medium,Review,Negative ROI | High Downtime,Financial review required due to negative ROI.
AI-0214,Banking,Document Intelligence,56.48,70.42,52.57,Medium,Review,Low User Adoption,Project requires management monitoring.
AI-0215,Banking,Fraud Detection,-58.37,74.25,44.48,Medium,Review,Negative ROI | High Data Drift,Financial review required due to negative ROI.
AI-0216,Retail,Document Intelligence,-34.68,78.16,29.78,Low,Review,Negative ROI,Financial review required due to negative ROI.
AI-0217,Banking,Customer Support,-42.07,70.46,37.78,Medium,Review,Negative ROI,Financial review required due to negative ROI.
AI-0218,Healthcare,Fraud Detection,-75.79,61.74,42.04,Medium,Review,Negative ROI | High Data Drift | High Downtime | Low User Adoption,Financial review required due to negative ROI.
AI-0219,Healthcare,Document Intelligence,-28.45,50.66,33.65,Low,Review,Negative ROI | Low AI Performance | High Data Drift | Low User Adoption,Financial review required due to negative ROI.
AI-0220,Manufacturing,Recommendation,-82.2,70.76,11.63,Low,Monitor,Negative ROI,Financial review required due to negative ROI.
AI-0221,Logistics,Recommendation,35.72,56.6,34.27,Low,Review,Low AI Performance | High Downtime,Model performance optimization is recommended.
AI-0222,Telecom,Demand Forecasting,-92.41,54.49,43.66,Medium,Review,Negative ROI | Low AI Performance,Financial review required due to negative ROI.
AI-0223,Banking,Document Intelligence,-46.24,61.09,14.32,Low,Review,Negative ROI | High Data Drift,Financial review required due to negative ROI.
AI-0224,Banking,Predictive Maintenance,-56.42,65.88,34.78,Low,Review,Negative ROI | High Data Drift | Low User Adoption,Financial review required due to negative ROI.
AI-0225,Retail,Document Intelligence,-36.31,80.8,61.71,Medium,Review,Negative ROI | High Downtime,Financial review required due to negative ROI.
AI-0226,Logistics,Fraud Detection,-79.4,70.98,31.38,Low,Review,Negative ROI,Financial review required due to negative ROI.
AI-0227,Healthcare,Fraud Detection,-69.82,84.71,47.3,Medium,Review,Negative ROI,Financial review required due to negative ROI.
AI-0228,Telecom,Document Intelligence,102.06,61.24,33.98,Low,Monitor,High Data Drift,Data monitoring and model retraining should be considered.
AI-0229,Manufacturing,Customer Support,-74.7,71.53,43.17,Medium,Review,Negative ROI,Financial review required due to negative ROI.
AI-0230,Healthcare,Recommendation,-78.97,64.63,24.25,Low,Review,Negative ROI,Financial review required due to negative ROI.
AI-0231,Logistics,Fraud Detection,-50.91,57.97,54.37,Medium,Review,Negative ROI | Low AI Performance | High Data Drift | Low User Adoption,Financial review required due to negative ROI.
AI-0232,Manufacturing,Recommendation,-63.13,82.91,26.73,Low,Monitor,Negative ROI | High Downtime,Financial review required due to negative ROI.
AI-0233,Retail,Fraud Detection,20.88,72.79,38.4,Medium,Review,Healthy,AI project is performing within acceptable business and governance limits.
AI-0234,Retail,Demand Forecasting,67.41,75.57,37.34,Medium,Monitor,High Downtime | Low User Adoption,Project requires management monitoring.
AI-0235,Banking,Predictive Maintenance,16.84,76.42,39.13,Medium,Review,Healthy,AI project is performing within acceptable business and governance limits.
AI-0236,Logistics,Fraud Detection,-64.02,68.58,48.71,Medium,Review,Negative ROI | High Downtime,Financial review required due to negative ROI.
AI-0237,Telecom,Recommendation,-86.54,65.96,36.73,Medium,Review,Negative ROI | Low User Adoption,Financial review required due to negative ROI.
AI-0238,Manufacturing,Demand Forecasting,-90.04,56.9,31.39,Low,Review,Negative ROI | Low AI Performance | High Data Drift | High Downtime | Low User Adoption,Financial review required due to negative ROI.
AI-0239,Healthcare,Fraud Detection,1.4,71.04,44.04,Medium,Review,High Data Drift | Low User Adoption,Data monitoring and model retraining should be considered.
AI-0240,Logistics,Customer Support,116.57,82.82,58.79,Medium,Monitor,Healthy,AI project is performing within acceptable business and governance limits.
AI-0241,Logistics,Predictive Maintenance,18.51,54.01,47.63,Medium,Review,Low AI Performance | Low User Adoption,Model performance optimization is recommended.
AI-0242,Retail,Fraud Detection,-78.76,64.13,28.33,Low,Review,Negative ROI | High Downtime,Financial review required due to negative ROI.
AI-0243,Banking,Demand Forecasting,278.88,64.71,36.02,Medium,Strategic,High Data Drift,Data monitoring and model retraining should be considered.
AI-0244,Banking,Customer Support,-36.66,60.3,64.22,Medium,Review,Negative ROI | High Data Drift,Financial review required due to negative ROI.
AI-0245,Manufacturing,Document Intelligence,94.51,70.36,46.29,Medium,Monitor,High Downtime | Low User Adoption,Project requires management monitoring.
AI-0246,Retail,Demand Forecasting,-91.96,73.06,40.99,Medium,Review,Negative ROI | Low User Adoption,Financial review required due to negative ROI.
AI-0247,Logistics,Demand Forecasting,-40.27,76.65,59.96,Medium,Review,Negative ROI | High Downtime,Financial review required due to negative ROI.
AI-0248,Telecom,Customer Support,-47.26,57.67,56.8,Medium,Review,Negative ROI | Low AI Performance | High Downtime | Low User Adoption,Financial review required due to negative ROI.
AI-0249,Retail,Demand Forecasting,-68.55,70.68,45.56,Medium,Review,Negative ROI | High Downtime | Low User Adoption,Financial review required due to negative ROI.
AI-0250,Manufacturing,Customer Support,-84.1,66.67,39.38,Medium,Review,Negative ROI | High Data Drift,Financial review required due to negative ROI.
AI-0251,Manufacturing,Fraud Detection,-79.07,64.16,32.58,Low,Review,Negative ROI | High Data Drift | Low User Adoption,Financial review required due to negative ROI.
AI-0252,Retail,Customer Support,-18.51,78.08,42.08,Medium,Review,Negative ROI,Financial review required due to negative ROI.
AI-0253,Manufacturing,Customer Support,-71.37,73.43,40.58,Medium,Review,Negative ROI | High Data Drift | High Downtime,Financial review required due to negative ROI.
AI-0254,Retail,Predictive Maintenance,-43.93,62.69,34.99,Low,Review,Negative ROI | High Data Drift,Financial review required due to negative ROI.
AI-0255,Healthcare,Customer Support,219.17,77.07,29.63,Low,Strategic,Healthy,AI project is performing within acceptable business and governance limits.
AI-0256,Retail,Customer Support,-85.09,68.79,35.14,Medium,Review,Negative ROI | High Downtime | Low User Adoption,Financial review required due to negative ROI.
AI-0257,Retail,Document Intelligence,7.14,62.46,40.84,Medium,Review,High Data Drift,Data monitoring and model retraining should be considered.
AI-0258,Manufacturing,Fraud Detection,-59.38,78.49,52.0,Medium,Review,Negative ROI | High Downtime,Financial review required due to negative ROI.
AI-0259,Manufacturing,Predictive Maintenance,-90.84,69.96,54.89,Medium,Review,Negative ROI | High Data Drift | High Downtime,Financial review required due to negative ROI.
AI-0260,Banking,Document Intelligence,-67.95,65.15,48.54,Medium,Review,Negative ROI | High Data Drift | High Downtime | Low User Adoption,Financial review required due to negative ROI.
AI-0261,Banking,Recommendation,5.24,73.27,67.14,High,Review,High Governance Risk | High Downtime,Governance review required before further scaling.
AI-0262,Healthcare,Fraud Detection,18.56,63.91,18.0,Low,Monitor,High Data Drift | Low User Adoption,Data monitoring and model retraining should be considered.
AI-0263,Banking,Fraud Detection,-75.52,71.9,47.14,Medium,Review,Negative ROI | High Data Drift,Financial review required due to negative ROI.
AI-0264,Retail,Recommendation,-32.8,75.54,65.26,High,Review,Negative ROI | High Governance Risk | High Data Drift | High Downtime,Financial review required due to negative ROI.
AI-0265,Manufacturing,Customer Support,-82.01,60.53,30.45,Low,Review,Negative ROI | Low User Adoption,Financial review required due to negative ROI.
AI-0266,Banking,Document Intelligence,-73.88,62.99,29.71,Low,Review,Negative ROI,Financial review required due to negative ROI.
AI-0267,Banking,Demand Forecasting,299.41,76.15,65.24,High,Monitor,High Governance Risk | High Downtime,Governance review required before further scaling.
AI-0268,Healthcare,Predictive Maintenance,-86.19,60.34,23.36,Low,Review,Negative ROI | High Data Drift,Financial review required due to negative ROI.
AI-0269,Logistics,Demand Forecasting,-39.89,81.72,47.2,Medium,Review,Negative ROI | High Downtime,Financial review required due to negative ROI.
AI-0270,Healthcare,Recommendation,-80.94,78.21,42.51,Medium,Review,Negative ROI | High Downtime,Financial review required due to negative ROI.
AI-0271,Retail,Fraud Detection,-94.66,70.5,34.05,Low,Review,Negative ROI | High Downtime,Financial review required due to negative ROI.
AI-0272,Manufacturing,Fraud Detection,101.23,71.56,62.59,Medium,Monitor,High Data Drift | High Downtime | Low User Adoption,Data monitoring and model retraining should be considered.
AI-0273,Healthcare,Predictive Maintenance,-72.69,60.92,71.28,High,Review,Negative ROI | High Governance Risk | High Data Drift | High Downtime,Financial review required due to negative ROI.
AI-0274,Banking,Fraud Detection,-95.06,55.87,64.19,Medium,Review,Negative ROI | Low AI Performance | High Data Drift | High Downtime | Low User Adoption,Financial review required due to negative ROI.
AI-0275,Manufacturing,Fraud Detection,-41.08,74.81,28.28,Low,Review,Negative ROI,Financial review required due to negative ROI.
AI-0276,Manufacturing,Predictive Maintenance,43.95,54.42,19.14,Low,Monitor,Low AI Performance | High Data Drift,Model performance optimization is recommended.
AI-0277,Banking,Document Intelligence,-74.29,63.11,56.06,Medium,Review,Negative ROI | High Data Drift | High Downtime,Financial review required due to negative ROI.
AI-0278,Healthcare,Document Intelligence,8.0,68.85,28.08,Low,Review,High Downtime,Project requires management monitoring.
AI-0279,Banking,Predictive Maintenance,-57.66,76.19,47.26,Medium,Review,Negative ROI,Financial review required due to negative ROI.
AI-0280,Logistics,Recommendation,-65.16,85.38,26.06,Low,Monitor,Negative ROI,Financial review required due to negative ROI.
AI-0281,Manufacturing,Fraud Detection,-23.97,64.7,54.23,Medium,Review,Negative ROI | High Data Drift,Financial review required due to negative ROI.
AI-0282,Telecom,Fraud Detection,263.41,78.63,31.0,Low,Strategic,Healthy,AI project is performing within acceptable business and governance limits.
AI-0283,Telecom,Recommendation,67.56,70.25,46.2,Medium,Monitor,High Downtime,Project requires management monitoring.
AI-0284,Retail,Document Intelligence,-53.58,59.28,39.11,Medium,Review,Negative ROI | Low AI Performance | High Data Drift | High Downtime,Financial review required due to negative ROI.
AI-0285,Banking,Customer Support,-63.36,68.59,21.5,Low,Review,Negative ROI | Low User Adoption,Financial review required due to negative ROI.
AI-0286,Banking,Customer Support,79.5,65.06,42.82,Medium,Monitor,High Downtime,Project requires management monitoring.
AI-0287,Retail,Customer Support,-60.31,66.97,37.31,Medium,Review,Negative ROI,Financial review required due to negative ROI.
AI-0288,Retail,Document Intelligence,-92.39,77.07,53.5,Medium,Review,Negative ROI | High Downtime,Financial review required due to negative ROI.
AI-0289,Retail,Document Intelligence,-73.7,73.47,49.68,Medium,Review,Negative ROI | High Data Drift,Financial review required due to negative ROI.
AI-0290,Manufacturing,Recommendation,-61.23,69.59,65.44,High,Review,Negative ROI | High Governance Risk | High Downtime,Financial review required due to negative ROI.
AI-0291,Logistics,Fraud Detection,146.32,78.07,27.65,Low,Monitor,Healthy,AI project is performing within acceptable business and governance limits.
AI-0292,Banking,Recommendation,-90.24,73.07,12.53,Low,Monitor,Negative ROI,Financial review required due to negative ROI.
AI-0293,Manufacturing,Recommendation,106.93,64.2,30.46,Low,Monitor,Low User Adoption,Project requires management monitoring.
AI-0294,Retail,Document Intelligence,-22.09,62.74,41.5,Medium,Review,Negative ROI,Financial review required due to negative ROI.
AI-0295,Banking,Customer Support,-59.08,67.08,40.28,Medium,Review,Negative ROI | High Data Drift,Financial review required due to negative ROI.
AI-0296,Manufacturing,Demand Forecasting,-44.32,59.5,44.61,Medium,Review,Negative ROI | Low AI Performance | High Data Drift | Low User Adoption,Financial review required due to negative ROI.
AI-0297,Logistics,Fraud Detection,-28.7,73.1,44.43,Medium,Review,Negative ROI | High Data Drift,Financial review required due to negative ROI.
AI-0298,Manufacturing,Document Intelligence,-75.13,69.3,71.85,High,Review,Negative ROI | High Governance Risk | High Data Drift | High Downtime,Financial review required due to negative ROI.
AI-0299,Logistics,Customer Support,-49.64,82.08,65.32,High,Review,Negative ROI | High Governance Risk | High Downtime,Financial review required due to negative ROI.
AI-0300,Retail,Demand Forecasting,28.14,71.83,28.77,Low,Monitor,High Downtime,Project requires management monitoring.
AI-0301,Logistics,Demand Forecasting,-68.91,64.32,52.09,Medium,Review,Negative ROI | High Data Drift | High Downtime,Financial review required due to negative ROI.
AI-0302,Banking,Document Intelligence,39.65,81.48,33.64,Low,Monitor,Healthy,AI project is performing within acceptable business and governance limits.
AI-0303,Retail,Predictive Maintenance,-59.54,85.77,15.85,Low,Monitor,Negative ROI,Financial review required due to negative ROI.
AI-0304,Banking,Fraud Detection,-90.6,69.18,36.99,Medium,Review,Negative ROI,Financial review required due to negative ROI.
AI-0305,Telecom,Demand Forecasting,-82.99,74.42,53.85,Medium,Review,Negative ROI | High Downtime,Financial review required due to negative ROI.
AI-0306,Healthcare,Document Intelligence,-72.35,79.33,36.41,Medium,Review,Negative ROI | High Downtime,Financial review required due to negative ROI.
AI-0307,Logistics,Document Intelligence,-51.27,57.58,37.21,Medium,Review,Negative ROI | Low AI Performance | High Data Drift,Financial review required due to negative ROI.
AI-0308,Healthcare,Customer Support,-41.71,55.99,45.12,Medium,Review,Negative ROI | Low AI Performance,Financial review required due to negative ROI.
AI-0309,Healthcare,Predictive Maintenance,-56.34,70.33,11.92,Low,Monitor,Negative ROI,Financial review required due to negative ROI.
AI-0310,Logistics,Fraud Detection,-86.73,63.28,50.25,Medium,Review,Negative ROI | High Data Drift | High Downtime,Financial review required due to negative ROI.
AI-0311,Retail,Recommendation,-28.78,66.95,36.54,Medium,Review,Negative ROI | High Data Drift,Financial review required due to negative ROI.
AI-0312,Telecom,Customer Support,-48.45,77.92,39.54,Medium,Review,Negative ROI,Financial review required due to negative ROI.
AI-0313,Banking,Demand Forecasting,37.85,71.94,22.97,Low,Monitor,Healthy,AI project is performing within acceptable business and governance limits.
AI-0314,Manufacturing,Demand Forecasting,-59.42,63.76,64.83,Medium,Review,Negative ROI | High Data Drift | High Downtime,Financial review required due to negative ROI.
AI-0315,Banking,Customer Support,-56.7,77.75,45.33,Medium,Review,Negative ROI | High Data Drift | High Downtime,Financial review required due to negative ROI.
AI-0316,Manufacturing,Document Intelligence,-52.4,62.38,15.59,Low,Review,Negative ROI | High Data Drift,Financial review required due to negative ROI.
AI-0317,Banking,Demand Forecasting,-88.12,66.19,50.02,Medium,Review,Negative ROI | High Data Drift | High Downtime,Financial review required due to negative ROI.
AI-0318,Logistics,Predictive Maintenance,-96.36,69.52,38.85,Medium,Review,Negative ROI | High Data Drift,Financial review required due to negative ROI.
AI-0319,Telecom,Fraud Detection,-49.65,75.39,42.16,Medium,Review,Negative ROI | High Downtime | Low User Adoption,Financial review required due to negative ROI.
AI-0320,Manufacturing,Predictive Maintenance,-83.82,73.83,52.81,Medium,Review,Negative ROI | High Data Drift | High Downtime,Financial review required due to negative ROI.
AI-0321,Retail,Demand Forecasting,-85.29,58.93,30.96,Low,Review,Negative ROI | Low AI Performance,Financial review required due to negative ROI.
AI-0322,Banking,Recommendation,-40.25,70.32,16.34,Low,Review,Negative ROI | High Data Drift,Financial review required due to negative ROI.
AI-0323,Banking,Fraud Detection,195.63,58.81,26.58,Low,Strategic,Low AI Performance | High Downtime,Model performance optimization is recommended.
AI-0324,Manufacturing,Fraud Detection,-91.68,85.7,37.41,Medium,Review,Negative ROI,Financial review required due to negative ROI.
AI-0325,Retail,Customer Support,-53.69,66.63,51.07,Medium,Review,Negative ROI | High Downtime,Financial review required due to negative ROI.
AI-0326,Retail,Customer Support,-63.53,85.11,37.4,Medium,Review,Negative ROI | High Downtime,Financial review required due to negative ROI.
AI-0327,Logistics,Recommendation,-95.88,58.3,60.38,Medium,Review,Negative ROI | Low AI Performance | High Downtime | Low User Adoption,Financial review required due to negative ROI.
AI-0328,Logistics,Document Intelligence,-88.19,70.66,30.37,Low,Review,Negative ROI,Financial review required due to negative ROI.
AI-0329,Logistics,Fraud Detection,-61.58,66.71,46.65,Medium,Review,Negative ROI,Financial review required due to negative ROI.
AI-0330,Logistics,Recommendation,-43.86,70.78,37.54,Medium,Review,Negative ROI | High Data Drift | High Downtime,Financial review required due to negative ROI.
AI-0331,Logistics,Customer Support,-40.74,69.38,4.7,Low,Monitor,Negative ROI | Low User Adoption,Financial review required due to negative ROI.
AI-0332,Logistics,Customer Support,37.39,71.56,66.09,High,Review,High Governance Risk | High Downtime | Low User Adoption,Governance review required before further scaling.
AI-0333,Telecom,Fraud Detection,-52.27,71.71,45.96,Medium,Review,Negative ROI | High Data Drift | High Downtime,Financial review required due to negative ROI.
AI-0334,Retail,Predictive Maintenance,31.97,60.8,52.13,Medium,Review,High Data Drift | Low User Adoption,Data monitoring and model retraining should be considered.
AI-0335,Logistics,Demand Forecasting,-47.87,51.72,36.14,Medium,Review,Negative ROI | Low AI Performance | High Downtime | Low User Adoption,Financial review required due to negative ROI.
AI-0336,Retail,Customer Support,-94.9,60.41,41.99,Medium,Review,Negative ROI | High Data Drift | Low User Adoption,Financial review required due to negative ROI.
AI-0337,Retail,Document Intelligence,-67.34,74.1,50.04,Medium,Review,Negative ROI,Financial review required due to negative ROI.
AI-0338,Healthcare,Document Intelligence,-73.24,86.38,26.42,Low,Monitor,Negative ROI | High Downtime,Financial review required due to negative ROI.
AI-0339,Telecom,Customer Support,7.0,68.62,65.94,High,Review,High Governance Risk | High Downtime | Low User Adoption,Governance review required before further scaling.
AI-0340,Logistics,Predictive Maintenance,-11.89,68.57,38.81,Medium,Review,Negative ROI | Low User Adoption,Financial review required due to negative ROI.
AI-0341,Banking,Predictive Maintenance,-22.5,71.6,59.24,Medium,Review,Negative ROI | High Data Drift | High Downtime,Financial review required due to negative ROI.
AI-0342,Manufacturing,Recommendation,-10.36,83.9,38.49,Medium,Review,Negative ROI,Financial review required due to negative ROI.
AI-0343,Banking,Document Intelligence,-33.23,63.49,53.72,Medium,Review,Negative ROI | High Data Drift | Low User Adoption,Financial review required due to negative ROI.
AI-0344,Telecom,Recommendation,-64.52,52.86,15.56,Low,Review,Negative ROI | Low AI Performance | High Data Drift,Financial review required due to negative ROI.
AI-0345,Manufacturing,Document Intelligence,25.47,74.9,36.93,Medium,Review,High Downtime,Project requires management monitoring.
AI-0346,Telecom,Demand Forecasting,-38.06,72.22,49.32,Medium,Review,Negative ROI,Financial review required due to negative ROI.
AI-0347,Retail,Demand Forecasting,-5.35,83.05,48.74,Medium,Review,Negative ROI,Financial review required due to negative ROI.
AI-0348,Manufacturing,Fraud Detection,-48.14,64.16,19.04,Low,Review,Negative ROI,Financial review required due to negative ROI.
AI-0349,Retail,Recommendation,35.93,80.76,41.87,Medium,Monitor,High Downtime,Project requires management monitoring.
AI-0350,Banking,Customer Support,-55.38,64.19,44.61,Medium,Review,Negative ROI | High Data Drift,Financial review required due to negative ROI.
AI-0351,Banking,Recommendation,-61.43,64.9,33.64,Low,Review,Negative ROI | High Data Drift,Financial review required due to negative ROI.
AI-0352,Manufacturing,Customer Support,-35.26,75.05,19.61,Low,Monitor,Negative ROI,Financial review required due to negative ROI.
AI-0353,Manufacturing,Predictive Maintenance,-79.74,62.21,48.07,Medium,Review,Negative ROI,Financial review required due to negative ROI.
AI-0354,Logistics,Recommendation,-54.87,67.29,34.11,Low,Review,Negative ROI | High Data Drift | High Downtime,Financial review required due to negative ROI.
AI-0355,Telecom,Predictive Maintenance,-88.5,83.38,52.47,Medium,Review,Negative ROI,Financial review required due to negative ROI.
AI-0356,Logistics,Demand Forecasting,66.61,58.46,62.67,Medium,Review,Low AI Performance | High Data Drift | High Downtime | Low User Adoption,Model performance optimization is recommended.
AI-0357,Telecom,Demand Forecasting,-70.04,64.26,27.37,Low,Review,Negative ROI,Financial review required due to negative ROI.
AI-0358,Logistics,Fraud Detection,-60.71,65.14,38.0,Medium,Review,Negative ROI | High Downtime | Low User Adoption,Financial review required due to negative ROI.
AI-0359,Retail,Recommendation,-65.81,64.19,34.85,Low,Review,Negative ROI | High Data Drift,Financial review required due to negative ROI.
AI-0360,Manufacturing,Predictive Maintenance,-79.5,58.87,29.3,Low,Review,Negative ROI | Low AI Performance | Low User Adoption,Financial review required due to negative ROI.
AI-0361,Banking,Customer Support,-89.13,64.68,52.14,Medium,Review,Negative ROI | High Data Drift,Financial review required due to negative ROI.
AI-0362,Telecom,Demand Forecasting,-69.55,58.12,45.61,Medium,Review,Negative ROI | Low AI Performance | High Data Drift | High Downtime | Low User Adoption,Financial review required due to negative ROI.
AI-0363,Telecom,Demand Forecasting,72.67,72.89,51.38,Medium,Monitor,High Downtime,Project requires management monitoring.
AI-0364,Banking,Customer Support,67.41,83.61,23.84,Low,Monitor,Healthy,AI project is performing within acceptable business and governance limits.
AI-0365,Logistics,Predictive Maintenance,-86.06,64.03,40.36,Medium,Review,Negative ROI | High Data Drift | High Downtime,Financial review required due to negative ROI.
AI-0366,Telecom,Predictive Maintenance,-77.75,63.47,11.78,Low,Review,Negative ROI | High Data Drift,Financial review required due to negative ROI.
AI-0367,Retail,Recommendation,-49.57,72.58,1.52,Low,Monitor,Negative ROI,Financial review required due to negative ROI.
AI-0368,Manufacturing,Recommendation,17.57,58.91,31.73,Low,Review,Low AI Performance | High Data Drift,Model performance optimization is recommended.
AI-0369,Banking,Document Intelligence,-80.23,73.05,39.75,Medium,Review,Negative ROI | High Downtime,Financial review required due to negative ROI.
AI-0370,Manufacturing,Document Intelligence,56.57,77.94,60.54,Medium,Review,High Downtime,Project requires management monitoring.
AI-0371,Telecom,Fraud Detection,-58.04,70.07,52.33,Medium,Review,Negative ROI | High Data Drift,Financial review required due to negative ROI.
AI-0372,Telecom,Demand Forecasting,-58.24,71.21,13.95,Low,Monitor,Negative ROI,Financial review required due to negative ROI.
AI-0373,Banking,Recommendation,-51.52,65.75,31.53,Low,Review,Negative ROI | High Data Drift,Financial review required due to negative ROI.
AI-0374,Retail,Predictive Maintenance,-85.0,61.31,12.48,Low,Review,Negative ROI | Low User Adoption,Financial review required due to negative ROI.
AI-0375,Healthcare,Customer Support,-58.0,65.67,23.08,Low,Review,Negative ROI,Financial review required due to negative ROI.
AI-0376,Banking,Predictive Maintenance,-73.08,81.2,32.59,Low,Review,Negative ROI,Financial review required due to negative ROI.
AI-0377,Healthcare,Demand Forecasting,348.65,75.0,35.61,Medium,Strategic,Healthy,AI project is performing within acceptable business and governance limits.
AI-0378,Logistics,Document Intelligence,-13.01,74.55,22.94,Low,Review,Negative ROI | High Data Drift,Financial review required due to negative ROI.
AI-0379,Healthcare,Predictive Maintenance,-40.52,69.45,22.11,Low,Review,Negative ROI,Financial review required due to negative ROI.
AI-0380,Retail,Fraud Detection,-76.98,75.94,6.65,Low,Monitor,Negative ROI,Financial review required due to negative ROI.
AI-0381,Logistics,Demand Forecasting,-54.5,55.75,14.78,Low,Review,Negative ROI | Low AI Performance | Low User Adoption,Financial review required due to negative ROI.
AI-0382,Healthcare,Document Intelligence,-20.64,65.2,49.74,Medium,Review,Negative ROI | High Downtime | Low User Adoption,Financial review required due to negative ROI.
AI-0383,Logistics,Customer Support,-50.38,52.39,21.88,Low,Review,Negative ROI | Low AI Performance | High Data Drift | Low User Adoption,Financial review required due to negative ROI.
AI-0384,Healthcare,Document Intelligence,-55.5,86.16,40.14,Medium,Review,Negative ROI,Financial review required due to negative ROI.
AI-0385,Retail,Fraud Detection,-33.21,72.32,33.12,Low,Review,Negative ROI,Financial review required due to negative ROI.
AI-0386,Healthcare,Demand Forecasting,-68.06,81.19,54.72,Medium,Review,Negative ROI,Financial review required due to negative ROI.
AI-0387,Healthcare,Customer Support,-78.73,71.0,49.06,Medium,Review,Negative ROI,Financial review required due to negative ROI.
AI-0388,Healthcare,Fraud Detection,-97.33,86.34,37.26,Medium,Review,Negative ROI,Financial review required due to negative ROI.
AI-0389,Banking,Document Intelligence,-52.86,78.29,19.57,Low,Monitor,Negative ROI,Financial review required due to negative ROI.
AI-0390,Banking,Fraud Detection,-45.53,78.94,53.17,Medium,Review,Negative ROI | High Downtime,Financial review required due to negative ROI.
AI-0391,Banking,Demand Forecasting,126.41,60.99,43.38,Medium,Monitor,High Data Drift,Data monitoring and model retraining should be considered.
AI-0392,Retail,Recommendation,18.34,60.03,18.86,Low,Review,High Data Drift,Data monitoring and model retraining should be considered.
AI-0393,Logistics,Fraud Detection,-85.97,62.8,47.32,Medium,Review,Negative ROI | High Downtime | Low User Adoption,Financial review required due to negative ROI.
AI-0394,Telecom,Fraud Detection,59.18,76.01,50.96,Medium,Monitor,Healthy,AI project is performing within acceptable business and governance limits.
AI-0395,Healthcare,Document Intelligence,-70.65,64.1,43.63,Medium,Review,Negative ROI | High Downtime,Financial review required due to negative ROI.
AI-0396,Healthcare,Document Intelligence,-95.83,62.84,6.13,Low,Monitor,Negative ROI | Low User Adoption,Financial review required due to negative ROI.
AI-0397,Retail,Customer Support,-77.74,72.36,25.59,Low,Review,Negative ROI | High Downtime,Financial review required due to negative ROI.
AI-0398,Healthcare,Document Intelligence,-64.19,74.63,31.7,Low,Review,Negative ROI,Financial review required due to negative ROI.
AI-0399,Banking,Predictive Maintenance,-95.02,77.99,17.58,Low,Monitor,Negative ROI,Financial review required due to negative ROI.
AI-0400,Telecom,Demand Forecasting,-46.85,58.53,53.7,Medium,Review,Negative ROI | Low AI Performance | High Downtime | Low User Adoption,Financial review required due to negative ROI.
AI-0401,Manufacturing,Demand Forecasting,-51.78,70.39,46.49,Medium,Review,Negative ROI,Financial review required due to negative ROI.
AI-0402,Healthcare,Recommendation,-79.95,85.84,21.08,Low,Monitor,Negative ROI,Financial review required due to negative ROI.
AI-0403,Banking,Recommendation,-28.6,78.0,59.1,Medium,Review,Negative ROI | High Downtime | Low User Adoption,Financial review required due to negative ROI.
AI-0404,Manufacturing,Demand Forecasting,66.51,65.2,35.95,Medium,Monitor,Healthy,AI project is performing within acceptable business and governance limits.
AI-0405,Telecom,Recommendation,-61.72,58.23,14.37,Low,Review,Negative ROI | Low AI Performance,Financial review required due to negative ROI.
AI-0406,Manufacturing,Customer Support,-57.83,64.11,55.82,Medium,Review,Negative ROI | High Downtime | Low User Adoption,Financial review required due to negative ROI.
AI-0407,Banking,Document Intelligence,-55.5,60.92,40.14,Medium,Review,Negative ROI | Low User Adoption,Financial review required due to negative ROI.
AI-0408,Logistics,Demand Forecasting,-20.97,67.59,52.72,Medium,Review,Negative ROI | High Downtime | Low User Adoption,Financial review required due to negative ROI.
AI-0409,Logistics,Recommendation,-48.19,84.82,66.22,High,Review,Negative ROI | High Governance Risk | High Downtime,Financial review required due to negative ROI.
AI-0410,Manufacturing,Demand Forecasting,-66.79,70.09,44.25,Medium,Review,Negative ROI | Low User Adoption,Financial review required due to negative ROI.
AI-0411,Retail,Predictive Maintenance,-68.64,80.34,50.87,Medium,Review,Negative ROI,Financial review required due to negative ROI.
AI-0412,Manufacturing,Fraud Detection,36.98,71.84,24.9,Low,Monitor,Healthy,AI project is performing within acceptable business and governance limits.
AI-0413,Healthcare,Document Intelligence,-61.44,67.54,40.19,Medium,Review,Negative ROI | High Data Drift,Financial review required due to negative ROI.
AI-0414,Healthcare,Demand Forecasting,-32.19,90.92,70.07,High,Review,Negative ROI | High Governance Risk | High Downtime,Financial review required due to negative ROI.
AI-0415,Logistics,Fraud Detection,-63.38,75.36,37.04,Medium,Review,Negative ROI,Financial review required due to negative ROI.
AI-0416,Retail,Recommendation,-85.3,67.34,24.26,Low,Review,Negative ROI | High Data Drift,Financial review required due to negative ROI.
AI-0417,Banking,Fraud Detection,-85.77,61.62,46.18,Medium,Review,Negative ROI | High Downtime | Low User Adoption,Financial review required due to negative ROI.
AI-0418,Healthcare,Document Intelligence,-90.19,68.79,50.66,Medium,Review,Negative ROI | High Downtime,Financial review required due to negative ROI.
AI-0419,Logistics,Demand Forecasting,-71.97,55.85,28.52,Low,Review,Negative ROI | Low AI Performance | High Data Drift,Financial review required due to negative ROI.
AI-0420,Telecom,Predictive Maintenance,-76.36,57.08,64.82,Medium,Review,Negative ROI | Low AI Performance | High Data Drift,Financial review required due to negative ROI.
AI-0421,Logistics,Recommendation,-85.43,66.86,28.72,Low,Review,Negative ROI | High Downtime | Low User Adoption,Financial review required due to negative ROI.
AI-0422,Healthcare,Demand Forecasting,-88.57,81.49,36.45,Medium,Review,Negative ROI | High Downtime,Financial review required due to negative ROI.
AI-0423,Healthcare,Document Intelligence,-76.16,77.56,58.19,Medium,Review,Negative ROI,Financial review required due to negative ROI.
AI-0424,Logistics,Recommendation,-81.08,86.7,35.6,Medium,Review,Negative ROI,Financial review required due to negative ROI.
AI-0425,Banking,Customer Support,-34.38,71.98,8.36,Low,Monitor,Negative ROI,Financial review required due to negative ROI.
AI-0426,Manufacturing,Fraud Detection,-76.84,66.31,29.83,Low,Review,Negative ROI | Low User Adoption,Financial review required due to negative ROI.
AI-0427,Healthcare,Document Intelligence,-4.45,72.58,45.57,Medium,Review,Negative ROI,Financial review required due to negative ROI.
AI-0428,Logistics,Customer Support,-86.29,55.32,34.78,Low,Review,Negative ROI | Low AI Performance | High Data Drift | High Downtime | Low User Adoption,Financial review required due to negative ROI.
AI-0429,Logistics,Demand Forecasting,-76.22,57.41,74.03,High,Review,Negative ROI | High Governance Risk | Low AI Performance | High Data Drift | High Downtime | Low User Adoption,Financial review required due to negative ROI.
AI-0430,Retail,Predictive Maintenance,-17.69,75.94,51.21,Medium,Review,Negative ROI | High Downtime,Financial review required due to negative ROI.
AI-0431,Manufacturing,Recommendation,-80.96,56.14,44.01,Medium,Review,Negative ROI | Low AI Performance | Low User Adoption,Financial review required due to negative ROI.
AI-0432,Telecom,Fraud Detection,-48.02,61.23,47.36,Medium,Review,Negative ROI | High Downtime | Low User Adoption,Financial review required due to negative ROI.
AI-0433,Banking,Recommendation,17.33,65.31,56.4,Medium,Review,High Data Drift | High Downtime | Low User Adoption,Data monitoring and model retraining should be considered.
AI-0434,Telecom,Demand Forecasting,24.83,73.59,30.51,Low,Monitor,Healthy,AI project is performing within acceptable business and governance limits.
AI-0435,Manufacturing,Recommendation,-54.81,74.83,21.41,Low,Review,Negative ROI,Financial review required due to negative ROI.
AI-0436,Manufacturing,Fraud Detection,-30.98,78.67,36.21,Medium,Review,Negative ROI,Financial review required due to negative ROI.
AI-0437,Manufacturing,Demand Forecasting,-66.41,56.52,60.92,Medium,Review,Negative ROI | Low AI Performance | High Downtime,Financial review required due to negative ROI.
AI-0438,Telecom,Recommendation,-83.82,65.61,12.57,Low,Review,Negative ROI | Low User Adoption,Financial review required due to negative ROI.
AI-0439,Manufacturing,Predictive Maintenance,22.94,63.54,57.34,Medium,Review,High Data Drift | High Downtime,Data monitoring and model retraining should be considered.
AI-0440,Logistics,Document Intelligence,64.71,64.44,48.18,Medium,Review,High Data Drift,Data monitoring and model retraining should be considered.
AI-0441,Telecom,Demand Forecasting,21.14,68.95,28.5,Low,Review,High Downtime,Project requires management monitoring.
AI-0442,Manufacturing,Document Intelligence,-69.51,63.18,20.55,Low,Review,Negative ROI | Low User Adoption,Financial review required due to negative ROI.
AI-0443,Logistics,Demand Forecasting,405.89,65.55,33.69,Low,Strategic,High Downtime | Low User Adoption,Project requires management monitoring.
AI-0444,Retail,Predictive Maintenance,-89.44,75.18,45.46,Medium,Review,Negative ROI | High Data Drift,Financial review required due to negative ROI.
AI-0445,Manufacturing,Document Intelligence,-63.67,58.03,37.96,Medium,Review,Negative ROI | Low AI Performance | High Data Drift | High Downtime,Financial review required due to negative ROI.
AI-0446,Telecom,Customer Support,-75.41,71.45,43.81,Medium,Review,Negative ROI | High Data Drift,Financial review required due to negative ROI.
AI-0447,Healthcare,Fraud Detection,-48.88,69.21,39.87,Medium,Review,Negative ROI | High Data Drift,Financial review required due to negative ROI.
AI-0448,Manufacturing,Customer Support,223.42,68.1,44.48,Medium,Strategic,Low User Adoption,Project requires management monitoring.
AI-0449,Healthcare,Recommendation,-62.54,74.38,19.92,Low,Monitor,Negative ROI,Financial review required due to negative ROI.
AI-0450,Logistics,Predictive Maintenance,-36.09,73.56,30.55,Low,Review,Negative ROI,Financial review required due to negative ROI.
AI-0451,Retail,Customer Support,216.57,49.8,53.21,Medium,Monitor,Low AI Performance | High Data Drift | Low User Adoption,Model performance optimization is recommended.
AI-0452,Banking,Demand Forecasting,-83.23,54.11,65.25,High,Review,Negative ROI | High Governance Risk | Low AI Performance | High Downtime | Low User Adoption,Financial review required due to negative ROI.
AI-0453,Retail,Recommendation,29.84,64.9,51.35,Medium,Review,Low User Adoption,Project requires management monitoring.
AI-0454,Manufacturing,Recommendation,-87.99,48.33,49.61,Medium,Review,Negative ROI | Low AI Performance | High Data Drift | High Downtime | Low User Adoption,Financial review required due to negative ROI.
AI-0455,Healthcare,Customer Support,-71.82,73.75,28.94,Low,Review,Negative ROI,Financial review required due to negative ROI.
AI-0456,Healthcare,Customer Support,-96.23,66.95,25.29,Low,Review,Negative ROI,Financial review required due to negative ROI.
AI-0457,Telecom,Predictive Maintenance,-27.82,75.18,35.61,Medium,Review,Negative ROI | High Data Drift | High Downtime,Financial review required due to negative ROI.
AI-0458,Healthcare,Fraud Detection,-56.54,76.22,22.03,Low,Monitor,Negative ROI,Financial review required due to negative ROI.
AI-0459,Telecom,Customer Support,-33.34,69.22,55.06,Medium,Review,Negative ROI | High Downtime,Financial review required due to negative ROI.
AI-0460,Logistics,Customer Support,-46.63,66.84,23.71,Low,Review,Negative ROI | High Data Drift,Financial review required due to negative ROI.
AI-0461,Banking,Document Intelligence,-93.78,63.76,20.81,Low,Review,Negative ROI | Low User Adoption,Financial review required due to negative ROI.
AI-0462,Manufacturing,Demand Forecasting,-72.66,51.69,75.22,High,Review,Negative ROI | High Governance Risk | Low AI Performance | High Data Drift | High Downtime,Financial review required due to negative ROI.
AI-0463,Telecom,Document Intelligence,-69.56,71.19,28.57,Low,Review,Negative ROI | High Downtime,Financial review required due to negative ROI.
AI-0464,Banking,Document Intelligence,-83.82,72.21,11.9,Low,Monitor,Negative ROI | Low User Adoption,Financial review required due to negative ROI.
AI-0465,Healthcare,Recommendation,-79.73,76.22,17.79,Low,Monitor,Negative ROI | High Data Drift,Financial review required due to negative ROI.
AI-0466,Healthcare,Fraud Detection,-82.22,71.8,50.83,Medium,Review,Negative ROI | High Downtime,Financial review required due to negative ROI.
AI-0467,Banking,Demand Forecasting,190.11,73.34,41.53,Medium,Strategic,Healthy,AI project is performing within acceptable business and governance limits.
AI-0468,Healthcare,Predictive Maintenance,-80.7,54.45,40.24,Medium,Review,Negative ROI | Low AI Performance | High Data Drift | High Downtime | Low User Adoption,Financial review required due to negative ROI.
AI-0469,Logistics,Predictive Maintenance,30.54,85.47,33.87,Low,Monitor,Healthy,AI project is performing within acceptable business and governance limits.
AI-0470,Logistics,Customer Support,-53.36,62.64,47.33,Medium,Review,Negative ROI,Financial review required due to negative ROI.
AI-0471,Banking,Customer Support,-72.83,82.03,62.42,Medium,Review,Negative ROI | High Downtime | Low User Adoption,Financial review required due to negative ROI.
AI-0472,Telecom,Predictive Maintenance,-26.13,66.58,52.89,Medium,Review,Negative ROI | Low User Adoption,Financial review required due to negative ROI.
AI-0473,Telecom,Customer Support,-21.82,64.49,53.53,Medium,Review,Negative ROI,Financial review required due to negative ROI.
AI-0474,Banking,Fraud Detection,-54.94,53.7,51.16,Medium,Review,Negative ROI | Low AI Performance | High Downtime | Low User Adoption,Financial review required due to negative ROI.
AI-0475,Telecom,Document Intelligence,1.83,65.04,20.47,Low,Review,High Data Drift,Data monitoring and model retraining should be considered.
AI-0476,Telecom,Customer Support,-2.27,65.34,23.04,Low,Review,Negative ROI | High Data Drift,Financial review required due to negative ROI.
AI-0477,Logistics,Recommendation,-54.18,63.82,19.09,Low,Review,Negative ROI | Low User Adoption,Financial review required due to negative ROI.
AI-0478,Telecom,Customer Support,-83.86,81.36,42.53,Medium,Review,Negative ROI | Low User Adoption,Financial review required due to negative ROI.
AI-0479,Retail,Demand Forecasting,214.02,84.37,48.02,Medium,Strategic,Healthy,AI project is performing within acceptable business and governance limits.
AI-0480,Manufacturing,Fraud Detection,40.28,60.18,33.26,Low,Review,Healthy,AI project is performing within acceptable business and governance limits.
AI-0481,Healthcare,Demand Forecasting,-34.48,63.73,23.05,Low,Review,Negative ROI | Low User Adoption,Financial review required due to negative ROI.
AI-0482,Retail,Demand Forecasting,-81.69,82.68,46.23,Medium,Review,Negative ROI | High Data Drift,Financial review required due to negative ROI.
AI-0483,Telecom,Recommendation,1.28,61.59,65.53,High,Review,High Governance Risk | High Data Drift,Governance review required before further scaling.
AI-0484,Logistics,Fraud Detection,-90.35,57.87,30.87,Low,Review,Negative ROI | Low AI Performance,Financial review required due to negative ROI.
AI-0485,Banking,Fraud Detection,-72.53,73.14,54.95,Medium,Review,Negative ROI | Low User Adoption,Financial review required due to negative ROI.
AI-0486,Telecom,Fraud Detection,-66.65,75.68,64.18,Medium,Review,Negative ROI | High Downtime,Financial review required due to negative ROI.
AI-0487,Logistics,Fraud Detection,-93.27,61.22,56.03,Medium,Review,Negative ROI,Financial review required due to negative ROI.
AI-0488,Manufacturing,Fraud Detection,-53.75,59.49,58.02,Medium,Review,Negative ROI | Low AI Performance | High Downtime,Financial review required due to negative ROI.
AI-0489,Telecom,Recommendation,-19.88,61.57,56.43,Medium,Review,Negative ROI | High Data Drift,Financial review required due to negative ROI.
AI-0490,Banking,Customer Support,-1.66,60.66,35.14,Medium,Review,Negative ROI | High Downtime | Low User Adoption,Financial review required due to negative ROI.
AI-0491,Logistics,Demand Forecasting,390.23,68.11,32.71,Low,Strategic,High Data Drift | High Downtime,Data monitoring and model retraining should be considered.
AI-0492,Logistics,Fraud Detection,-13.51,61.81,32.41,Low,Review,Negative ROI,Financial review required due to negative ROI.
AI-0493,Logistics,Customer Support,9.22,86.18,17.64,Low,Monitor,Healthy,AI project is performing within acceptable business and governance limits.
AI-0494,Manufacturing,Customer Support,345.25,74.09,58.36,Medium,Monitor,Healthy,AI project is performing within acceptable business and governance limits.
AI-0495,Telecom,Demand Forecasting,-84.12,62.71,25.88,Low,Review,Negative ROI,Financial review required due to negative ROI.
AI-0496,Manufacturing,Recommendation,-32.22,61.18,41.82,Medium,Review,Negative ROI | Low User Adoption,Financial review required due to negative ROI.
AI-0497,Healthcare,Predictive Maintenance,-89.32,71.46,43.49,Medium,Review,Negative ROI | High Downtime,Financial review required due to negative ROI.
AI-0498,Healthcare,Predictive Maintenance,172.16,58.52,23.18,Low,Monitor,Low AI Performance | High Data Drift | Low User Adoption,Model performance optimization is recommended.
AI-0499,Telecom,Customer Support,-88.2,85.27,58.36,Medium,Review,Negative ROI,Financial review required due to negative ROI.
AI-0500,Manufacturing,Document Intelligence,-27.36,70.31,36.39,Medium,Review,Negative ROI,Financial review required due to negative ROI.
AI-0501,Banking,Document Intelligence,-93.88,50.9,30.74,Low,Review,Negative ROI | Low AI Performance | High Data Drift,Financial review required due to negative ROI.
AI-0502,Logistics,Demand Forecasting,149.25,56.92,34.74,Low,Monitor,Low AI Performance | High Data Drift | High Downtime,Model performance optimization is recommended.
AI-0503,Logistics,Predictive Maintenance,-68.63,77.25,57.54,Medium,Review,Negative ROI | High Data Drift | High Downtime,Financial review required due to negative ROI.
AI-0504,Telecom,Customer Support,-61.28,62.72,27.04,Low,Review,Negative ROI,Financial review required due to negative ROI.
AI-0505,Healthcare,Recommendation,105.28,63.32,44.84,Medium,Monitor,High Data Drift,Data monitoring and model retraining should be considered.
AI-0506,Healthcare,Predictive Maintenance,-63.28,76.27,33.89,Low,Review,Negative ROI,Financial review required due to negative ROI.
AI-0507,Logistics,Customer Support,-92.19,68.33,56.24,Medium,Review,Negative ROI | High Downtime,Financial review required due to negative ROI.
AI-0508,Telecom,Customer Support,-68.75,62.29,37.1,Medium,Review,Negative ROI | Low User Adoption,Financial review required due to negative ROI.
AI-0509,Manufacturing,Fraud Detection,-73.35,53.59,45.92,Medium,Review,Negative ROI | Low AI Performance | High Downtime | Low User Adoption,Financial review required due to negative ROI.
AI-0510,Healthcare,Recommendation,-82.36,64.33,38.45,Medium,Review,Negative ROI | High Downtime | Low User Adoption,Financial review required due to negative ROI.
AI-0511,Manufacturing,Fraud Detection,406.44,72.63,47.43,Medium,Strategic,Low User Adoption,Project requires management monitoring.
AI-0512,Healthcare,Demand Forecasting,133.85,65.34,38.74,Medium,Monitor,High Downtime,Project requires management monitoring.
AI-0513,Healthcare,Fraud Detection,-55.09,87.75,25.25,Low,Monitor,Negative ROI,Financial review required due to negative ROI.
AI-0514,Retail,Fraud Detection,-75.6,70.1,46.47,Medium,Review,Negative ROI | High Downtime,Financial review required due to negative ROI.
AI-0515,Healthcare,Predictive Maintenance,-45.59,51.99,49.39,Medium,Review,Negative ROI | Low AI Performance | High Data Drift | Low User Adoption,Financial review required due to negative ROI.
AI-0516,Banking,Document Intelligence,10.72,55.98,44.23,Medium,Review,Low AI Performance | High Data Drift,Model performance optimization is recommended.
AI-0517,Telecom,Customer Support,-82.13,73.78,25.36,Low,Review,Negative ROI,Financial review required due to negative ROI.
AI-0518,Telecom,Recommendation,-61.14,65.43,58.42,Medium,Review,Negative ROI | High Data Drift | High Downtime | Low User Adoption,Financial review required due to negative ROI.
AI-0519,Manufacturing,Fraud Detection,-95.35,60.52,45.86,Medium,Review,Negative ROI,Financial review required due to negative ROI.
AI-0520,Healthcare,Recommendation,-95.75,71.68,11.29,Low,Monitor,Negative ROI,Financial review required due to negative ROI.
AI-0521,Banking,Document Intelligence,-52.75,83.4,37.31,Medium,Review,Negative ROI,Financial review required due to negative ROI.
AI-0522,Manufacturing,Document Intelligence,-28.3,60.9,49.48,Medium,Review,Negative ROI | High Data Drift,Financial review required due to negative ROI.
AI-0523,Retail,Fraud Detection,-47.69,66.17,69.69,High,Review,Negative ROI | High Governance Risk | High Data Drift,Financial review required due to negative ROI.
AI-0524,Manufacturing,Demand Forecasting,-65.97,65.12,56.06,Medium,Review,Negative ROI | High Downtime | Low User Adoption,Financial review required due to negative ROI.
AI-0525,Manufacturing,Fraud Detection,-63.07,56.62,30.81,Low,Review,Negative ROI | Low AI Performance,Financial review required due to negative ROI.
AI-0526,Healthcare,Predictive Maintenance,-38.06,58.76,22.16,Low,Review,Negative ROI | Low AI Performance | Low User Adoption,Financial review required due to negative ROI.
AI-0527,Retail,Customer Support,-93.12,70.74,41.45,Medium,Review,Negative ROI,Financial review required due to negative ROI.
AI-0528,Manufacturing,Demand Forecasting,-76.31,71.12,57.79,Medium,Review,Negative ROI | High Data Drift,Financial review required due to negative ROI.
AI-0529,Banking,Fraud Detection,-59.68,76.5,27.3,Low,Review,Negative ROI | High Data Drift,Financial review required due to negative ROI.
AI-0530,Banking,Recommendation,-94.88,73.72,19.73,Low,Review,Negative ROI,Financial review required due to negative ROI.
AI-0531,Telecom,Demand Forecasting,-90.29,65.82,44.63,Medium,Review,Negative ROI | High Data Drift,Financial review required due to negative ROI.
AI-0532,Retail,Demand Forecasting,-40.14,66.8,27.36,Low,Review,Negative ROI | Low User Adoption,Financial review required due to negative ROI.
AI-0533,Retail,Fraud Detection,-97.9,56.74,47.24,Medium,Review,Negative ROI | Low AI Performance | High Data Drift | High Downtime,Financial review required due to negative ROI.
AI-0534,Telecom,Demand Forecasting,-67.44,66.66,17.74,Low,Review,Negative ROI,Financial review required due to negative ROI.
AI-0535,Manufacturing,Recommendation,-35.13,69.92,28.47,Low,Review,Negative ROI,Financial review required due to negative ROI.
AI-0536,Retail,Document Intelligence,-28.11,74.04,41.86,Medium,Review,Negative ROI | High Downtime,Financial review required due to negative ROI.
AI-0537,Banking,Demand Forecasting,355.06,67.76,55.68,Medium,Monitor,High Downtime | Low User Adoption,Project requires management monitoring.
AI-0538,Banking,Document Intelligence,-83.75,54.79,23.97,Low,Review,Negative ROI | Low AI Performance | Low User Adoption,Financial review required due to negative ROI.
AI-0539,Healthcare,Recommendation,-71.23,78.02,35.26,Medium,Review,Negative ROI,Financial review required due to negative ROI.
AI-0540,Retail,Fraud Detection,-20.6,61.31,39.98,Medium,Review,Negative ROI | High Downtime,Financial review required due to negative ROI.
AI-0541,Manufacturing,Customer Support,-64.25,49.28,28.55,Low,Review,Negative ROI | Low AI Performance | High Data Drift | Low User Adoption,Financial review required due to negative ROI.
AI-0542,Telecom,Demand Forecasting,-71.68,78.9,19.31,Low,Monitor,Negative ROI,Financial review required due to negative ROI.
AI-0543,Telecom,Customer Support,-22.69,77.07,32.33,Low,Review,Negative ROI,Financial review required due to negative ROI.
AI-0544,Manufacturing,Recommendation,418.08,60.2,41.88,Medium,Monitor,Low User Adoption,Project requires management monitoring.
AI-0545,Logistics,Demand Forecasting,-20.71,63.98,18.05,Low,Review,Negative ROI | High Data Drift,Financial review required due to negative ROI.
AI-0546,Healthcare,Document Intelligence,-0.5,93.78,19.63,Low,Monitor,Negative ROI | High Downtime,Financial review required due to negative ROI.
AI-0547,Telecom,Predictive Maintenance,403.92,65.0,13.95,Low,Strategic,High Data Drift,Data monitoring and model retraining should be considered.
AI-0548,Retail,Customer Support,0.79,68.65,43.27,Medium,Review,High Data Drift,Data monitoring and model retraining should be considered.
AI-0549,Healthcare,Demand Forecasting,-8.56,76.69,57.09,Medium,Review,Negative ROI,Financial review required due to negative ROI.
AI-0550,Retail,Customer Support,-65.3,59.68,16.54,Low,Review,Negative ROI | Low AI Performance,Financial review required due to negative ROI.
AI-0551,Banking,Demand Forecasting,-19.09,68.0,61.64,Medium,Review,Negative ROI | High Downtime | Low User Adoption,Financial review required due to negative ROI.
AI-0552,Healthcare,Fraud Detection,-64.18,67.99,16.98,Low,Review,Negative ROI | Low User Adoption,Financial review required due to negative ROI.
AI-0553,Telecom,Document Intelligence,-88.98,60.31,69.34,High,Review,Negative ROI | High Governance Risk | High Data Drift | High Downtime,Financial review required due to negative ROI.
AI-0554,Healthcare,Customer Support,-48.23,63.76,41.92,Medium,Review,Negative ROI | High Data Drift,Financial review required due to negative ROI.
AI-0555,Healthcare,Predictive Maintenance,87.59,63.74,43.94,Medium,Monitor,Low User Adoption,Project requires management monitoring.
AI-0556,Healthcare,Predictive Maintenance,53.61,57.6,48.97,Medium,Review,Low AI Performance | High Downtime,Model performance optimization is recommended.
AI-0557,Logistics,Recommendation,-76.32,49.85,34.83,Low,Review,Negative ROI | Low AI Performance | High Data Drift | Low User Adoption,Financial review required due to negative ROI.
AI-0558,Healthcare,Demand Forecasting,366.89,78.59,45.04,Medium,Strategic,Healthy,AI project is performing within acceptable business and governance limits.
AI-0559,Retail,Customer Support,-53.67,76.33,52.47,Medium,Review,Negative ROI | High Downtime,Financial review required due to negative ROI.
AI-0560,Banking,Recommendation,-85.5,77.67,35.77,Medium,Review,Negative ROI,Financial review required due to negative ROI.
AI-0561,Manufacturing,Customer Support,-42.51,78.53,29.71,Low,Review,Negative ROI | High Downtime,Financial review required due to negative ROI.
AI-0562,Healthcare,Demand Forecasting,-76.73,64.34,37.24,Medium,Review,Negative ROI | High Data Drift | High Downtime | Low User Adoption,Financial review required due to negative ROI.
AI-0563,Telecom,Predictive Maintenance,-43.57,66.47,50.24,Medium,Review,Negative ROI,Financial review required due to negative ROI.
AI-0564,Healthcare,Fraud Detection,25.37,80.69,38.57,Medium,Monitor,Healthy,AI project is performing within acceptable business and governance limits.
AI-0565,Telecom,Predictive Maintenance,-65.57,50.29,40.29,Medium,Review,Negative ROI | Low AI Performance | High Data Drift,Financial review required due to negative ROI.
AI-0566,Retail,Recommendation,-81.83,56.7,44.49,Medium,Review,Negative ROI | Low AI Performance | Low User Adoption,Financial review required due to negative ROI.
AI-0567,Telecom,Document Intelligence,-16.43,68.65,66.31,High,Review,Negative ROI | High Governance Risk | High Data Drift | High Downtime,Financial review required due to negative ROI.
AI-0568,Manufacturing,Fraud Detection,-57.3,58.13,51.38,Medium,Review,Negative ROI | Low AI Performance | High Downtime | Low User Adoption,Financial review required due to negative ROI.
AI-0569,Banking,Recommendation,-64.43,73.14,47.65,Medium,Review,Negative ROI,Financial review required due to negative ROI.
AI-0570,Telecom,Demand Forecasting,-62.15,64.03,43.91,Medium,Review,Negative ROI | High Data Drift,Financial review required due to negative ROI.
AI-0571,Telecom,Fraud Detection,-60.95,74.29,27.89,Low,Review,Negative ROI,Financial review required due to negative ROI.
AI-0572,Banking,Recommendation,-89.04,71.1,21.25,Low,Review,Negative ROI,Financial review required due to negative ROI.
AI-0573,Manufacturing,Demand Forecasting,-82.21,69.97,59.06,Medium,Review,Negative ROI | High Downtime | Low User Adoption,Financial review required due to negative ROI.
AI-0574,Healthcare,Predictive Maintenance,25.32,69.4,19.6,Low,Monitor,Low User Adoption,Project requires management monitoring.
AI-0575,Telecom,Document Intelligence,-90.23,75.56,64.98,Medium,Review,Negative ROI | High Downtime,Financial review required due to negative ROI.
AI-0576,Banking,Demand Forecasting,384.18,63.27,27.56,Low,Strategic,High Data Drift | High Downtime | Low User Adoption,Data monitoring and model retraining should be considered.
AI-0577,Retail,Customer Support,-34.95,67.21,29.33,Low,Review,Negative ROI | High Data Drift | High Downtime | Low User Adoption,Financial review required due to negative ROI.
AI-0578,Banking,Demand Forecasting,-37.48,64.66,60.92,Medium,Review,Negative ROI | High Data Drift,Financial review required due to negative ROI.
AI-0579,Retail,Demand Forecasting,-58.72,67.63,47.3,Medium,Review,Negative ROI | High Downtime | Low User Adoption,Financial review required due to negative ROI.
AI-0580,Manufacturing,Document Intelligence,29.45,74.93,35.78,Medium,Monitor,Healthy,AI project is performing within acceptable business and governance limits.
AI-0581,Healthcare,Customer Support,-67.95,64.89,53.43,Medium,Review,Negative ROI | High Downtime | Low User Adoption,Financial review required due to negative ROI.
AI-0582,Banking,Recommendation,-57.57,69.39,49.12,Medium,Review,Negative ROI | High Data Drift,Financial review required due to negative ROI.
AI-0583,Logistics,Recommendation,-29.11,72.69,38.95,Medium,Review,Negative ROI,Financial review required due to negative ROI.
AI-0584,Telecom,Demand Forecasting,-63.85,81.03,26.21,Low,Monitor,Negative ROI,Financial review required due to negative ROI.
AI-0585,Manufacturing,Customer Support,-62.08,66.18,45.66,Medium,Review,Negative ROI | High Data Drift | Low User Adoption,Financial review required due to negative ROI.
AI-0586,Banking,Customer Support,-83.08,68.53,53.74,Medium,Review,Negative ROI,Financial review required due to negative ROI.
AI-0587,Telecom,Document Intelligence,-90.77,73.14,34.8,Low,Review,Negative ROI | High Downtime,Financial review required due to negative ROI.
AI-0588,Banking,Predictive Maintenance,-29.85,64.8,47.9,Medium,Review,Negative ROI | High Data Drift,Financial review required due to negative ROI.
AI-0589,Retail,Recommendation,58.13,67.4,56.08,Medium,Review,High Data Drift,Data monitoring and model retraining should be considered.
AI-0590,Banking,Document Intelligence,-33.35,82.38,35.16,Medium,Review,Negative ROI,Financial review required due to negative ROI.
AI-0591,Logistics,Fraud Detection,-51.52,70.54,49.67,Medium,Review,Negative ROI | Low User Adoption,Financial review required due to negative ROI.
AI-0592,Banking,Recommendation,-93.98,61.73,28.6,Low,Review,Negative ROI | High Data Drift,Financial review required due to negative ROI.
AI-0593,Banking,Document Intelligence,-83.74,74.94,28.44,Low,Review,Negative ROI,Financial review required due to negative ROI.
AI-0594,Logistics,Recommendation,-36.32,72.8,38.59,Medium,Review,Negative ROI,Financial review required due to negative ROI.
AI-0595,Manufacturing,Predictive Maintenance,-59.17,66.1,42.06,Medium,Review,Negative ROI | Low User Adoption,Financial review required due to negative ROI.
AI-0596,Banking,Fraud Detection,-0.49,59.54,52.22,Medium,Review,Negative ROI | Low AI Performance | High Downtime,Financial review required due to negative ROI.
AI-0597,Logistics,Predictive Maintenance,-66.63,75.06,31.35,Low,Review,Negative ROI,Financial review required due to negative ROI.
AI-0598,Telecom,Fraud Detection,-64.0,69.41,35.25,Medium,Review,Negative ROI | High Downtime | Low User Adoption,Financial review required due to negative ROI.
AI-0599,Retail,Demand Forecasting,87.22,62.69,5.3,Low,Monitor,Low User Adoption,Project requires management monitoring.
AI-0600,Retail,Document Intelligence,172.61,67.67,36.0,Medium,Monitor,Low User Adoption,Project requires management monitoring.
AI-0601,Banking,Fraud Detection,-92.11,66.5,14.01,Low,Review,Negative ROI | High Data Drift,Financial review required due to negative ROI.
AI-0602,Manufacturing,Predictive Maintenance,-40.62,62.01,41.59,Medium,Review,Negative ROI | High Data Drift | Low User Adoption,Financial review required due to negative ROI.
AI-0603,Manufacturing,Recommendation,-59.39,62.71,49.8,Medium,Review,Negative ROI | High Data Drift | High Downtime,Financial review required due to negative ROI.
AI-0604,Telecom,Fraud Detection,-36.81,66.89,62.01,Medium,Review,Negative ROI | High Downtime,Financial review required due to negative ROI.
AI-0605,Banking,Document Intelligence,-82.13,80.88,15.33,Low,Monitor,Negative ROI,Financial review required due to negative ROI.
AI-0606,Retail,Fraud Detection,4.52,81.41,42.63,Medium,Review,Healthy,AI project is performing within acceptable business and governance limits.
AI-0607,Manufacturing,Customer Support,-56.0,56.43,48.75,Medium,Review,Negative ROI | Low AI Performance | High Data Drift | Low User Adoption,Financial review required due to negative ROI.
AI-0608,Banking,Recommendation,5.44,66.56,8.76,Low,Monitor,Healthy,AI project is performing within acceptable business and governance limits.
AI-0609,Manufacturing,Document Intelligence,-77.01,69.29,7.8,Low,Monitor,Negative ROI,Financial review required due to negative ROI.
AI-0610,Logistics,Document Intelligence,-64.34,63.38,42.0,Medium,Review,Negative ROI | High Data Drift | High Downtime | Low User Adoption,Financial review required due to negative ROI.
AI-0611,Manufacturing,Demand Forecasting,-74.0,58.66,66.61,High,Review,Negative ROI | High Governance Risk | Low AI Performance | High Downtime | Low User Adoption,Financial review required due to negative ROI.
AI-0612,Retail,Predictive Maintenance,-77.78,73.23,33.85,Low,Review,Negative ROI | High Downtime,Financial review required due to negative ROI.
AI-0613,Healthcare,Demand Forecasting,-96.33,64.63,60.72,Medium,Review,Negative ROI | High Data Drift | High Downtime,Financial review required due to negative ROI.
AI-0614,Telecom,Document Intelligence,-55.26,63.56,68.08,High,Review,Negative ROI | High Governance Risk | High Data Drift,Financial review required due to negative ROI.
AI-0615,Telecom,Recommendation,-73.1,58.97,47.91,Medium,Review,Negative ROI | Low AI Performance | Low User Adoption,Financial review required due to negative ROI.
AI-0616,Retail,Fraud Detection,-76.61,66.46,24.04,Low,Review,Negative ROI | High Data Drift,Financial review required due to negative ROI.
AI-0617,Manufacturing,Fraud Detection,-67.65,76.34,48.68,Medium,Review,Negative ROI | Low User Adoption,Financial review required due to negative ROI.
AI-0618,Banking,Recommendation,-19.64,71.71,28.21,Low,Review,Negative ROI | High Data Drift | High Downtime,Financial review required due to negative ROI.
AI-0619,Manufacturing,Document Intelligence,6.06,77.19,40.95,Medium,Review,High Downtime,Project requires management monitoring.
AI-0620,Retail,Fraud Detection,-77.71,74.71,61.71,Medium,Review,Negative ROI | High Downtime,Financial review required due to negative ROI.
AI-0621,Telecom,Fraud Detection,-47.42,56.8,57.4,Medium,Review,Negative ROI | Low AI Performance | High Downtime | Low User Adoption,Financial review required due to negative ROI.
AI-0622,Manufacturing,Fraud Detection,-76.47,53.94,48.73,Medium,Review,Negative ROI | Low AI Performance | High Data Drift | High Downtime,Financial review required due to negative ROI.
AI-0623,Telecom,Predictive Maintenance,67.97,70.38,43.8,Medium,Monitor,High Downtime | Low User Adoption,Project requires management monitoring.
AI-0624,Banking,Predictive Maintenance,-48.17,64.8,24.18,Low,Review,Negative ROI,Financial review required due to negative ROI.
AI-0625,Telecom,Customer Support,56.94,81.12,43.04,Medium,Monitor,High Downtime,Project requires management monitoring.
AI-0626,Telecom,Demand Forecasting,-73.25,56.46,36.61,Medium,Review,Negative ROI | Low AI Performance | High Data Drift | Low User Adoption,Financial review required due to negative ROI.
AI-0627,Healthcare,Recommendation,-50.94,80.75,51.4,Medium,Review,Negative ROI,Financial review required due to negative ROI.
AI-0628,Healthcare,Recommendation,-86.87,74.73,71.22,High,Review,Negative ROI | High Governance Risk | High Downtime,Financial review required due to negative ROI.
AI-0629,Logistics,Recommendation,-46.97,96.42,61.98,Medium,Review,Negative ROI | High Downtime,Financial review required due to negative ROI.
AI-0630,Healthcare,Customer Support,-76.8,85.38,22.93,Low,Monitor,Negative ROI,Financial review required due to negative ROI.
AI-0631,Telecom,Predictive Maintenance,-56.7,72.88,37.8,Medium,Review,Negative ROI | High Data Drift,Financial review required due to negative ROI.
AI-0632,Retail,Document Intelligence,-34.67,61.54,64.04,Medium,Review,Negative ROI | High Data Drift | High Downtime,Financial review required due to negative ROI.
AI-0633,Telecom,Document Intelligence,6.29,71.57,56.41,Medium,Review,Low User Adoption,Project requires management monitoring.
AI-0634,Retail,Customer Support,-57.67,67.98,43.98,Medium,Review,Negative ROI | High Downtime,Financial review required due to negative ROI.
AI-0635,Retail,Document Intelligence,145.41,61.45,18.21,Low,Monitor,High Data Drift,Data monitoring and model retraining should be considered.
AI-0636,Healthcare,Recommendation,-72.42,69.93,7.49,Low,Monitor,Negative ROI,Financial review required due to negative ROI.
AI-0637,Manufacturing,Demand Forecasting,-73.57,55.45,37.34,Medium,Review,Negative ROI | Low AI Performance,Financial review required due to negative ROI.
AI-0638,Banking,Fraud Detection,97.11,60.31,38.1,Medium,Monitor,High Data Drift,Data monitoring and model retraining should be considered.
AI-0639,Healthcare,Predictive Maintenance,156.71,70.12,40.47,Medium,Monitor,Low User Adoption,Project requires management monitoring.
AI-0640,Healthcare,Predictive Maintenance,78.38,59.11,44.51,Medium,Monitor,Low AI Performance | High Data Drift | High Downtime | Low User Adoption,Model performance optimization is recommended.
AI-0641,Manufacturing,Customer Support,-67.07,67.52,17.97,Low,Review,Negative ROI,Financial review required due to negative ROI.
AI-0642,Banking,Predictive Maintenance,-57.24,69.78,32.42,Low,Review,Negative ROI,Financial review required due to negative ROI.
AI-0643,Telecom,Recommendation,-37.56,69.0,19.79,Low,Review,Negative ROI,Financial review required due to negative ROI.
AI-0644,Logistics,Document Intelligence,-83.01,59.5,21.38,Low,Review,Negative ROI | Low AI Performance | High Data Drift,Financial review required due to negative ROI.
AI-0645,Logistics,Recommendation,-54.68,74.16,52.82,Medium,Review,Negative ROI | High Downtime | Low User Adoption,Financial review required due to negative ROI.
AI-0646,Telecom,Customer Support,-31.47,70.19,41.89,Medium,Review,Negative ROI,Financial review required due to negative ROI.
AI-0647,Healthcare,Recommendation,-55.41,62.94,60.14,Medium,Review,Negative ROI | High Data Drift | High Downtime,Financial review required due to negative ROI.
AI-0648,Banking,Document Intelligence,-34.69,66.05,31.9,Low,Review,Negative ROI,Financial review required due to negative ROI.
AI-0649,Healthcare,Demand Forecasting,-70.69,71.32,26.95,Low,Review,Negative ROI,Financial review required due to negative ROI.
AI-0650,Retail,Customer Support,-64.87,60.14,35.66,Medium,Review,Negative ROI,Financial review required due to negative ROI.
AI-0651,Healthcare,Demand Forecasting,124.87,56.43,53.85,Medium,Monitor,Low AI Performance | High Data Drift,Model performance optimization is recommended.
AI-0652,Healthcare,Fraud Detection,-41.89,69.18,22.89,Low,Review,Negative ROI | High Downtime,Financial review required due to negative ROI.
AI-0653,Telecom,Demand Forecasting,-97.66,70.55,44.12,Medium,Review,Negative ROI,Financial review required due to negative ROI.
AI-0654,Telecom,Fraud Detection,-49.01,66.64,38.51,Medium,Review,Negative ROI,Financial review required due to negative ROI.
AI-0655,Telecom,Fraud Detection,5.99,61.75,44.98,Medium,Review,Healthy,AI project is performing within acceptable business and governance limits.
AI-0656,Logistics,Demand Forecasting,-46.49,61.33,61.84,Medium,Review,Negative ROI | High Data Drift | High Downtime,Financial review required due to negative ROI.
AI-0657,Retail,Customer Support,-83.55,65.06,46.67,Medium,Review,Negative ROI | High Data Drift | High Downtime,Financial review required due to negative ROI.
AI-0658,Telecom,Document Intelligence,-56.08,62.78,52.87,Medium,Review,Negative ROI | High Data Drift,Financial review required due to negative ROI.
AI-0659,Banking,Recommendation,18.58,71.76,28.55,Low,Review,High Data Drift,Data monitoring and model retraining should be considered.
AI-0660,Logistics,Recommendation,-47.22,65.0,70.35,High,Review,Negative ROI | High Governance Risk | High Data Drift | High Downtime | Low User Adoption,Financial review required due to negative ROI.
AI-0661,Manufacturing,Document Intelligence,-42.57,89.1,35.0,Medium,Monitor,Negative ROI,Financial review required due to negative ROI.
AI-0662,Banking,Fraud Detection,164.29,74.17,33.9,Low,Monitor,High Data Drift,Data monitoring and model retraining should be considered.
AI-0663,Banking,Fraud Detection,114.08,69.66,40.98,Medium,Monitor,Healthy,AI project is performing within acceptable business and governance limits.
AI-0664,Telecom,Customer Support,-87.76,71.49,57.49,Medium,Review,Negative ROI | High Downtime,Financial review required due to negative ROI.
AI-0665,Manufacturing,Predictive Maintenance,28.73,55.27,36.38,Medium,Review,Low AI Performance | High Data Drift | High Downtime | Low User Adoption,Model performance optimization is recommended.
AI-0666,Manufacturing,Demand Forecasting,-14.12,61.22,42.16,Medium,Review,Negative ROI | Low User Adoption,Financial review required due to negative ROI.
AI-0667,Logistics,Fraud Detection,-25.74,55.57,34.01,Low,Review,Negative ROI | Low AI Performance | High Data Drift | Low User Adoption,Financial review required due to negative ROI.
AI-0668,Manufacturing,Recommendation,-81.64,81.45,43.31,Medium,Review,Negative ROI | High Downtime,Financial review required due to negative ROI.
AI-0669,Retail,Customer Support,-88.6,77.06,39.06,Medium,Review,Negative ROI,Financial review required due to negative ROI.
AI-0670,Telecom,Demand Forecasting,-30.27,74.71,28.28,Low,Review,Negative ROI,Financial review required due to negative ROI.
AI-0671,Manufacturing,Customer Support,-55.13,70.38,22.93,Low,Review,Negative ROI,Financial review required due to negative ROI.
AI-0672,Logistics,Demand Forecasting,-76.95,63.91,65.02,High,Review,Negative ROI | High Governance Risk | High Data Drift | High Downtime,Financial review required due to negative ROI.
AI-0673,Retail,Demand Forecasting,-51.21,53.76,12.11,Low,Review,Negative ROI | Low AI Performance | Low User Adoption,Financial review required due to negative ROI.
AI-0674,Healthcare,Document Intelligence,-85.93,64.51,49.67,Medium,Review,Negative ROI | High Downtime | Low User Adoption,Financial review required due to negative ROI.
AI-0675,Healthcare,Fraud Detection,-52.4,80.22,12.89,Low,Monitor,Negative ROI,Financial review required due to negative ROI.
AI-0676,Retail,Customer Support,-92.09,78.38,18.57,Low,Monitor,Negative ROI | High Downtime,Financial review required due to negative ROI.
AI-0677,Logistics,Customer Support,-73.31,59.36,34.21,Low,Review,Negative ROI | Low AI Performance | High Downtime,Financial review required due to negative ROI.
AI-0678,Retail,Document Intelligence,-80.74,75.07,45.68,Medium,Review,Negative ROI | High Data Drift,Financial review required due to negative ROI.
AI-0679,Telecom,Recommendation,-61.19,79.78,46.82,Medium,Review,Negative ROI,Financial review required due to negative ROI.
AI-0680,Telecom,Recommendation,-77.42,70.58,17.61,Low,Review,Negative ROI | High Data Drift | Low User Adoption,Financial review required due to negative ROI.
AI-0681,Healthcare,Fraud Detection,73.9,64.07,16.94,Low,Monitor,High Data Drift,Data monitoring and model retraining should be considered.
AI-0682,Manufacturing,Fraud Detection,-88.92,63.72,65.4,High,Review,Negative ROI | High Governance Risk | High Downtime,Financial review required due to negative ROI.
AI-0683,Logistics,Predictive Maintenance,-60.44,59.48,16.12,Low,Review,Negative ROI | Low AI Performance | High Data Drift,Financial review required due to negative ROI.
AI-0684,Healthcare,Document Intelligence,-68.28,51.71,65.65,High,Review,Negative ROI | High Governance Risk | Low AI Performance | High Data Drift | High Downtime,Financial review required due to negative ROI.
AI-0685,Manufacturing,Recommendation,-33.32,62.11,17.75,Low,Review,Negative ROI,Financial review required due to negative ROI.
AI-0686,Manufacturing,Demand Forecasting,-64.87,74.93,42.22,Medium,Review,Negative ROI,Financial review required due to negative ROI.
AI-0687,Telecom,Customer Support,24.93,79.97,22.37,Low,Monitor,Low User Adoption,Project requires management monitoring.
AI-0688,Banking,Fraud Detection,-87.66,70.54,62.06,Medium,Review,Negative ROI | High Data Drift,Financial review required due to negative ROI.
AI-0689,Banking,Customer Support,-56.72,47.94,51.12,Medium,Review,Negative ROI | Low AI Performance | High Data Drift | Low User Adoption,Financial review required due to negative ROI.
AI-0690,Retail,Customer Support,-65.56,75.14,43.59,Medium,Review,Negative ROI | High Data Drift | High Downtime,Financial review required due to negative ROI.
AI-0691,Telecom,Predictive Maintenance,-72.45,74.26,9.47,Low,Monitor,Negative ROI,Financial review required due to negative ROI.
AI-0692,Manufacturing,Recommendation,-83.97,65.61,37.27,Medium,Review,Negative ROI,Financial review required due to negative ROI.
AI-0693,Logistics,Fraud Detection,-40.59,70.83,48.11,Medium,Review,Negative ROI | High Downtime,Financial review required due to negative ROI.
AI-0694,Banking,Customer Support,-87.67,77.05,20.82,Low,Monitor,Negative ROI | High Downtime | Low User Adoption,Financial review required due to negative ROI.
AI-0695,Manufacturing,Fraud Detection,-44.36,49.23,7.44,Low,Review,Negative ROI | Low AI Performance | Low User Adoption,Financial review required due to negative ROI.
AI-0696,Banking,Demand Forecasting,27.01,46.35,60.31,Medium,Review,Low AI Performance | High Data Drift | Low User Adoption,Model performance optimization is recommended.
AI-0697,Banking,Predictive Maintenance,-32.57,67.68,29.24,Low,Review,Negative ROI | High Data Drift | Low User Adoption,Financial review required due to negative ROI.
AI-0698,Banking,Demand Forecasting,-65.46,64.96,54.74,Medium,Review,Negative ROI | High Data Drift | High Downtime,Financial review required due to negative ROI.
AI-0699,Logistics,Fraud Detection,-63.78,71.79,43.17,Medium,Review,Negative ROI | High Downtime | Low User Adoption,Financial review required due to negative ROI.
AI-0700,Telecom,Fraud Detection,-32.61,69.49,62.58,Medium,Review,Negative ROI | High Downtime,Financial review required due to negative ROI.
AI-0701,Logistics,Recommendation,-95.81,60.33,63.58,Medium,Review,Negative ROI | High Downtime,Financial review required due to negative ROI.
AI-0702,Healthcare,Customer Support,-91.46,54.44,58.47,Medium,Review,Negative ROI | Low AI Performance | High Data Drift,Financial review required due to negative ROI.
AI-0703,Manufacturing,Customer Support,-72.96,63.3,34.46,Low,Review,Negative ROI | High Data Drift | High Downtime,Financial review required due to negative ROI.
AI-0704,Telecom,Demand Forecasting,-60.06,82.14,55.65,Medium,Review,Negative ROI,Financial review required due to negative ROI.
AI-0705,Telecom,Predictive Maintenance,81.58,82.28,17.04,Low,Monitor,Healthy,AI project is performing within acceptable business and governance limits.
AI-0706,Telecom,Document Intelligence,138.8,69.66,38.4,Medium,Monitor,Low User Adoption,Project requires management monitoring.
AI-0707,Telecom,Customer Support,-72.05,83.67,48.93,Medium,Review,Negative ROI | High Downtime,Financial review required due to negative ROI.
AI-0708,Logistics,Recommendation,-43.12,75.41,27.06,Low,Review,Negative ROI | High Downtime,Financial review required due to negative ROI.
AI-0709,Telecom,Demand Forecasting,-72.14,72.37,45.59,Medium,Review,Negative ROI,Financial review required due to negative ROI.
AI-0710,Retail,Demand Forecasting,-72.89,77.64,26.19,Low,Review,Negative ROI | High Downtime,Financial review required due to negative ROI.
AI-0711,Manufacturing,Document Intelligence,236.93,68.88,58.79,Medium,Monitor,High Data Drift | High Downtime,Data monitoring and model retraining should be considered.
AI-0712,Telecom,Recommendation,-66.83,71.87,47.33,Medium,Review,Negative ROI,Financial review required due to negative ROI.
AI-0713,Manufacturing,Predictive Maintenance,624.86,77.23,48.28,Medium,Strategic,Healthy,AI project is performing within acceptable business and governance limits.
AI-0714,Retail,Recommendation,-35.11,87.87,25.58,Low,Monitor,Negative ROI | High Downtime,Financial review required due to negative ROI.
AI-0715,Retail,Predictive Maintenance,-83.56,63.7,35.4,Medium,Review,Negative ROI,Financial review required due to negative ROI.
AI-0716,Manufacturing,Recommendation,-25.17,62.39,43.36,Medium,Review,Negative ROI,Financial review required due to negative ROI.
AI-0717,Banking,Recommendation,74.38,65.1,34.52,Low,Monitor,High Downtime | Low User Adoption,Project requires management monitoring.
AI-0718,Healthcare,Fraud Detection,200.55,62.76,48.61,Medium,Monitor,High Downtime,Project requires management monitoring.
AI-0719,Banking,Demand Forecasting,-21.28,69.26,33.85,Low,Review,Negative ROI,Financial review required due to negative ROI.
AI-0720,Banking,Recommendation,-46.26,63.0,47.4,Medium,Review,Negative ROI | High Data Drift | High Downtime,Financial review required due to negative ROI.
AI-0721,Logistics,Document Intelligence,-67.76,64.37,51.99,Medium,Review,Negative ROI,Financial review required due to negative ROI.
AI-0722,Banking,Recommendation,-77.32,62.48,32.32,Low,Review,Negative ROI | High Data Drift,Financial review required due to negative ROI.
AI-0723,Telecom,Customer Support,-60.06,69.17,44.15,Medium,Review,Negative ROI,Financial review required due to negative ROI.
AI-0724,Logistics,Demand Forecasting,-63.05,77.57,26.89,Low,Review,Negative ROI,Financial review required due to negative ROI.
AI-0725,Logistics,Customer Support,-96.46,70.04,47.18,Medium,Review,Negative ROI | High Downtime,Financial review required due to negative ROI.
AI-0726,Retail,Demand Forecasting,-84.52,70.56,9.02,Low,Monitor,Negative ROI,Financial review required due to negative ROI.
AI-0727,Banking,Customer Support,-98.13,72.98,32.01,Low,Review,Negative ROI | High Data Drift,Financial review required due to negative ROI.
AI-0728,Retail,Recommendation,73.75,76.68,36.12,Medium,Monitor,High Data Drift,Data monitoring and model retraining should be considered.
AI-0729,Manufacturing,Recommendation,28.03,64.28,60.23,Medium,Review,High Data Drift | High Downtime,Data monitoring and model retraining should be considered.
AI-0730,Healthcare,Fraud Detection,-66.38,53.41,32.27,Low,Review,Negative ROI | Low AI Performance | High Data Drift | Low User Adoption,Financial review required due to negative ROI.
AI-0731,Logistics,Document Intelligence,-83.57,59.02,20.89,Low,Review,Negative ROI | Low AI Performance,Financial review required due to negative ROI.
AI-0732,Manufacturing,Customer Support,-43.83,64.21,28.15,Low,Review,Negative ROI | Low User Adoption,Financial review required due to negative ROI.
AI-0733,Manufacturing,Predictive Maintenance,-30.87,61.9,36.4,Medium,Review,Negative ROI | High Downtime,Financial review required due to negative ROI.
AI-0734,Telecom,Fraud Detection,-76.17,74.16,55.6,Medium,Review,Negative ROI | High Data Drift,Financial review required due to negative ROI.
AI-0735,Healthcare,Customer Support,204.94,69.88,36.47,Medium,Strategic,High Data Drift,Data monitoring and model retraining should be considered.
AI-0736,Manufacturing,Customer Support,-70.78,63.64,4.8,Low,Monitor,Negative ROI | Low User Adoption,Financial review required due to negative ROI.
AI-0737,Manufacturing,Fraud Detection,-45.42,77.59,25.76,Low,Review,Negative ROI | High Data Drift | High Downtime,Financial review required due to negative ROI.
AI-0738,Healthcare,Recommendation,-57.31,78.23,47.05,Medium,Review,Negative ROI | Low User Adoption,Financial review required due to negative ROI.
AI-0739,Healthcare,Customer Support,-63.0,73.75,22.25,Low,Review,Negative ROI,Financial review required due to negative ROI.
AI-0740,Manufacturing,Recommendation,-45.52,71.69,45.23,Medium,Review,Negative ROI,Financial review required due to negative ROI.
AI-0741,Healthcare,Fraud Detection,-76.84,65.02,22.7,Low,Review,Negative ROI | High Data Drift,Financial review required due to negative ROI.
AI-0742,Manufacturing,Recommendation,4.28,64.47,67.6,High,Review,High Governance Risk | High Data Drift | High Downtime,Governance review required before further scaling.
AI-0743,Manufacturing,Demand Forecasting,-44.33,60.05,55.26,Medium,Review,Negative ROI | Low User Adoption,Financial review required due to negative ROI.
AI-0744,Telecom,Predictive Maintenance,-90.72,73.16,49.73,Medium,Review,Negative ROI | High Downtime,Financial review required due to negative ROI.
AI-0745,Banking,Customer Support,-57.21,69.9,26.89,Low,Review,Negative ROI | High Downtime,Financial review required due to negative ROI.
AI-0746,Manufacturing,Document Intelligence,25.31,73.49,26.7,Low,Monitor,High Data Drift,Data monitoring and model retraining should be considered.
AI-0747,Retail,Predictive Maintenance,-69.58,72.99,40.74,Medium,Review,Negative ROI | High Downtime,Financial review required due to negative ROI.
AI-0748,Logistics,Recommendation,-79.35,73.28,41.66,Medium,Review,Negative ROI | High Downtime,Financial review required due to negative ROI.
AI-0749,Banking,Customer Support,-54.74,80.79,37.38,Medium,Review,Negative ROI | High Downtime,Financial review required due to negative ROI.
AI-0750,Banking,Recommendation,-44.02,71.3,17.16,Low,Review,Negative ROI,Financial review required due to negative ROI.
AI-0751,Banking,Demand Forecasting,-56.27,71.64,42.31,Medium,Review,Negative ROI,Financial review required due to negative ROI.
AI-0752,Telecom,Fraud Detection,-86.82,67.07,40.55,Medium,Review,Negative ROI | High Data Drift,Financial review required due to negative ROI.
AI-0753,Manufacturing,Customer Support,-70.13,65.91,34.69,Low,Review,Negative ROI | High Downtime,Financial review required due to negative ROI.
AI-0754,Telecom,Demand Forecasting,-85.32,63.72,13.43,Low,Review,Negative ROI | Low User Adoption,Financial review required due to negative ROI.
AI-0755,Manufacturing,Demand Forecasting,-94.81,60.2,52.9,Medium,Review,Negative ROI,Financial review required due to negative ROI.
AI-0756,Telecom,Customer Support,-85.31,72.19,35.42,Medium,Review,Negative ROI | Low User Adoption,Financial review required due to negative ROI.
AI-0757,Telecom,Recommendation,-85.79,62.0,42.37,Medium,Review,Negative ROI | Low User Adoption,Financial review required due to negative ROI.
AI-0758,Logistics,Document Intelligence,27.27,70.06,40.88,Medium,Review,High Data Drift,Data monitoring and model retraining should be considered.
AI-0759,Retail,Demand Forecasting,-91.66,62.59,13.82,Low,Review,Negative ROI | High Data Drift,Financial review required due to negative ROI.
AI-0760,Telecom,Predictive Maintenance,-80.79,50.1,30.2,Low,Review,Negative ROI | Low AI Performance | High Data Drift | Low User Adoption,Financial review required due to negative ROI.
AI-0761,Logistics,Demand Forecasting,-65.19,52.33,42.48,Medium,Review,Negative ROI | Low AI Performance | High Downtime,Financial review required due to negative ROI.
AI-0762,Healthcare,Document Intelligence,88.0,80.7,52.11,Medium,Monitor,Healthy,AI project is performing within acceptable business and governance limits.
AI-0763,Retail,Recommendation,121.95,79.3,55.48,Medium,Monitor,High Data Drift | High Downtime,Data monitoring and model retraining should be considered.
AI-0764,Telecom,Recommendation,75.27,73.57,21.36,Low,Monitor,High Data Drift,Data monitoring and model retraining should be considered.
AI-0765,Banking,Predictive Maintenance,-91.64,75.27,51.39,Medium,Review,Negative ROI,Financial review required due to negative ROI.
AI-0766,Healthcare,Demand Forecasting,-55.76,63.72,42.05,Medium,Review,Negative ROI | High Data Drift | High Downtime,Financial review required due to negative ROI.
AI-0767,Healthcare,Recommendation,-79.12,70.13,67.85,High,Review,Negative ROI | High Governance Risk | High Downtime | Low User Adoption,Financial review required due to negative ROI.
AI-0768,Logistics,Document Intelligence,244.3,69.68,56.18,Medium,Monitor,Low User Adoption,Project requires management monitoring.
AI-0769,Healthcare,Customer Support,-38.67,69.6,35.01,Medium,Review,Negative ROI | High Downtime | Low User Adoption,Financial review required due to negative ROI.
AI-0770,Retail,Fraud Detection,-94.0,70.68,39.25,Medium,Review,Negative ROI | High Downtime,Financial review required due to negative ROI.
AI-0771,Telecom,Fraud Detection,-41.52,74.08,50.6,Medium,Review,Negative ROI | High Downtime,Financial review required due to negative ROI.
AI-0772,Telecom,Fraud Detection,-58.68,79.02,42.68,Medium,Review,Negative ROI,Financial review required due to negative ROI.
AI-0773,Banking,Demand Forecasting,-81.9,79.99,29.8,Low,Review,Negative ROI,Financial review required due to negative ROI.
AI-0774,Logistics,Predictive Maintenance,-34.01,68.7,60.38,Medium,Review,Negative ROI,Financial review required due to negative ROI.
AI-0775,Banking,Recommendation,9.9,53.16,54.95,Medium,Review,Low AI Performance | High Downtime | Low User Adoption,Model performance optimization is recommended.
AI-0776,Healthcare,Customer Support,-69.22,59.03,19.27,Low,Review,Negative ROI | Low AI Performance | High Data Drift,Financial review required due to negative ROI.
AI-0777,Banking,Document Intelligence,-68.43,73.05,27.27,Low,Review,Negative ROI | High Downtime,Financial review required due to negative ROI.
AI-0778,Retail,Customer Support,-76.84,75.94,31.71,Low,Review,Negative ROI | Low User Adoption,Financial review required due to negative ROI.
AI-0779,Telecom,Document Intelligence,-79.05,73.43,20.32,Low,Review,Negative ROI | Low User Adoption,Financial review required due to negative ROI.
AI-0780,Healthcare,Demand Forecasting,87.27,52.88,51.96,Medium,Review,Low AI Performance | High Data Drift,Model performance optimization is recommended.
AI-0781,Banking,Fraud Detection,-56.13,72.11,36.93,Medium,Review,Negative ROI | High Downtime,Financial review required due to negative ROI.
AI-0782,Logistics,Demand Forecasting,-37.42,77.19,26.61,Low,Review,Negative ROI,Financial review required due to negative ROI.
AI-0783,Retail,Predictive Maintenance,-81.98,76.02,21.49,Low,Monitor,Negative ROI | High Downtime,Financial review required due to negative ROI.
AI-0784,Retail,Predictive Maintenance,-97.84,75.33,52.98,Medium,Review,Negative ROI | High Data Drift,Financial review required due to negative ROI.
AI-0785,Banking,Document Intelligence,-81.68,77.91,29.68,Low,Review,Negative ROI | High Downtime | Low User Adoption,Financial review required due to negative ROI.
AI-0786,Telecom,Recommendation,-80.55,81.38,61.35,Medium,Review,Negative ROI | High Downtime,Financial review required due to negative ROI.
AI-0787,Banking,Recommendation,-70.94,79.56,40.11,Medium,Review,Negative ROI | High Downtime,Financial review required due to negative ROI.
AI-0788,Healthcare,Document Intelligence,-50.05,89.74,63.35,Medium,Review,Negative ROI | High Downtime,Financial review required due to negative ROI.
AI-0789,Banking,Predictive Maintenance,-43.68,76.63,34.53,Low,Review,Negative ROI | High Data Drift,Financial review required due to negative ROI.
AI-0790,Retail,Predictive Maintenance,249.58,64.77,19.94,Low,Strategic,High Data Drift,Data monitoring and model retraining should be considered.
AI-0791,Banking,Predictive Maintenance,-95.72,80.79,42.6,Medium,Review,Negative ROI,Financial review required due to negative ROI.
AI-0792,Telecom,Demand Forecasting,-77.37,74.71,16.24,Low,Monitor,Negative ROI | High Data Drift,Financial review required due to negative ROI.
AI-0793,Logistics,Predictive Maintenance,-73.02,81.12,43.57,Medium,Review,Negative ROI | High Downtime,Financial review required due to negative ROI.
AI-0794,Manufacturing,Customer Support,79.01,73.37,13.82,Low,Monitor,Healthy,AI project is performing within acceptable business and governance limits.
AI-0795,Banking,Fraud Detection,51.76,66.83,52.84,Medium,Review,High Data Drift | Low User Adoption,Data monitoring and model retraining should be considered.
AI-0796,Telecom,Predictive Maintenance,-62.21,72.33,57.02,Medium,Review,Negative ROI,Financial review required due to negative ROI.
AI-0797,Telecom,Document Intelligence,-91.75,69.23,46.88,Medium,Review,Negative ROI | High Data Drift,Financial review required due to negative ROI.
AI-0798,Logistics,Fraud Detection,35.36,67.0,37.34,Medium,Review,Healthy,AI project is performing within acceptable business and governance limits.
AI-0799,Retail,Demand Forecasting,-75.42,58.18,56.97,Medium,Review,Negative ROI | Low AI Performance | High Downtime | Low User Adoption,Financial review required due to negative ROI.
AI-0800,Telecom,Document Intelligence,-60.02,66.65,9.14,Low,Monitor,Negative ROI,Financial review required due to negative ROI.
AI-0801,Telecom,Fraud Detection,-43.7,57.75,54.84,Medium,Review,Negative ROI | Low AI Performance,Financial review required due to negative ROI.
AI-0802,Telecom,Document Intelligence,-62.57,65.7,30.56,Low,Review,Negative ROI | High Data Drift,Financial review required due to negative ROI.
AI-0803,Telecom,Demand Forecasting,-66.63,92.5,62.57,Medium,Review,Negative ROI | High Downtime,Financial review required due to negative ROI.
AI-0804,Healthcare,Customer Support,38.57,68.77,50.87,Medium,Review,High Data Drift,Data monitoring and model retraining should be considered.
AI-0805,Healthcare,Demand Forecasting,-83.09,62.94,61.51,Medium,Review,Negative ROI | High Downtime,Financial review required due to negative ROI.
AI-0806,Retail,Demand Forecasting,-65.87,65.5,44.13,Medium,Review,Negative ROI,Financial review required due to negative ROI.
AI-0807,Banking,Document Intelligence,-90.51,74.88,40.13,Medium,Review,Negative ROI | High Data Drift,Financial review required due to negative ROI.
AI-0808,Telecom,Recommendation,-74.75,62.19,33.3,Low,Review,Negative ROI | High Data Drift | Low User Adoption,Financial review required due to negative ROI.
AI-0809,Logistics,Predictive Maintenance,-54.34,64.83,16.9,Low,Review,Negative ROI | Low User Adoption,Financial review required due to negative ROI.
AI-0810,Banking,Predictive Maintenance,350.43,71.6,52.61,Medium,Monitor,High Data Drift | High Downtime,Data monitoring and model retraining should be considered.
AI-0811,Logistics,Customer Support,4.03,69.99,31.91,Low,Review,Healthy,AI project is performing within acceptable business and governance limits.
AI-0812,Banking,Customer Support,-21.65,87.06,47.97,Medium,Review,Negative ROI,Financial review required due to negative ROI.
AI-0813,Retail,Predictive Maintenance,-7.51,63.32,45.93,Medium,Review,Negative ROI | High Downtime | Low User Adoption,Financial review required due to negative ROI.
AI-0814,Telecom,Recommendation,-80.67,65.67,21.56,Low,Review,Negative ROI | High Data Drift,Financial review required due to negative ROI.
AI-0815,Telecom,Predictive Maintenance,-88.68,76.83,21.36,Low,Monitor,Negative ROI,Financial review required due to negative ROI.
AI-0816,Manufacturing,Recommendation,-19.52,63.38,52.38,Medium,Review,Negative ROI | High Data Drift | High Downtime | Low User Adoption,Financial review required due to negative ROI.
AI-0817,Logistics,Customer Support,48.67,67.57,17.23,Low,Monitor,Healthy,AI project is performing within acceptable business and governance limits.
AI-0818,Banking,Fraud Detection,-52.5,64.37,41.54,Medium,Review,Negative ROI | High Data Drift | High Downtime,Financial review required due to negative ROI.
AI-0819,Banking,Document Intelligence,-95.09,72.89,44.09,Medium,Review,Negative ROI,Financial review required due to negative ROI.
AI-0820,Healthcare,Customer Support,-81.78,60.25,50.07,Medium,Review,Negative ROI | High Data Drift | High Downtime,Financial review required due to negative ROI.
AI-0821,Manufacturing,Customer Support,-80.93,66.57,37.22,Medium,Review,Negative ROI,Financial review required due to negative ROI.
AI-0822,Healthcare,Demand Forecasting,-58.58,71.26,42.78,Medium,Review,Negative ROI | High Data Drift | High Downtime | Low User Adoption,Financial review required due to negative ROI.
AI-0823,Healthcare,Demand Forecasting,-81.73,67.24,45.02,Medium,Review,Negative ROI | High Data Drift,Financial review required due to negative ROI.
AI-0824,Healthcare,Demand Forecasting,-61.27,72.25,35.91,Medium,Review,Negative ROI | High Data Drift | High Downtime | Low User Adoption,Financial review required due to negative ROI.
AI-0825,Logistics,Document Intelligence,-96.74,73.58,51.9,Medium,Review,Negative ROI,Financial review required due to negative ROI.
AI-0826,Logistics,Demand Forecasting,32.35,51.37,23.46,Low,Review,Low AI Performance | High Data Drift | Low User Adoption,Model performance optimization is recommended.
AI-0827,Retail,Recommendation,-56.71,80.17,51.36,Medium,Review,Negative ROI,Financial review required due to negative ROI.
AI-0828,Retail,Predictive Maintenance,-91.04,61.68,47.12,Medium,Review,Negative ROI | High Data Drift | High Downtime,Financial review required due to negative ROI.
AI-0829,Healthcare,Fraud Detection,-79.81,65.32,51.22,Medium,Review,Negative ROI | High Data Drift | High Downtime | Low User Adoption,Financial review required due to negative ROI.
AI-0830,Manufacturing,Customer Support,-85.12,84.33,30.35,Low,Monitor,Negative ROI,Financial review required due to negative ROI.
AI-0831,Banking,Recommendation,-86.23,56.68,32.61,Low,Review,Negative ROI | Low AI Performance | Low User Adoption,Financial review required due to negative ROI.
AI-0832,Logistics,Fraud Detection,-66.49,76.01,27.92,Low,Review,Negative ROI | High Downtime,Financial review required due to negative ROI.
AI-0833,Manufacturing,Recommendation,-73.12,58.72,41.82,Medium,Review,Negative ROI | Low AI Performance,Financial review required due to negative ROI.
AI-0834,Telecom,Recommendation,-4.47,57.42,42.94,Medium,Review,Negative ROI | Low AI Performance | High Downtime | Low User Adoption,Financial review required due to negative ROI.
AI-0835,Logistics,Customer Support,-71.3,54.27,58.94,Medium,Review,Negative ROI | Low AI Performance | Low User Adoption,Financial review required due to negative ROI.
AI-0836,Logistics,Predictive Maintenance,-48.11,69.16,57.22,Medium,Review,Negative ROI,Financial review required due to negative ROI.
AI-0837,Retail,Demand Forecasting,-64.38,69.08,23.06,Low,Review,Negative ROI | Low User Adoption,Financial review required due to negative ROI.
AI-0838,Banking,Document Intelligence,-78.17,75.45,45.69,Medium,Review,Negative ROI,Financial review required due to negative ROI.
AI-0839,Banking,Predictive Maintenance,-47.54,75.57,33.94,Low,Review,Negative ROI,Financial review required due to negative ROI.
AI-0840,Telecom,Document Intelligence,-28.49,58.62,35.28,Medium,Review,Negative ROI | Low AI Performance | High Data Drift | High Downtime,Financial review required due to negative ROI.
AI-0841,Telecom,Customer Support,-78.38,86.19,67.95,High,Review,Negative ROI | High Governance Risk | High Downtime,Financial review required due to negative ROI.
AI-0842,Logistics,Customer Support,-82.56,70.27,42.28,Medium,Review,Negative ROI | High Data Drift,Financial review required due to negative ROI.
AI-0843,Healthcare,Customer Support,-42.94,70.55,29.03,Low,Review,Negative ROI,Financial review required due to negative ROI.
AI-0844,Retail,Fraud Detection,66.47,65.37,22.3,Low,Monitor,Low User Adoption,Project requires management monitoring.
AI-0845,Retail,Document Intelligence,131.05,53.97,42.84,Medium,Monitor,Low AI Performance | High Data Drift | High Downtime | Low User Adoption,Model performance optimization is recommended.
AI-0846,Logistics,Predictive Maintenance,-69.58,62.33,56.07,Medium,Review,Negative ROI | Low User Adoption,Financial review required due to negative ROI.
AI-0847,Manufacturing,Predictive Maintenance,-45.42,75.6,10.63,Low,Monitor,Negative ROI | Low User Adoption,Financial review required due to negative ROI.
AI-0848,Healthcare,Recommendation,-87.87,64.77,20.76,Low,Review,Negative ROI | Low User Adoption,Financial review required due to negative ROI.
AI-0849,Logistics,Recommendation,33.22,80.56,33.85,Low,Monitor,Healthy,AI project is performing within acceptable business and governance limits.
AI-0850,Healthcare,Recommendation,-71.67,70.53,48.44,Medium,Review,Negative ROI | High Downtime,Financial review required due to negative ROI.
AI-0851,Healthcare,Customer Support,-85.64,87.05,34.43,Low,Monitor,Negative ROI,Financial review required due to negative ROI.
AI-0852,Healthcare,Predictive Maintenance,-65.31,65.32,16.28,Low,Review,Negative ROI | Low User Adoption,Financial review required due to negative ROI.
AI-0853,Logistics,Document Intelligence,44.32,71.53,15.7,Low,Monitor,Healthy,AI project is performing within acceptable business and governance limits.
AI-0854,Retail,Customer Support,-46.92,81.41,22.04,Low,Monitor,Negative ROI,Financial review required due to negative ROI.
AI-0855,Retail,Fraud Detection,-38.52,73.44,42.52,Medium,Review,Negative ROI,Financial review required due to negative ROI.
AI-0856,Healthcare,Recommendation,120.02,83.53,9.37,Low,Strategic,Healthy,AI project is performing within acceptable business and governance limits.
AI-0857,Manufacturing,Customer Support,-73.93,70.87,53.25,Medium,Review,Negative ROI | High Downtime,Financial review required due to negative ROI.
AI-0858,Banking,Customer Support,-82.22,68.3,46.11,Medium,Review,Negative ROI | High Data Drift,Financial review required due to negative ROI.
AI-0859,Logistics,Fraud Detection,-85.65,61.78,42.25,Medium,Review,Negative ROI,Financial review required due to negative ROI.
AI-0860,Banking,Demand Forecasting,-39.83,73.96,54.44,Medium,Review,Negative ROI | Low User Adoption,Financial review required due to negative ROI.
AI-0861,Manufacturing,Predictive Maintenance,-56.3,85.46,32.04,Low,Monitor,Negative ROI | High Downtime,Financial review required due to negative ROI.
AI-0862,Logistics,Document Intelligence,-15.01,70.2,32.97,Low,Review,Negative ROI | High Data Drift,Financial review required due to negative ROI.
AI-0863,Healthcare,Demand Forecasting,-74.48,68.14,39.03,Medium,Review,Negative ROI | High Downtime | Low User Adoption,Financial review required due to negative ROI.
AI-0864,Retail,Recommendation,-62.26,65.49,34.72,Low,Review,Negative ROI | High Data Drift,Financial review required due to negative ROI.
AI-0865,Banking,Customer Support,74.39,75.15,55.6,Medium,Monitor,High Downtime,Project requires management monitoring.
AI-0866,Telecom,Fraud Detection,-97.47,70.38,28.69,Low,Review,Negative ROI,Financial review required due to negative ROI.
AI-0867,Telecom,Fraud Detection,248.3,46.88,70.68,High,Monitor,High Governance Risk | Low AI Performance | High Data Drift | High Downtime | Low User Adoption,Governance review required before further scaling.
AI-0868,Manufacturing,Predictive Maintenance,-94.79,80.98,11.21,Low,Monitor,Negative ROI,Financial review required due to negative ROI.
AI-0869,Healthcare,Demand Forecasting,-32.37,75.15,53.7,Medium,Review,Negative ROI,Financial review required due to negative ROI.
AI-0870,Banking,Predictive Maintenance,-94.94,61.03,39.37,Medium,Review,Negative ROI | High Data Drift | High Downtime,Financial review required due to negative ROI.
AI-0871,Healthcare,Customer Support,-41.98,57.87,41.32,Medium,Review,Negative ROI | Low AI Performance | High Data Drift | Low User Adoption,Financial review required due to negative ROI.
AI-0872,Banking,Predictive Maintenance,-52.87,66.11,47.77,Medium,Review,Negative ROI | High Downtime,Financial review required due to negative ROI.
AI-0873,Manufacturing,Document Intelligence,-75.98,80.01,48.73,Medium,Review,Negative ROI,Financial review required due to negative ROI.
AI-0874,Manufacturing,Fraud Detection,-68.71,60.16,47.88,Medium,Review,Negative ROI | High Data Drift | High Downtime,Financial review required due to negative ROI.
AI-0875,Telecom,Fraud Detection,-70.43,64.51,68.9,High,Review,Negative ROI | High Governance Risk | High Data Drift | High Downtime | Low User Adoption,Financial review required due to negative ROI.
AI-0876,Healthcare,Recommendation,-94.21,71.1,73.16,High,Review,Negative ROI | High Governance Risk | High Data Drift | High Downtime,Financial review required due to negative ROI.
AI-0877,Logistics,Recommendation,-55.11,67.28,68.65,High,Review,Negative ROI | High Governance Risk | High Data Drift | High Downtime,Financial review required due to negative ROI.
AI-0878,Telecom,Customer Support,74.01,61.51,27.83,Low,Monitor,High Downtime | Low User Adoption,Project requires management monitoring.
AI-0879,Healthcare,Document Intelligence,-72.48,55.05,65.08,High,Review,Negative ROI | High Governance Risk | Low AI Performance | High Data Drift | High Downtime,Financial review required due to negative ROI.
AI-0880,Telecom,Demand Forecasting,316.66,72.72,45.29,Medium,Strategic,Healthy,AI project is performing within acceptable business and governance limits.
AI-0881,Logistics,Predictive Maintenance,-5.45,82.29,9.73,Low,Monitor,Negative ROI,Financial review required due to negative ROI.
AI-0882,Retail,Customer Support,-31.09,71.83,26.71,Low,Review,Negative ROI | High Downtime,Financial review required due to negative ROI.
AI-0883,Retail,Recommendation,-72.04,63.26,34.11,Low,Review,Negative ROI | High Downtime | Low User Adoption,Financial review required due to negative ROI.
AI-0884,Retail,Predictive Maintenance,-90.83,72.2,18.81,Low,Review,Negative ROI | High Downtime,Financial review required due to negative ROI.
AI-0885,Retail,Recommendation,-82.95,71.96,54.94,Medium,Review,Negative ROI | High Data Drift | High Downtime,Financial review required due to negative ROI.
AI-0886,Banking,Predictive Maintenance,-66.94,76.89,67.12,High,Review,Negative ROI | High Governance Risk | High Downtime,Financial review required due to negative ROI.
AI-0887,Retail,Demand Forecasting,-77.2,64.58,27.5,Low,Review,Negative ROI,Financial review required due to negative ROI.
AI-0888,Logistics,Customer Support,32.33,66.87,37.87,Medium,Review,High Data Drift,Data monitoring and model retraining should be considered.
AI-0889,Manufacturing,Predictive Maintenance,5.01,81.27,55.53,Medium,Review,Healthy,AI project is performing within acceptable business and governance limits.
AI-0890,Manufacturing,Document Intelligence,-53.39,62.08,16.1,Low,Review,Negative ROI,Financial review required due to negative ROI.
AI-0891,Banking,Fraud Detection,-27.96,75.01,54.73,Medium,Review,Negative ROI,Financial review required due to negative ROI.
AI-0892,Retail,Document Intelligence,-43.98,53.79,57.56,Medium,Review,Negative ROI | Low AI Performance | High Data Drift | High Downtime,Financial review required due to negative ROI.
AI-0893,Retail,Document Intelligence,-32.41,78.87,45.27,Medium,Review,Negative ROI | High Downtime,Financial review required due to negative ROI.
AI-0894,Retail,Fraud Detection,-65.56,82.89,29.2,Low,Monitor,Negative ROI | Low User Adoption,Financial review required due to negative ROI.
AI-0895,Telecom,Document Intelligence,-90.64,69.05,29.94,Low,Review,Negative ROI | Low User Adoption,Financial review required due to negative ROI.
AI-0896,Healthcare,Predictive Maintenance,-38.92,63.52,15.56,Low,Review,Negative ROI | Low User Adoption,Financial review required due to negative ROI.
AI-0897,Telecom,Predictive Maintenance,-15.92,83.08,47.62,Medium,Review,Negative ROI,Financial review required due to negative ROI.
AI-0898,Healthcare,Predictive Maintenance,182.07,75.45,25.43,Low,Strategic,Low User Adoption,Project requires management monitoring.
AI-0899,Retail,Fraud Detection,-96.65,63.5,46.19,Medium,Review,Negative ROI | Low User Adoption,Financial review required due to negative ROI.
AI-0900,Retail,Document Intelligence,-36.38,73.22,36.39,Medium,Review,Negative ROI | High Data Drift,Financial review required due to negative ROI.
AI-0901,Telecom,Fraud Detection,-42.63,69.91,14.21,Low,Monitor,Negative ROI | Low User Adoption,Financial review required due to negative ROI.
AI-0902,Telecom,Predictive Maintenance,-35.52,86.07,57.23,Medium,Review,Negative ROI | High Downtime,Financial review required due to negative ROI.
AI-0903,Healthcare,Document Intelligence,-79.03,69.01,13.76,Low,Monitor,Negative ROI,Financial review required due to negative ROI.
AI-0904,Manufacturing,Document Intelligence,-40.53,61.67,38.67,Medium,Review,Negative ROI | Low User Adoption,Financial review required due to negative ROI.
AI-0905,Healthcare,Recommendation,-96.62,69.35,49.69,Medium,Review,Negative ROI | High Data Drift,Financial review required due to negative ROI.
AI-0906,Telecom,Recommendation,-65.47,71.08,45.25,Medium,Review,Negative ROI | Low User Adoption,Financial review required due to negative ROI.
AI-0907,Logistics,Demand Forecasting,-87.29,84.77,19.49,Low,Monitor,Negative ROI,Financial review required due to negative ROI.
AI-0908,Telecom,Customer Support,4.77,63.29,51.84,Medium,Review,High Data Drift | High Downtime,Data monitoring and model retraining should be considered.
AI-0909,Logistics,Recommendation,-49.25,60.82,47.11,Medium,Review,Negative ROI | Low User Adoption,Financial review required due to negative ROI.
AI-0910,Banking,Fraud Detection,-71.85,66.09,57.98,Medium,Review,Negative ROI | High Downtime | Low User Adoption,Financial review required due to negative ROI.
AI-0911,Telecom,Recommendation,-17.1,73.26,13.05,Low,Monitor,Negative ROI,Financial review required due to negative ROI.
AI-0912,Banking,Demand Forecasting,-93.19,70.86,39.98,Medium,Review,Negative ROI | High Downtime | Low User Adoption,Financial review required due to negative ROI.
AI-0913,Manufacturing,Document Intelligence,-51.1,70.52,25.18,Low,Review,Negative ROI | Low User Adoption,Financial review required due to negative ROI.
AI-0914,Healthcare,Demand Forecasting,-54.04,70.36,18.18,Low,Review,Negative ROI,Financial review required due to negative ROI.
AI-0915,Logistics,Document Intelligence,65.2,72.86,39.27,Medium,Monitor,High Downtime,Project requires management monitoring.
AI-0916,Healthcare,Document Intelligence,-55.61,67.12,47.92,Medium,Review,Negative ROI | High Data Drift | High Downtime,Financial review required due to negative ROI.
AI-0917,Banking,Customer Support,-74.73,70.69,57.96,Medium,Review,Negative ROI | High Downtime,Financial review required due to negative ROI.
AI-0918,Logistics,Recommendation,-93.73,66.66,49.84,Medium,Review,Negative ROI,Financial review required due to negative ROI.
AI-0919,Healthcare,Fraud Detection,-98.09,59.53,35.49,Medium,Review,Negative ROI | Low AI Performance | Low User Adoption,Financial review required due to negative ROI.
AI-0920,Telecom,Fraud Detection,333.85,60.05,46.18,Medium,Monitor,High Downtime,Project requires management monitoring.
AI-0921,Retail,Predictive Maintenance,-93.57,80.3,14.34,Low,Monitor,Negative ROI,Financial review required due to negative ROI.
AI-0922,Banking,Document Intelligence,-82.85,59.35,56.96,Medium,Review,Negative ROI | Low AI Performance | High Data Drift,Financial review required due to negative ROI.
AI-0923,Healthcare,Fraud Detection,-47.61,73.17,53.54,Medium,Review,Negative ROI | High Data Drift,Financial review required due to negative ROI.
AI-0924,Banking,Customer Support,-79.96,62.26,58.72,Medium,Review,Negative ROI | High Data Drift | Low User Adoption,Financial review required due to negative ROI.
AI-0925,Banking,Document Intelligence,-62.19,60.47,48.57,Medium,Review,Negative ROI | High Data Drift | Low User Adoption,Financial review required due to negative ROI.
AI-0926,Logistics,Customer Support,-61.86,76.14,31.38,Low,Review,Negative ROI,Financial review required due to negative ROI.
AI-0927,Logistics,Fraud Detection,-95.93,80.65,53.34,Medium,Review,Negative ROI,Financial review required due to negative ROI.
AI-0928,Retail,Fraud Detection,-69.67,68.79,42.65,Medium,Review,Negative ROI | High Downtime,Financial review required due to negative ROI.
AI-0929,Telecom,Predictive Maintenance,-84.0,62.05,19.75,Low,Review,Negative ROI | Low User Adoption,Financial review required due to negative ROI.
AI-0930,Banking,Fraud Detection,-7.33,71.09,49.66,Medium,Review,Negative ROI | High Data Drift,Financial review required due to negative ROI.
AI-0931,Healthcare,Document Intelligence,22.3,80.17,18.97,Low,Monitor,Healthy,AI project is performing within acceptable business and governance limits.
AI-0932,Manufacturing,Document Intelligence,-69.82,62.4,25.09,Low,Review,Negative ROI | High Data Drift,Financial review required due to negative ROI.
AI-0933,Banking,Document Intelligence,-53.46,71.86,35.22,Medium,Review,Negative ROI,Financial review required due to negative ROI.
AI-0934,Banking,Predictive Maintenance,-53.15,56.54,48.55,Medium,Review,Negative ROI | Low AI Performance | High Data Drift | High Downtime,Financial review required due to negative ROI.
AI-0935,Retail,Predictive Maintenance,-96.93,60.42,50.35,Medium,Review,Negative ROI | High Data Drift | Low User Adoption,Financial review required due to negative ROI.
AI-0936,Telecom,Fraud Detection,-29.13,67.1,32.08,Low,Review,Negative ROI | High Data Drift | High Downtime,Financial review required due to negative ROI.
AI-0937,Manufacturing,Demand Forecasting,-81.23,64.53,23.87,Low,Review,Negative ROI,Financial review required due to negative ROI.
AI-0938,Logistics,Demand Forecasting,-14.36,56.99,14.04,Low,Review,Negative ROI | Low AI Performance | Low User Adoption,Financial review required due to negative ROI.
AI-0939,Logistics,Predictive Maintenance,-28.32,46.86,31.03,Low,Review,Negative ROI | Low AI Performance | High Data Drift | High Downtime | Low User Adoption,Financial review required due to negative ROI.
AI-0940,Healthcare,Fraud Detection,-34.37,70.89,28.11,Low,Review,Negative ROI | High Data Drift,Financial review required due to negative ROI.
AI-0941,Manufacturing,Demand Forecasting,-66.25,71.69,40.77,Medium,Review,Negative ROI | High Data Drift,Financial review required due to negative ROI.
AI-0942,Logistics,Fraud Detection,-73.31,81.24,25.88,Low,Monitor,Negative ROI,Financial review required due to negative ROI.
AI-0943,Healthcare,Fraud Detection,7.42,62.34,43.37,Medium,Review,Low User Adoption,Project requires management monitoring.
AI-0944,Telecom,Fraud Detection,-29.49,60.04,67.55,High,Review,Negative ROI | High Governance Risk | High Data Drift,Financial review required due to negative ROI.
AI-0945,Healthcare,Recommendation,-94.25,83.7,39.0,Medium,Review,Negative ROI,Financial review required due to negative ROI.
AI-0946,Logistics,Document Intelligence,-55.97,57.1,15.13,Low,Review,Negative ROI | Low AI Performance | High Data Drift,Financial review required due to negative ROI.
AI-0947,Retail,Fraud Detection,-43.47,77.62,9.95,Low,Monitor,Negative ROI,Financial review required due to negative ROI.
AI-0948,Retail,Recommendation,-69.28,89.46,58.28,Medium,Review,Negative ROI | High Downtime,Financial review required due to negative ROI.
AI-0949,Retail,Predictive Maintenance,-42.37,72.4,47.43,Medium,Review,Negative ROI | High Downtime,Financial review required due to negative ROI.
AI-0950,Logistics,Demand Forecasting,-70.84,70.06,61.03,Medium,Review,Negative ROI | High Downtime,Financial review required due to negative ROI.
AI-0951,Retail,Document Intelligence,-53.99,75.95,43.01,Medium,Review,Negative ROI,Financial review required due to negative ROI.
AI-0952,Manufacturing,Demand Forecasting,-56.16,66.43,65.27,High,Review,Negative ROI | High Governance Risk | High Downtime,Financial review required due to negative ROI.
AI-0953,Telecom,Document Intelligence,-66.97,60.88,64.38,Medium,Review,Negative ROI | High Downtime,Financial review required due to negative ROI.
AI-0954,Healthcare,Demand Forecasting,-8.12,77.89,48.19,Medium,Review,Negative ROI | High Downtime,Financial review required due to negative ROI.
AI-0955,Healthcare,Document Intelligence,-61.68,65.65,29.26,Low,Review,Negative ROI,Financial review required due to negative ROI.
AI-0956,Logistics,Demand Forecasting,-11.57,70.15,60.9,Medium,Review,Negative ROI | High Data Drift,Financial review required due to negative ROI.
AI-0957,Retail,Demand Forecasting,-16.59,60.51,52.9,Medium,Review,Negative ROI | High Data Drift | High Downtime,Financial review required due to negative ROI.
AI-0958,Retail,Demand Forecasting,-64.05,74.15,11.66,Low,Monitor,Negative ROI | High Data Drift,Financial review required due to negative ROI.
AI-0959,Banking,Demand Forecasting,-69.14,61.04,50.89,Medium,Review,Negative ROI | High Data Drift,Financial review required due to negative ROI.
AI-0960,Telecom,Predictive Maintenance,-72.38,69.43,53.68,Medium,Review,Negative ROI | High Data Drift | High Downtime,Financial review required due to negative ROI.
AI-0961,Manufacturing,Fraud Detection,-71.55,84.55,63.71,Medium,Review,Negative ROI | High Downtime,Financial review required due to negative ROI.
AI-0962,Healthcare,Customer Support,-60.79,61.57,59.35,Medium,Review,Negative ROI | High Data Drift | High Downtime | Low User Adoption,Financial review required due to negative ROI.
AI-0963,Banking,Recommendation,139.55,66.25,39.49,Medium,Monitor,High Data Drift | High Downtime,Data monitoring and model retraining should be considered.
AI-0964,Banking,Customer Support,29.53,63.26,52.03,Medium,Review,Low User Adoption,Project requires management monitoring.
AI-0965,Logistics,Customer Support,126.12,74.28,36.74,Medium,Monitor,Low User Adoption,Project requires management monitoring.
AI-0966,Healthcare,Document Intelligence,-75.94,69.24,46.66,Medium,Review,Negative ROI | High Data Drift,Financial review required due to negative ROI.
AI-0967,Logistics,Fraud Detection,-50.02,75.01,26.24,Low,Review,Negative ROI | Low User Adoption,Financial review required due to negative ROI.
AI-0968,Manufacturing,Document Intelligence,-82.77,62.43,28.5,Low,Review,Negative ROI,Financial review required due to negative ROI.
AI-0969,Banking,Fraud Detection,21.92,66.71,34.74,Low,Review,Low User Adoption,Project requires management monitoring.
AI-0970,Banking,Fraud Detection,-67.25,53.92,22.99,Low,Review,Negative ROI | Low AI Performance | Low User Adoption,Financial review required due to negative ROI.
AI-0971,Telecom,Demand Forecasting,-42.33,62.21,35.2,Medium,Review,Negative ROI | High Downtime,Financial review required due to negative ROI.
AI-0972,Manufacturing,Predictive Maintenance,-68.74,84.44,57.08,Medium,Review,Negative ROI | High Downtime,Financial review required due to negative ROI.
AI-0973,Banking,Demand Forecasting,-17.01,82.98,43.82,Medium,Review,Negative ROI | High Downtime,Financial review required due to negative ROI.
AI-0974,Manufacturing,Predictive Maintenance,-2.78,57.47,43.32,Medium,Review,Negative ROI | Low AI Performance | High Downtime,Financial review required due to negative ROI.
AI-0975,Healthcare,Document Intelligence,-79.38,52.8,29.86,Low,Review,Negative ROI | Low AI Performance | High Data Drift | Low User Adoption,Financial review required due to negative ROI.
AI-0976,Retail,Predictive Maintenance,-63.75,55.69,52.55,Medium,Review,Negative ROI | Low AI Performance | High Data Drift | High Downtime,Financial review required due to negative ROI.
AI-0977,Banking,Document Intelligence,-60.01,68.57,55.04,Medium,Review,Negative ROI,Financial review required due to negative ROI.
AI-0978,Telecom,Customer Support,-75.74,69.41,39.95,Medium,Review,Negative ROI | High Data Drift | High Downtime,Financial review required due to negative ROI.
AI-0979,Healthcare,Customer Support,-15.41,79.2,26.72,Low,Review,Negative ROI | High Downtime,Financial review required due to negative ROI.
AI-0980,Manufacturing,Predictive Maintenance,-58.26,76.01,56.44,Medium,Review,Negative ROI | High Downtime,Financial review required due to negative ROI.
AI-0981,Logistics,Predictive Maintenance,-58.09,70.72,55.06,Medium,Review,Negative ROI,Financial review required due to negative ROI.
AI-0982,Healthcare,Document Intelligence,-18.51,67.88,34.35,Low,Review,Negative ROI,Financial review required due to negative ROI.
AI-0983,Banking,Demand Forecasting,-86.07,86.33,12.52,Low,Monitor,Negative ROI,Financial review required due to negative ROI.
AI-0984,Manufacturing,Document Intelligence,-20.13,72.83,16.68,Low,Monitor,Negative ROI,Financial review required due to negative ROI.
AI-0985,Retail,Demand Forecasting,-66.14,63.63,47.87,Medium,Review,Negative ROI | High Data Drift | Low User Adoption,Financial review required due to negative ROI.
AI-0986,Healthcare,Customer Support,-30.1,69.16,21.46,Low,Review,Negative ROI | High Data Drift,Financial review required due to negative ROI.
AI-0987,Banking,Fraud Detection,-41.96,57.82,39.13,Medium,Review,Negative ROI | Low AI Performance,Financial review required due to negative ROI.
AI-0988,Telecom,Predictive Maintenance,-46.78,85.58,32.41,Low,Monitor,Negative ROI,Financial review required due to negative ROI.
AI-0989,Logistics,Demand Forecasting,-85.58,62.07,31.0,Low,Review,Negative ROI | High Downtime,Financial review required due to negative ROI.
AI-0990,Manufacturing,Document Intelligence,-59.24,63.82,45.84,Medium,Review,Negative ROI | Low User Adoption,Financial review required due to negative ROI.
AI-0991,Healthcare,Customer Support,589.21,76.38,56.28,Medium,Monitor,High Data Drift | High Downtime,Data monitoring and model retraining should be considered.
AI-0992,Healthcare,Demand Forecasting,-74.42,74.33,50.24,Medium,Review,Negative ROI | High Downtime,Financial review required due to negative ROI.
AI-0993,Retail,Document Intelligence,-27.04,64.49,30.74,Low,Review,Negative ROI | High Data Drift | Low User Adoption,Financial review required due to negative ROI.
AI-0994,Retail,Predictive Maintenance,-68.75,62.56,34.82,Low,Review,Negative ROI | High Data Drift | High Downtime,Financial review required due to negative ROI.
AI-0995,Telecom,Predictive Maintenance,-84.08,72.04,30.82,Low,Review,Negative ROI,Financial review required due to negative ROI.
AI-0996,Logistics,Recommendation,-87.86,67.06,38.18,Medium,Review,Negative ROI | High Data Drift,Financial review required due to negative ROI.
AI-0997,Telecom,Fraud Detection,-79.79,79.12,22.66,Low,Monitor,Negative ROI,Financial review required due to negative ROI.
AI-0998,Banking,Recommendation,-87.77,69.2,8.09,Low,Monitor,Negative ROI,Financial review required due to negative ROI.
AI-0999,Banking,Customer Support,-91.26,57.12,21.58,Low,Review,Negative ROI | Low AI Performance | Low User Adoption,Financial review required due to negative ROI.
AI-1000,Telecom,Demand Forecasting,-36.71,63.39,55.49,Medium,Review,Negative ROI,Financial review required due to negative ROI.
