Project_ID,Industry,AI_Use_Case,Model_Type,Monthly_Cost,Annual_Benefit,Accuracy,Latency_ms,Data_Drift,Compliance_Risk,Model_Downtime,User_Adoption,Annual_Cost,ROI_Percent,Governance_Risk_Score,Performance_Score,Risk_Category,ROI_Category,Business_Priority_Score,Business_Priority,AI_Alert,Management_Insight
AI-0001,Manufacturing,Document Intelligence,NLP,72843,165051,0.704,81.01,0.118,0.126,11.75,0.499,874116,-81.12,28.79,66.85,Low,Negative ROI,44.76,Review,Negative ROI | High Downtime | Low User Adoption,Financial review required due to negative ROI.
AI-0002,Telecom,Recommendation,Computer Vision,44901,261131,0.738,110.86,0.078,0.414,13.83,0.419,538812,-51.54,44.02,68.05,Medium,Negative ROI,40.61,Review,Negative ROI | High Downtime | Low User Adoption,Financial review required due to negative ROI.
AI-0003,Retail,Document Intelligence,Recommendation,16205,259173,0.856,240.48,0.104,0.762,2.93,0.535,194460,33.28,42.29,71.09,Medium,Low ROI,48.02,Review,Healthy,AI project is performing within acceptable business and governance limits.
AI-0004,Telecom,Document Intelligence,Recommendation,60661,48328,0.797,381.02,0.238,0.9,14.41,0.726,727932,-93.36,71.66,61.04,High,Negative ROI,29.87,Review,Negative ROI | High Governance Risk | High Data Drift | High Downtime,Financial review required due to negative ROI.
AI-0005,Telecom,Predictive Maintenance,Recommendation,10906,132911,0.913,454.66,0.188,0.665,2.14,0.703,130872,1.56,39.13,66.67,Medium,Low ROI,41.87,Review,Healthy,AI project is performing within acceptable business and governance limits.
AI-0006,Healthcare,Document Intelligence,NLP,7591,295011,0.94,420.98,0.281,0.105,7.64,0.415,91092,223.86,25.89,58.62,Low,High ROI,77.75,Strategic,Low AI Performance | High Data Drift | Low User Adoption,Model performance optimization is recommended.
AI-0007,Retail,Customer Support,Computer Vision,67987,79234,0.834,114.51,0.204,0.672,12.45,0.387,815844,-90.29,57.11,65.8,Medium,Negative ROI,35.9,Review,Negative ROI | High Data Drift | High Downtime | Low User Adoption,Financial review required due to negative ROI.
AI-0008,Retail,Document Intelligence,Regression,68370,307995,0.908,231.75,0.171,0.635,5.25,0.319,820440,-62.46,42.46,66.28,Medium,Negative ROI,40.46,Review,Negative ROI | Low User Adoption,Financial review required due to negative ROI.
AI-0009,Retail,Document Intelligence,Regression,85685,313423,0.754,115.72,0.183,0.806,6.37,0.309,1028220,-69.52,52.38,61.26,Medium,Negative ROI,35.73,Review,Negative ROI | Low User Adoption,Financial review required due to negative ROI.
AI-0010,Telecom,Document Intelligence,NLP,59400,268503,0.791,146.95,0.283,0.825,1.92,0.916,712800,-62.33,48.82,69.31,Medium,Negative ROI,39.61,Review,Negative ROI | High Data Drift,Financial review required due to negative ROI.
AI-0011,Manufacturing,Fraud Detection,Recommendation,30150,247135,0.892,261.7,0.236,0.868,1.84,0.332,361800,-31.69,49.21,61.59,Medium,Negative ROI,36.79,Review,Negative ROI | High Data Drift | Low User Adoption,Financial review required due to negative ROI.
AI-0012,Retail,Customer Support,Classification,36852,93402,0.781,52.69,0.007,0.414,9.29,0.812,442224,-78.88,34.32,83.36,Low,Negative ROI,48.88,Review,Negative ROI,Financial review required due to negative ROI.
AI-0013,Logistics,Customer Support,NLP,47870,297593,0.85,124.72,0.16,0.698,10.13,0.91,574440,-48.19,53.09,78.96,Medium,Negative ROI,41.71,Review,Negative ROI | High Downtime,Financial review required due to negative ROI.
AI-0014,Telecom,Recommendation,NLP,57756,358365,0.713,468.98,0.207,0.268,11.66,0.369,693072,-48.29,37.7,48.61,Medium,Negative ROI,35.7,Review,Negative ROI | Low AI Performance | High Data Drift | High Downtime | Low User Adoption,Financial review required due to negative ROI.
AI-0015,Healthcare,Predictive Maintenance,Computer Vision,61481,371224,0.854,243.74,0.225,0.999,8.35,0.605,737772,-49.68,65.62,66.24,High,Negative ROI,33.5,Review,Negative ROI | High Governance Risk | High Data Drift,Financial review required due to negative ROI.
AI-0016,Manufacturing,Document Intelligence,Regression,6283,25451,0.943,233.79,0.064,0.175,9.69,0.974,75396,-66.24,25.94,86.42,Low,Negative ROI,52.46,Monitor,Negative ROI,Financial review required due to negative ROI.
AI-0017,Logistics,Demand Forecasting,NLP,38691,107178,0.945,26.99,0.26,0.01,0.2,0.884,464292,-76.92,8.58,81.12,Low,Negative ROI,55.82,Monitor,Negative ROI | High Data Drift,Financial review required due to negative ROI.
AI-0018,Logistics,Predictive Maintenance,NLP,6125,454532,0.896,138.75,0.287,0.149,2.43,0.643,73500,518.41,19.37,69.15,Low,High ROI,83.39,Strategic,High Data Drift,Data monitoring and model retraining should be considered.
AI-0019,Healthcare,Predictive Maintenance,Recommendation,72065,476280,0.904,435.82,0.071,0.776,14.77,0.834,864780,-44.92,61.67,75.26,Medium,Negative ROI,37.84,Review,Negative ROI | High Downtime,Financial review required due to negative ROI.
AI-0020,Manufacturing,Customer Support,Recommendation,31170,345905,0.84,99.02,0.265,0.447,1.14,0.883,374040,-7.52,29.97,73.44,Low,Negative ROI,46.71,Review,Negative ROI | High Data Drift,Financial review required due to negative ROI.
AI-0021,Telecom,Predictive Maintenance,Classification,13438,256562,0.849,219.26,0.029,0.448,10.18,0.544,161256,59.1,38.0,75.3,Medium,Healthy ROI,55.3,Monitor,High Downtime,Project requires management monitoring.
AI-0022,Banking,Document Intelligence,Computer Vision,25095,321014,0.695,26.88,0.017,0.955,2.64,0.925,301140,6.6,47.88,81.59,Medium,Low ROI,45.35,Review,Healthy,AI project is performing within acceptable business and governance limits.
AI-0023,Manufacturing,Document Intelligence,Classification,21154,378710,0.801,249.6,0.039,0.92,10.75,0.629,253848,49.19,60.49,73.19,Medium,Low ROI,46.08,Review,High Downtime,Project requires management monitoring.
AI-0024,Healthcare,Fraud Detection,Recommendation,13004,405893,0.803,30.09,0.017,0.311,10.59,0.669,156048,160.11,32.16,81.78,Low,High ROI,76.99,Strategic,High Downtime,Project requires management monitoring.
AI-0025,Logistics,Document Intelligence,Regression,14752,143765,0.976,413.41,0.254,0.209,3.51,1.0,177024,-18.79,22.88,73.7,Low,Negative ROI,48.93,Review,Negative ROI | High Data Drift,Financial review required due to negative ROI.
AI-0026,Telecom,Document Intelligence,Recommendation,60426,407025,0.797,415.93,0.018,0.848,4.04,0.89,725112,-43.87,45.43,74.27,Medium,Negative ROI,42.37,Review,Negative ROI,Financial review required due to negative ROI.
AI-0027,Manufacturing,Customer Support,Computer Vision,31819,444089,0.837,398.12,0.081,0.906,9.82,0.553,381828,16.31,59.57,66.92,Medium,Low ROI,38.41,Review,Healthy,AI project is performing within acceptable business and governance limits.
AI-0028,Banking,Document Intelligence,Recommendation,97051,148389,0.831,156.01,0.031,0.542,5.85,0.307,1164612,-87.26,35.07,71.46,Medium,Negative ROI,44.49,Review,Negative ROI | Low User Adoption,Financial review required due to negative ROI.
AI-0029,Banking,Fraud Detection,Computer Vision,29217,209699,0.866,421.87,0.089,0.629,2.92,0.738,350604,-40.19,35.84,70.95,Medium,Negative ROI,44.08,Review,Negative ROI,Financial review required due to negative ROI.
AI-0030,Retail,Demand Forecasting,Computer Vision,93708,217227,0.904,280.64,0.027,0.257,10.98,0.793,1124496,-80.68,30.67,81.29,Low,Negative ROI,49.25,Review,Negative ROI | High Downtime,Financial review required due to negative ROI.
AI-0031,Retail,Customer Support,Computer Vision,37994,307516,0.727,199.43,0.2,0.801,2.31,0.756,455928,-32.55,45.9,65.49,Medium,Negative ROI,39.15,Review,Negative ROI | High Data Drift,Financial review required due to negative ROI.
AI-0032,Healthcare,Demand Forecasting,Computer Vision,20036,285786,0.83,320.16,0.04,0.632,12.83,0.978,240432,18.86,51.02,79.46,Medium,Low ROI,45.81,Review,High Downtime,Project requires management monitoring.
AI-0033,Manufacturing,Customer Support,Computer Vision,82275,280220,0.931,25.92,0.256,0.504,7.72,0.904,987300,-71.62,43.23,81.05,Medium,Negative ROI,45.4,Review,Negative ROI | High Data Drift,Financial review required due to negative ROI.
AI-0034,Manufacturing,Recommendation,Regression,54416,441217,0.807,88.62,0.245,0.06,1.59,0.614,652992,-32.43,12.7,67.72,Low,Negative ROI,49.89,Review,Negative ROI | High Data Drift,Financial review required due to negative ROI.
AI-0035,Logistics,Predictive Maintenance,Classification,14587,316208,0.745,376.3,0.004,0.916,10.41,0.344,175044,80.64,58.69,62.64,Medium,Healthy ROI,48.43,Review,High Downtime | Low User Adoption,Project requires management monitoring.
AI-0036,Logistics,Recommendation,NLP,5645,245898,0.873,137.2,0.269,0.615,7.79,0.633,67740,263.0,48.73,68.74,Medium,High ROI,74.44,Monitor,High Data Drift,Data monitoring and model retraining should be considered.
AI-0037,Logistics,Document Intelligence,Classification,35930,296266,0.93,307.04,0.009,0.193,4.47,0.782,431160,-31.29,16.4,82.48,Low,Negative ROI,53.95,Monitor,Negative ROI,Financial review required due to negative ROI.
AI-0038,Retail,Demand Forecasting,Computer Vision,86835,438036,0.671,204.85,0.072,0.606,6.34,0.725,1042020,-57.96,40.0,68.3,Medium,Negative ROI,41.9,Review,Negative ROI,Financial review required due to negative ROI.
AI-0039,Manufacturing,Document Intelligence,Regression,35090,88431,0.914,430.31,0.01,0.677,4.48,0.677,421080,-79.0,38.23,75.83,Medium,Negative ROI,45.07,Review,Negative ROI,Financial review required due to negative ROI.
AI-0040,Manufacturing,Predictive Maintenance,Recommendation,92489,75745,0.929,477.16,0.101,0.526,3.95,0.628,1109868,-93.18,33.28,69.65,Low,Negative ROI,44.39,Review,Negative ROI,Financial review required due to negative ROI.
AI-0041,Banking,Customer Support,Regression,57142,70081,0.807,444.11,0.154,0.718,2.45,0.506,685704,-89.78,41.01,59.45,Medium,Negative ROI,38.5,Review,Negative ROI | Low AI Performance,Financial review required due to negative ROI.
AI-0042,Retail,Predictive Maintenance,Computer Vision,31475,484118,0.984,149.9,0.239,0.581,5.44,0.494,377700,28.18,42.38,72.63,Medium,Low ROI,47.64,Review,High Data Drift | Low User Adoption,Data monitoring and model retraining should be considered.
AI-0043,Telecom,Fraud Detection,Regression,23888,421927,0.917,113.2,0.101,0.948,3.76,0.65,286656,47.19,51.96,80.4,Medium,Low ROI,50.81,Monitor,Healthy,AI project is performing within acceptable business and governance limits.
AI-0044,Retail,Predictive Maintenance,Regression,48732,236204,0.913,247.73,0.212,0.054,10.25,0.412,584784,-59.61,25.87,65.86,Low,Negative ROI,45.29,Review,Negative ROI | High Data Drift | High Downtime | Low User Adoption,Financial review required due to negative ROI.
AI-0045,Telecom,Fraud Detection,Computer Vision,86623,432009,0.904,23.52,0.056,0.106,10.26,0.538,1039476,-58.44,23.55,82.45,Low,Negative ROI,51.79,Monitor,Negative ROI | High Downtime,Financial review required due to negative ROI.
AI-0046,Banking,Predictive Maintenance,Regression,51305,421415,0.701,32.39,0.225,0.174,7.53,0.527,615660,-31.55,27.13,63.37,Low,Negative ROI,44.04,Review,Negative ROI | High Data Drift,Financial review required due to negative ROI.
AI-0047,Healthcare,Fraud Detection,NLP,51037,96253,0.724,285.58,0.071,0.69,11.67,0.711,612444,-84.28,52.63,68.3,Medium,Negative ROI,38.12,Review,Negative ROI | High Downtime,Financial review required due to negative ROI.
AI-0048,Manufacturing,Demand Forecasting,NLP,14346,318335,0.808,269.82,0.043,0.646,12.62,0.347,172152,84.92,51.39,67.1,Medium,Healthy ROI,52.93,Monitor,High Downtime | Low User Adoption,Project requires management monitoring.
AI-0049,Banking,Document Intelligence,Regression,5587,292355,0.74,497.4,0.056,0.892,8.7,0.881,67044,336.06,56.32,66.9,Medium,High ROI,71.52,Monitor,Healthy,AI project is performing within acceptable business and governance limits.
AI-0050,Manufacturing,Document Intelligence,Recommendation,17763,131086,0.791,116.88,0.055,0.733,9.28,0.694,213156,-38.5,50.1,77.17,Medium,Negative ROI,41.98,Review,Negative ROI,Financial review required due to negative ROI.
AI-0051,Logistics,Recommendation,Computer Vision,64165,476285,0.952,143.89,0.154,0.508,4.24,0.77,769980,-38.14,34.55,80.98,Low,Negative ROI,47.98,Review,Negative ROI,Financial review required due to negative ROI.
AI-0052,Healthcare,Document Intelligence,NLP,74615,469962,0.93,74.5,0.253,0.992,13.42,0.792,895380,-47.51,74.6,77.46,High,Negative ROI,34.73,Review,Negative ROI | High Governance Risk | High Data Drift | High Downtime,Financial review required due to negative ROI.
AI-0053,Healthcare,Customer Support,Recommendation,41116,434758,0.864,460.42,0.024,0.266,0.36,0.504,493392,-11.88,13.29,68.27,Low,Negative ROI,49.91,Review,Negative ROI,Financial review required due to negative ROI.
AI-0054,Banking,Predictive Maintenance,Regression,90751,444528,0.942,393.35,0.212,0.833,5.23,0.629,1089012,-59.18,52.56,67.28,Medium,Negative ROI,37.78,Review,Negative ROI | High Data Drift,Financial review required due to negative ROI.
AI-0055,Healthcare,Recommendation,Recommendation,96353,458458,0.916,414.72,0.196,0.427,10.83,0.969,1156236,-60.35,43.14,72.94,Medium,Negative ROI,42.59,Review,Negative ROI | High Downtime,Financial review required due to negative ROI.
AI-0056,Telecom,Customer Support,Classification,95301,384115,0.796,453.33,0.262,0.649,1.2,0.837,1143612,-66.41,39.07,59.84,Medium,Negative ROI,39.22,Review,Negative ROI | Low AI Performance | High Data Drift,Financial review required due to negative ROI.
AI-0057,Healthcare,Customer Support,NLP,30556,113783,0.718,271.95,0.073,0.727,2.75,0.979,366672,-68.97,39.49,73.67,Medium,Negative ROI,43.94,Review,Negative ROI,Financial review required due to negative ROI.
AI-0058,Manufacturing,Fraud Detection,Regression,64042,145681,0.825,236.57,0.135,0.634,8.84,0.822,768504,-81.04,47.31,73.84,Medium,Negative ROI,41.65,Review,Negative ROI,Financial review required due to negative ROI.
AI-0059,Manufacturing,Document Intelligence,Computer Vision,23099,107893,0.9,178.59,0.278,0.141,8.4,0.423,277188,-61.08,28.68,64.2,Low,Negative ROI,43.87,Review,Negative ROI | High Data Drift | Low User Adoption,Financial review required due to negative ROI.
AI-0060,Manufacturing,Demand Forecasting,Regression,50096,468604,0.798,302.82,0.198,0.443,11.08,0.345,601152,-22.05,44.34,57.82,Medium,Negative ROI,36.93,Review,Negative ROI | Low AI Performance | High Downtime | Low User Adoption,Financial review required due to negative ROI.
AI-0061,Manufacturing,Demand Forecasting,Computer Vision,76986,178763,0.877,238.05,0.117,0.561,12.19,0.704,923832,-80.65,49.07,74.94,Medium,Negative ROI,41.51,Review,Negative ROI | High Downtime,Financial review required due to negative ROI.
AI-0062,Telecom,Recommendation,Regression,18230,97960,0.682,236.75,0.039,0.849,1.93,0.55,218760,-55.22,42.59,66.05,Medium,Negative ROI,40.34,Review,Negative ROI,Financial review required due to negative ROI.
AI-0063,Retail,Demand Forecasting,Recommendation,34009,366532,0.904,469.73,0.079,0.444,0.28,0.493,408108,-10.19,22.82,67.02,Low,Negative ROI,46.61,Review,Negative ROI | Low User Adoption,Financial review required due to negative ROI.
AI-0064,Logistics,Predictive Maintenance,Recommendation,75969,42601,0.926,492.34,0.174,0.919,10.34,0.865,911628,-95.33,63.81,70.13,Medium,Negative ROI,35.4,Review,Negative ROI | High Downtime,Financial review required due to negative ROI.
AI-0065,Banking,Demand Forecasting,Recommendation,38866,431236,0.89,402.31,0.215,0.44,4.52,0.557,466392,-7.54,33.78,62.82,Low,Negative ROI,41.85,Review,Negative ROI | High Data Drift,Financial review required due to negative ROI.
AI-0066,Manufacturing,Recommendation,Classification,89246,159227,0.979,383.24,0.037,0.549,9.39,0.522,1070952,-85.13,41.46,76.04,Medium,Negative ROI,44.18,Review,Negative ROI,Financial review required due to negative ROI.
AI-0067,Healthcare,Demand Forecasting,Computer Vision,81975,220191,0.931,346.67,0.18,0.796,2.26,0.895,983700,-77.62,44.99,75.05,Medium,Negative ROI,42.77,Review,Negative ROI,Financial review required due to negative ROI.
AI-0068,Manufacturing,Predictive Maintenance,Recommendation,46855,494267,0.957,99.72,0.165,0.583,7.04,0.892,562260,-12.09,42.92,84.45,Medium,Negative ROI,46.68,Review,Negative ROI,Financial review required due to negative ROI.
AI-0069,Healthcare,Fraud Detection,Classification,86557,187849,0.967,48.37,0.154,0.96,7.57,0.549,1038684,-81.91,60.44,80.18,Medium,Negative ROI,39.93,Review,Negative ROI,Financial review required due to negative ROI.
AI-0070,Logistics,Recommendation,Computer Vision,11416,301854,0.922,351.55,0.207,0.66,8.78,0.883,136992,120.34,50.54,72.86,Medium,Healthy ROI,61.4,Monitor,High Data Drift,Data monitoring and model retraining should be considered.
AI-0071,Logistics,Fraud Detection,Regression,77516,390858,0.879,369.82,0.251,0.523,7.7,0.896,930192,-57.98,43.9,68.23,Medium,Negative ROI,40.71,Review,Negative ROI | High Data Drift,Financial review required due to negative ROI.
AI-0072,Logistics,Fraud Detection,Classification,60915,175604,0.652,42.55,0.097,0.024,7.44,0.597,730980,-75.98,16.39,68.41,Low,Negative ROI,49.03,Review,Negative ROI,Financial review required due to negative ROI.
AI-0073,Healthcare,Fraud Detection,NLP,23058,148727,0.808,465.46,0.267,0.414,4.99,0.347,276696,-46.25,34.96,50.03,Low,Negative ROI,37.02,Review,Negative ROI | Low AI Performance | High Data Drift | Low User Adoption,Financial review required due to negative ROI.
AI-0074,Manufacturing,Customer Support,Classification,81637,431817,0.844,63.75,0.048,0.299,1.07,0.301,979644,-55.92,16.68,73.91,Low,Negative ROI,50.86,Monitor,Negative ROI | Low User Adoption,Financial review required due to negative ROI.
AI-0075,Logistics,Document Intelligence,Classification,45718,83227,0.753,157.23,0.052,0.748,1.34,0.666,548616,-84.83,37.45,73.65,Medium,Negative ROI,44.54,Review,Negative ROI,Financial review required due to negative ROI.
AI-0076,Telecom,Customer Support,Computer Vision,37602,156039,0.758,342.75,0.08,0.208,6.51,0.541,451224,-65.42,22.61,64.44,Low,Negative ROI,45.77,Review,Negative ROI,Financial review required due to negative ROI.
AI-0077,Healthcare,Document Intelligence,Regression,79658,104289,0.977,101.54,0.036,0.205,5.34,0.998,955896,-89.09,19.2,93.96,Low,Negative ROI,57.13,Monitor,Negative ROI,Financial review required due to negative ROI.
AI-0078,Healthcare,Fraud Detection,NLP,83112,171094,0.953,46.6,0.069,0.19,7.74,0.841,997344,-82.85,23.52,89.62,Low,Negative ROI,54.31,Monitor,Negative ROI,Financial review required due to negative ROI.
AI-0079,Manufacturing,Recommendation,Recommendation,63067,456679,0.939,178.95,0.032,0.126,4.57,0.833,756804,-39.66,14.25,86.64,Low,Negative ROI,56.05,Monitor,Negative ROI,Financial review required due to negative ROI.
AI-0080,Healthcare,Document Intelligence,Recommendation,32516,225743,0.788,387.67,0.247,0.311,10.32,0.969,390192,-42.15,38.61,64.8,Medium,Negative ROI,41.1,Review,Negative ROI | High Data Drift | High Downtime,Financial review required due to negative ROI.
AI-0081,Healthcare,Predictive Maintenance,Classification,92969,287866,0.655,218.57,0.042,0.886,12.96,0.921,1115628,-74.2,62.73,72.51,Medium,Negative ROI,36.56,Review,Negative ROI | High Downtime,Financial review required due to negative ROI.
AI-0082,Logistics,Predictive Maintenance,Computer Vision,6089,178485,0.677,333.43,0.224,0.775,4.48,0.523,73068,144.27,49.06,53.11,Medium,Healthy ROI,59.12,Monitor,Low AI Performance | High Data Drift,Model performance optimization is recommended.
AI-0083,Manufacturing,Demand Forecasting,Computer Vision,42346,363194,0.756,298.22,0.014,0.735,2.89,0.416,508152,-28.53,38.31,66.47,Medium,Negative ROI,41.77,Review,Negative ROI | Low User Adoption,Financial review required due to negative ROI.
AI-0084,Logistics,Document Intelligence,Recommendation,79663,253820,0.655,30.66,0.285,0.797,1.74,0.822,955956,-73.45,47.32,64.02,Medium,Negative ROI,38.21,Review,Negative ROI | High Data Drift,Financial review required due to negative ROI.
AI-0085,Logistics,Recommendation,NLP,15487,256994,0.656,494.5,0.213,0.269,9.24,0.565,185844,38.28,33.89,48.61,Low,Low ROI,43.55,Review,Low AI Performance | High Data Drift,Model performance optimization is recommended.
AI-0086,Manufacturing,Customer Support,Regression,5155,499083,0.962,39.89,0.002,0.887,6.66,0.631,61860,706.79,51.08,89.42,Medium,High ROI,80.97,Strategic,Healthy,AI project is performing within acceptable business and governance limits.
AI-0087,Banking,Fraud Detection,NLP,72494,365740,0.89,484.55,0.229,0.137,2.82,0.741,869928,-57.96,17.74,63.33,Low,Negative ROI,46.84,Review,Negative ROI | High Data Drift,Financial review required due to negative ROI.
AI-0088,Logistics,Demand Forecasting,Regression,81229,348876,0.755,283.93,0.154,0.336,9.8,0.936,974748,-64.21,36.07,70.25,Medium,Negative ROI,43.77,Review,Negative ROI,Financial review required due to negative ROI.
AI-0089,Telecom,Predictive Maintenance,Recommendation,43547,425513,0.695,482.32,0.234,0.587,2.23,0.593,522564,-18.57,37.15,50.44,Medium,Negative ROI,36.51,Review,Negative ROI | Low AI Performance | High Data Drift,Financial review required due to negative ROI.
AI-0090,Telecom,Customer Support,Regression,33795,88323,0.824,75.08,0.157,0.103,8.31,0.848,405540,-78.22,23.2,78.06,Low,Negative ROI,50.36,Monitor,Negative ROI,Financial review required due to negative ROI.
AI-0091,Healthcare,Customer Support,Computer Vision,60296,305960,0.652,255.4,0.192,0.73,7.91,0.488,723552,-57.71,51.79,55.1,Medium,Negative ROI,33.75,Review,Negative ROI | Low AI Performance | Low User Adoption,Financial review required due to negative ROI.
AI-0092,Telecom,Fraud Detection,Classification,26447,60695,0.969,101.36,0.236,0.387,11.01,0.789,317364,-80.88,42.84,79.39,Medium,Negative ROI,44.93,Review,Negative ROI | High Data Drift | High Downtime,Financial review required due to negative ROI.
AI-0093,Healthcare,Document Intelligence,Classification,41598,432918,0.791,44.47,0.122,0.784,0.83,0.301,499176,-13.27,40.32,68.14,Medium,Negative ROI,41.75,Review,Negative ROI | Low User Adoption,Financial review required due to negative ROI.
AI-0094,Banking,Predictive Maintenance,Recommendation,46814,438458,0.787,316.41,0.001,0.493,13.32,0.91,561768,-21.95,44.42,78.01,Medium,Negative ROI,43.98,Review,Negative ROI | High Downtime,Financial review required due to negative ROI.
AI-0095,Manufacturing,Recommendation,Computer Vision,95751,75841,0.783,119.74,0.255,0.181,10.54,0.321,1149012,-93.4,33.36,59.23,Low,Negative ROI,40.72,Review,Negative ROI | Low AI Performance | High Data Drift | High Downtime | Low User Adoption,Financial review required due to negative ROI.
AI-0096,Manufacturing,Customer Support,NLP,80330,410642,0.674,302.09,0.114,0.735,3.24,0.799,963960,-57.4,41.9,64.92,Medium,Negative ROI,40.15,Review,Negative ROI,Financial review required due to negative ROI.
AI-0097,Manufacturing,Fraud Detection,Computer Vision,92960,218784,0.867,73.93,0.149,0.252,2.75,0.332,1115520,-80.39,20.39,70.32,Low,Negative ROI,48.49,Review,Negative ROI | Low User Adoption,Financial review required due to negative ROI.
AI-0098,Telecom,Recommendation,Classification,68278,498879,0.899,179.35,0.002,0.491,6.47,0.486,819336,-39.11,32.94,79.19,Low,Negative ROI,47.83,Review,Negative ROI | Low User Adoption,Financial review required due to negative ROI.
AI-0099,Banking,Document Intelligence,Classification,60077,127096,0.88,395.18,0.148,0.076,12.26,0.648,720924,-82.37,28.29,67.7,Low,Negative ROI,45.21,Review,Negative ROI | High Downtime,Financial review required due to negative ROI.
AI-0100,Telecom,Predictive Maintenance,Computer Vision,76906,112764,0.697,229.78,0.296,0.618,12.64,0.594,922872,-87.78,57.76,55.04,Medium,Negative ROI,31.94,Review,Negative ROI | Low AI Performance | High Data Drift | High Downtime,Financial review required due to negative ROI.
AI-0101,Telecom,Document Intelligence,Computer Vision,14528,466790,0.847,321.32,0.083,0.666,7.81,0.434,174336,167.75,45.48,67.24,Medium,High ROI,69.25,Monitor,Low User Adoption,Project requires management monitoring.
AI-0102,Banking,Customer Support,Classification,98812,105744,0.844,330.78,0.119,0.379,12.91,0.534,1185744,-91.08,42.14,67.01,Medium,Negative ROI,40.81,Review,Negative ROI | High Downtime,Financial review required due to negative ROI.
AI-0103,Banking,Recommendation,NLP,55100,310626,0.945,425.0,0.206,0.954,0.08,0.809,661200,-53.02,49.24,70.38,Medium,Negative ROI,39.86,Review,Negative ROI | High Data Drift,Financial review required due to negative ROI.
AI-0104,Banking,Recommendation,Recommendation,13179,29171,0.779,175.96,0.244,0.874,0.53,0.768,158148,-81.55,47.53,66.83,Medium,Negative ROI,39.13,Review,Negative ROI | High Data Drift,Financial review required due to negative ROI.
AI-0105,Banking,Recommendation,Recommendation,53781,120755,0.776,349.9,0.125,0.708,13.68,0.35,645372,-81.29,58.41,59.05,Medium,Negative ROI,33.14,Review,Negative ROI | Low AI Performance | High Downtime | Low User Adoption,Financial review required due to negative ROI.
AI-0106,Manufacturing,Customer Support,Computer Vision,60267,128125,0.86,481.58,0.093,0.714,11.63,0.823,723204,-82.28,54.3,70.36,Medium,Negative ROI,38.34,Review,Negative ROI | High Downtime,Financial review required due to negative ROI.
AI-0107,Retail,Customer Support,Recommendation,87379,412866,0.865,370.52,0.281,0.252,6.76,0.337,1048548,-60.62,31.04,54.82,Low,Negative ROI,39.88,Review,Negative ROI | Low AI Performance | High Data Drift | Low User Adoption,Financial review required due to negative ROI.
AI-0108,Retail,Document Intelligence,Classification,28952,388226,0.81,255.14,0.203,0.657,11.3,0.68,347424,11.74,54.49,66.3,Medium,Low ROI,38.91,Review,High Data Drift | High Downtime,Data monitoring and model retraining should be considered.
AI-0109,Banking,Demand Forecasting,Classification,58798,23696,0.801,322.74,0.036,0.198,14.33,0.482,705576,-96.64,33.87,68.21,Low,Negative ROI,43.71,Review,Negative ROI | High Downtime | Low User Adoption,Financial review required due to negative ROI.
AI-0110,Retail,Document Intelligence,Computer Vision,55939,146310,0.818,375.05,0.021,0.144,11.58,0.711,671268,-78.2,26.41,72.82,Low,Negative ROI,47.56,Review,Negative ROI | High Downtime,Financial review required due to negative ROI.
AI-0111,Retail,Predictive Maintenance,Computer Vision,34516,433274,0.943,313.89,0.145,0.999,12.64,0.483,414192,4.61,70.37,70.14,High,Low ROI,34.24,Review,High Governance Risk | High Downtime | Low User Adoption,Governance review required before further scaling.
AI-0112,Banking,Fraud Detection,Computer Vision,61526,171385,0.807,28.0,0.066,0.622,11.41,0.989,738312,-76.79,48.99,85.99,Medium,Negative ROI,45.4,Review,Negative ROI | High Downtime,Financial review required due to negative ROI.
AI-0113,Retail,Recommendation,NLP,15449,301293,0.97,113.49,0.076,0.431,2.52,0.517,185388,62.52,25.87,81.64,Low,Healthy ROI,61.75,Monitor,Healthy,AI project is performing within acceptable business and governance limits.
AI-0114,Telecom,Demand Forecasting,Recommendation,55290,412208,0.821,409.02,0.263,0.288,12.5,0.469,663480,-37.87,41.68,55.01,Medium,Negative ROI,36.75,Review,Negative ROI | Low AI Performance | High Data Drift | High Downtime | Low User Adoption,Financial review required due to negative ROI.
AI-0115,Healthcare,Fraud Detection,Computer Vision,91661,335665,0.973,150.87,0.027,0.604,2.93,0.495,1099932,-69.48,32.87,82.67,Low,Negative ROI,49.07,Review,Negative ROI | Low User Adoption,Financial review required due to negative ROI.
AI-0116,Healthcare,Demand Forecasting,Regression,77954,65740,0.933,371.15,0.215,0.05,13.39,0.928,935448,-92.97,31.02,73.33,Low,Negative ROI,46.36,Review,Negative ROI | High Data Drift | High Downtime,Financial review required due to negative ROI.
AI-0117,Banking,Document Intelligence,Regression,27746,126611,0.773,198.62,0.081,0.095,6.88,0.745,332952,-61.97,18.17,73.54,Low,Negative ROI,50.29,Monitor,Negative ROI,Financial review required due to negative ROI.
AI-0118,Manufacturing,Customer Support,Classification,72990,418172,0.944,270.5,0.228,0.033,10.15,0.811,875880,-52.26,25.24,73.9,Low,Negative ROI,48.29,Review,Negative ROI | High Data Drift | High Downtime,Financial review required due to negative ROI.
AI-0119,Banking,Recommendation,Recommendation,63810,488947,0.687,52.63,0.217,0.499,7.46,0.943,765720,-36.15,41.4,70.78,Medium,Negative ROI,42.35,Review,Negative ROI | High Data Drift,Financial review required due to negative ROI.
AI-0120,Manufacturing,Document Intelligence,Computer Vision,88297,495828,0.965,106.99,0.002,0.601,1.41,0.938,1059564,-53.2,29.46,93.7,Low,Negative ROI,53.96,Monitor,Negative ROI,Financial review required due to negative ROI.
AI-0121,Healthcare,Fraud Detection,Regression,20223,268922,0.865,479.45,0.153,0.062,4.36,0.817,242676,10.82,14.65,67.56,Low,Low ROI,51.14,Monitor,Healthy,AI project is performing within acceptable business and governance limits.
AI-0122,Banking,Fraud Detection,Recommendation,77237,348785,0.668,447.27,0.042,0.721,14.76,0.438,926844,-62.37,58.31,56.64,Medium,Negative ROI,32.33,Review,Negative ROI | Low AI Performance | High Downtime | Low User Adoption,Financial review required due to negative ROI.
AI-0123,Logistics,Fraud Detection,Classification,7597,83811,0.869,333.09,0.26,0.23,14.41,0.89,91164,-8.07,42.17,68.26,Medium,Negative ROI,41.24,Review,Negative ROI | High Data Drift | High Downtime,Financial review required due to negative ROI.
AI-0124,Telecom,Fraud Detection,NLP,70677,465376,0.981,240.63,0.261,0.685,4.81,0.443,848124,-45.13,46.67,67.64,Medium,Negative ROI,39.67,Review,Negative ROI | High Data Drift | Low User Adoption,Financial review required due to negative ROI.
AI-0125,Retail,Fraud Detection,Recommendation,7659,202385,0.674,344.37,0.126,0.982,14.94,0.82,91908,120.2,72.87,63.47,High,Healthy ROI,51.39,Monitor,High Governance Risk | High Downtime,Governance review required before further scaling.
AI-0126,Manufacturing,Demand Forecasting,Recommendation,91516,83232,0.839,316.93,0.133,0.691,12.68,0.78,1098192,-92.42,56.22,71.39,Medium,Negative ROI,38.12,Review,Negative ROI | High Downtime,Financial review required due to negative ROI.
AI-0127,Logistics,Document Intelligence,NLP,79567,297561,0.904,292.91,0.091,0.883,9.16,0.831,954804,-68.84,57.73,78.48,Medium,Negative ROI,40.15,Review,Negative ROI,Financial review required due to negative ROI.
AI-0128,Retail,Recommendation,Recommendation,20037,175801,0.925,48.4,0.215,0.948,0.6,0.673,240444,-26.88,50.11,77.51,Medium,Negative ROI,42.1,Review,Negative ROI | High Data Drift,Financial review required due to negative ROI.
AI-0129,Retail,Customer Support,Classification,51738,132492,0.791,323.75,0.108,0.487,13.52,0.747,620856,-78.66,47.69,69.38,Medium,Negative ROI,39.98,Review,Negative ROI | High Downtime,Financial review required due to negative ROI.
AI-0130,Banking,Customer Support,Classification,76678,50099,0.719,389.08,0.08,0.702,8.36,0.967,920136,-94.56,47.92,69.62,Medium,Negative ROI,39.99,Review,Negative ROI,Financial review required due to negative ROI.
AI-0131,Retail,Document Intelligence,NLP,17109,249206,0.664,497.16,0.13,0.852,13.03,0.371,205308,21.38,63.96,49.21,Medium,Low ROI,31.78,Review,Low AI Performance | High Downtime | Low User Adoption,Model performance optimization is recommended.
AI-0132,Telecom,Document Intelligence,Computer Vision,27010,443177,0.847,25.32,0.027,0.357,12.52,0.516,324120,36.73,37.74,80.56,Medium,Low ROI,53.3,Monitor,High Downtime,Project requires management monitoring.
AI-0133,Logistics,Customer Support,Regression,13787,425818,0.804,370.48,0.224,0.261,12.5,0.728,165444,157.38,39.3,62.45,Medium,High ROI,67.61,Monitor,High Data Drift | High Downtime,Data monitoring and model retraining should be considered.
AI-0134,Retail,Customer Support,Computer Vision,13472,138474,0.973,294.46,0.004,0.947,10.47,0.975,161664,-14.34,60.18,89.12,Medium,Negative ROI,43.14,Review,Negative ROI | High Downtime,Financial review required due to negative ROI.
AI-0135,Banking,Demand Forecasting,Recommendation,28383,291400,0.671,228.35,0.193,0.726,4.37,0.367,340596,-14.44,45.74,54.39,Medium,Negative ROI,35.31,Review,Negative ROI | Low AI Performance | Low User Adoption,Financial review required due to negative ROI.
AI-0136,Telecom,Predictive Maintenance,Regression,66709,499336,0.883,81.23,0.055,0.22,5.04,0.316,800508,-37.62,19.95,75.28,Low,Negative ROI,50.36,Monitor,Negative ROI | Low User Adoption,Financial review required due to negative ROI.
AI-0137,Healthcare,Recommendation,NLP,74785,263588,0.658,216.36,0.07,0.449,4.63,0.339,897420,-70.63,30.02,59.69,Low,Negative ROI,41.89,Review,Negative ROI | Low AI Performance | Low User Adoption,Financial review required due to negative ROI.
AI-0138,Logistics,Fraud Detection,NLP,39518,54681,0.708,190.1,0.191,0.796,0.3,0.337,474216,-88.47,42.05,56.89,Medium,Negative ROI,37.3,Review,Negative ROI | Low AI Performance | Low User Adoption,Financial review required due to negative ROI.
AI-0139,Retail,Predictive Maintenance,Regression,58909,111328,0.804,165.36,0.298,0.547,8.74,0.935,706908,-84.25,48.12,69.04,Medium,Negative ROI,39.73,Review,Negative ROI | High Data Drift,Financial review required due to negative ROI.
AI-0140,Banking,Document Intelligence,Classification,23351,238512,0.805,370.82,0.233,0.65,10.48,0.805,280212,-14.88,53.71,63.58,Medium,Negative ROI,36.14,Review,Negative ROI | High Data Drift | High Downtime,Financial review required due to negative ROI.
AI-0141,Healthcare,Customer Support,Regression,74624,478005,0.883,356.35,0.068,0.754,12.81,0.774,895488,-46.62,57.32,75.54,Medium,Negative ROI,39.24,Review,Negative ROI | High Downtime,Financial review required due to negative ROI.
AI-0142,Healthcare,Predictive Maintenance,Recommendation,58330,325505,0.959,302.73,0.053,0.622,2.1,0.666,699960,-53.5,33.08,79.54,Low,Negative ROI,47.92,Review,Negative ROI,Financial review required due to negative ROI.
AI-0143,Manufacturing,Recommendation,Classification,20282,477719,0.867,470.56,0.26,0.54,8.16,0.847,243384,96.28,45.7,63.17,Medium,Healthy ROI,55.25,Monitor,High Data Drift,Data monitoring and model retraining should be considered.
AI-0144,Telecom,Document Intelligence,NLP,89866,54540,0.974,187.93,0.133,0.75,0.12,0.409,1078392,-94.94,37.94,74.59,Medium,Negative ROI,44.72,Review,Negative ROI | Low User Adoption,Financial review required due to negative ROI.
AI-0145,Retail,Fraud Detection,Regression,26778,177608,0.95,137.02,0.041,0.728,1.43,0.574,321336,-44.73,36.37,82.82,Medium,Negative ROI,48.08,Review,Negative ROI,Financial review required due to negative ROI.
AI-0146,Banking,Fraud Detection,Computer Vision,29264,104700,0.849,334.83,0.259,0.63,0.81,0.643,351168,-70.19,37.47,62.32,Medium,Negative ROI,40.57,Review,Negative ROI | High Data Drift,Financial review required due to negative ROI.
AI-0147,Manufacturing,Recommendation,Computer Vision,64675,476259,0.933,115.43,0.245,0.36,10.88,0.377,776100,-38.63,41.68,68.48,Medium,Negative ROI,41.46,Review,Negative ROI | High Data Drift | High Downtime | Low User Adoption,Financial review required due to negative ROI.
AI-0148,Telecom,Recommendation,Recommendation,10075,360676,0.868,171.21,0.295,0.406,1.22,0.594,120900,198.33,29.15,65.39,Low,High ROI,78.85,Strategic,High Data Drift,Data monitoring and model retraining should be considered.
AI-0149,Manufacturing,Customer Support,Computer Vision,80948,207647,0.677,127.81,0.273,0.97,10.75,0.522,971376,-78.62,69.76,56.81,High,Negative ROI,28.96,Review,Negative ROI | High Governance Risk | Low AI Performance | High Data Drift | High Downtime,Financial review required due to negative ROI.
AI-0150,Logistics,Fraud Detection,Regression,53454,409770,0.902,53.19,0.256,0.112,3.74,0.325,641448,-36.12,18.95,67.2,Low,Negative ROI,47.83,Review,Negative ROI | High Data Drift | Low User Adoption,Financial review required due to negative ROI.
AI-0151,Telecom,Document Intelligence,Regression,33365,416087,0.682,417.2,0.016,0.269,13.17,0.396,400380,3.92,34.54,58.7,Low,Low ROI,40.87,Review,Low AI Performance | High Downtime | Low User Adoption,Model performance optimization is recommended.
AI-0152,Telecom,Predictive Maintenance,Computer Vision,77766,66002,0.852,142.18,0.031,0.492,12.2,0.835,933192,-92.93,43.4,83.48,Medium,Negative ROI,46.2,Review,Negative ROI | High Downtime,Financial review required due to negative ROI.
AI-0153,Retail,Document Intelligence,Regression,53200,69812,0.889,247.05,0.171,0.837,14.37,0.313,638400,-89.06,66.74,64.75,High,Negative ROI,32.64,Review,Negative ROI | High Governance Risk | High Downtime | Low User Adoption,Financial review required due to negative ROI.
AI-0154,Telecom,Demand Forecasting,Recommendation,16002,435842,0.673,40.79,0.159,0.164,13.26,0.954,192024,126.97,34.25,73.56,Low,Healthy ROI,67.69,Monitor,High Downtime,Project requires management monitoring.
AI-0155,Manufacturing,Demand Forecasting,Classification,18947,211051,0.728,355.68,0.137,0.277,14.0,0.36,227364,-7.17,39.91,56.08,Medium,Negative ROI,37.66,Review,Negative ROI | Low AI Performance | High Downtime | Low User Adoption,Financial review required due to negative ROI.
AI-0156,Telecom,Recommendation,Recommendation,84222,489273,0.961,178.67,0.119,0.066,12.88,0.859,1010664,-51.59,28.01,83.92,Low,Negative ROI,50.97,Monitor,Negative ROI | High Downtime,Financial review required due to negative ROI.
AI-0157,Retail,Customer Support,Recommendation,99840,277906,0.86,377.47,0.129,0.706,10.4,0.929,1198080,-76.8,52.97,73.81,Medium,Negative ROI,39.94,Review,Negative ROI | High Downtime,Financial review required due to negative ROI.
AI-0158,Retail,Demand Forecasting,Regression,83610,128946,0.734,217.95,0.171,0.238,2.55,0.959,1003320,-87.15,20.09,70.79,Low,Negative ROI,48.75,Review,Negative ROI,Financial review required due to negative ROI.
AI-0159,Logistics,Fraud Detection,Classification,57142,86668,0.885,113.96,0.001,0.389,4.08,0.907,685704,-87.36,24.34,88.92,Low,Negative ROI,53.82,Monitor,Negative ROI,Financial review required due to negative ROI.
AI-0160,Manufacturing,Document Intelligence,Regression,61307,119003,0.853,266.32,0.078,0.444,3.19,0.501,735684,-83.82,27.64,70.78,Low,Negative ROI,46.48,Review,Negative ROI,Financial review required due to negative ROI.
AI-0161,Healthcare,Document Intelligence,NLP,9493,231142,0.821,82.64,0.155,0.891,9.05,0.533,113916,102.91,59.83,71.48,Medium,Healthy ROI,55.08,Monitor,Healthy,AI project is performing within acceptable business and governance limits.
AI-0162,Healthcare,Recommendation,Regression,55085,240462,0.982,231.46,0.217,0.411,7.55,0.599,661020,-63.62,37.59,73.29,Medium,Negative ROI,44.37,Review,Negative ROI | High Data Drift,Financial review required due to negative ROI.
AI-0163,Telecom,Predictive Maintenance,Regression,39228,325142,0.882,172.31,0.052,0.145,13.01,0.398,470736,-30.93,29.77,74.29,Low,Negative ROI,47.07,Review,Negative ROI | High Downtime | Low User Adoption,Financial review required due to negative ROI.
AI-0164,Logistics,Recommendation,Regression,84676,214886,0.778,457.74,0.164,0.524,14.29,0.316,1016112,-78.85,52.32,53.29,Medium,Negative ROI,32.96,Review,Negative ROI | Low AI Performance | High Downtime | Low User Adoption,Financial review required due to negative ROI.
AI-0165,Banking,Predictive Maintenance,Classification,56875,124601,0.922,49.25,0.214,0.963,6.07,0.908,682500,-81.74,59.87,82.08,Medium,Negative ROI,40.77,Review,Negative ROI | High Data Drift,Financial review required due to negative ROI.
AI-0166,Telecom,Recommendation,Regression,36655,458823,0.951,353.13,0.133,0.608,7.6,0.688,439860,4.31,44.02,74.07,Medium,Low ROI,43.47,Review,Healthy,AI project is performing within acceptable business and governance limits.
AI-0167,Logistics,Recommendation,Classification,48472,289956,0.693,107.72,0.008,0.983,14.57,0.726,581664,-50.15,68.76,75.54,High,Negative ROI,35.81,Review,Negative ROI | High Governance Risk | High Downtime,Financial review required due to negative ROI.
AI-0168,Manufacturing,Recommendation,Computer Vision,54437,81844,0.718,173.14,0.135,0.841,4.14,0.949,653244,-87.47,48.8,72.94,Medium,Negative ROI,40.89,Review,Negative ROI,Financial review required due to negative ROI.
AI-0169,Manufacturing,Predictive Maintenance,NLP,54416,221165,0.724,219.45,0.089,0.036,11.89,0.766,652992,-66.13,24.11,70.49,Low,Negative ROI,47.44,Review,Negative ROI | High Downtime,Financial review required due to negative ROI.
AI-0170,Manufacturing,Predictive Maintenance,Classification,64711,415395,0.885,455.85,0.279,0.658,3.38,0.784,776532,-46.51,43.61,62.3,Medium,Negative ROI,38.72,Review,Negative ROI | High Data Drift,Financial review required due to negative ROI.
AI-0171,Manufacturing,Recommendation,Computer Vision,11816,194870,0.855,136.44,0.037,0.287,10.22,0.851,141792,37.43,31.06,83.83,Low,Low ROI,56.57,Monitor,High Downtime,Project requires management monitoring.
AI-0172,Manufacturing,Demand Forecasting,Classification,82175,94601,0.86,63.83,0.196,0.56,3.8,0.381,986100,-90.41,37.41,68.91,Medium,Negative ROI,42.9,Review,Negative ROI | Low User Adoption,Financial review required due to negative ROI.
AI-0173,Logistics,Customer Support,Classification,69307,421491,0.97,172.97,0.016,0.279,13.26,0.552,831684,-49.32,35.14,83.55,Medium,Negative ROI,48.7,Review,Negative ROI | High Downtime,Financial review required due to negative ROI.
AI-0174,Logistics,Customer Support,NLP,51733,463790,0.914,70.24,0.134,0.349,8.42,0.978,620796,-25.29,33.76,86.45,Low,Negative ROI,50.13,Monitor,Negative ROI,Financial review required due to negative ROI.
AI-0175,Retail,Customer Support,Recommendation,16240,330001,0.693,81.73,0.166,0.923,2.79,0.946,194880,69.34,51.17,72.82,Medium,Healthy ROI,52.27,Monitor,Healthy,AI project is performing within acceptable business and governance limits.
AI-0176,Healthcare,Predictive Maintenance,Recommendation,97493,407699,0.768,295.45,0.089,0.207,3.37,0.919,1169916,-65.15,17.6,73.47,Low,Negative ROI,50.43,Monitor,Negative ROI,Financial review required due to negative ROI.
AI-0177,Manufacturing,Predictive Maintenance,Classification,76363,302844,0.798,49.23,0.137,0.874,7.41,0.616,916356,-66.95,55.79,73.89,Medium,Negative ROI,39.12,Review,Negative ROI,Financial review required due to negative ROI.
AI-0178,Banking,Demand Forecasting,Regression,37762,277927,0.785,34.85,0.049,0.03,14.42,0.9,453144,-38.67,26.85,83.75,Low,Negative ROI,51.26,Monitor,Negative ROI | High Downtime,Financial review required due to negative ROI.
AI-0179,Logistics,Customer Support,Computer Vision,13259,452680,0.878,362.92,0.091,0.091,11.54,0.334,159108,184.51,26.06,65.14,Low,High ROI,77.27,Strategic,High Downtime | Low User Adoption,Project requires management monitoring.
AI-0180,Banking,Customer Support,Regression,55139,193423,0.953,193.59,0.186,0.855,7.32,0.404,661668,-70.77,56.26,70.62,Medium,Negative ROI,37.84,Review,Negative ROI | Low User Adoption,Financial review required due to negative ROI.
AI-0181,Banking,Recommendation,Regression,19849,113330,0.754,80.18,0.091,0.631,5.07,0.59,238188,-52.42,39.58,72.54,Medium,Negative ROI,43.52,Review,Negative ROI,Financial review required due to negative ROI.
AI-0182,Banking,Predictive Maintenance,Classification,86768,245391,0.838,141.73,0.27,0.747,8.24,0.638,1041216,-76.43,55.45,66.91,Medium,Negative ROI,36.78,Review,Negative ROI | High Data Drift,Financial review required due to negative ROI.
AI-0183,Retail,Customer Support,Classification,94709,233606,0.918,328.2,0.189,0.209,11.23,0.484,1136508,-79.45,33.79,66.28,Low,Negative ROI,43.06,Review,Negative ROI | High Downtime | Low User Adoption,Financial review required due to negative ROI.
AI-0184,Logistics,Document Intelligence,Classification,59869,427085,0.792,152.26,0.132,0.537,11.76,0.55,718428,-40.55,47.73,69.43,Medium,Negative ROI,39.98,Review,Negative ROI | High Downtime,Financial review required due to negative ROI.
AI-0185,Banking,Demand Forecasting,Classification,68095,211387,0.707,257.37,0.012,0.737,4.87,0.414,817140,-74.13,41.64,65.31,Medium,Negative ROI,40.37,Review,Negative ROI | Low User Adoption,Financial review required due to negative ROI.
AI-0186,Manufacturing,Document Intelligence,Recommendation,75910,261133,0.811,78.41,0.15,0.627,10.82,0.642,910920,-71.33,50.75,73.54,Medium,Negative ROI,40.51,Review,Negative ROI | High Downtime,Financial review required due to negative ROI.
AI-0187,Telecom,Document Intelligence,Classification,91710,434170,0.669,302.28,0.229,0.472,9.87,0.856,1100520,-60.55,44.56,60.05,Medium,Negative ROI,37.65,Review,Negative ROI | High Data Drift,Financial review required due to negative ROI.
AI-0188,Banking,Demand Forecasting,Recommendation,28567,182627,0.97,171.72,0.08,0.96,14.39,0.763,342804,-46.73,69.58,84.61,High,Negative ROI,38.74,Review,Negative ROI | High Governance Risk | High Downtime,Financial review required due to negative ROI.
AI-0189,Retail,Document Intelligence,Recommendation,40292,345497,0.675,320.94,0.242,0.676,13.97,0.375,483504,-28.54,60.96,49.52,Medium,Negative ROI,29.04,Review,Negative ROI | Low AI Performance | High Data Drift | High Downtime | Low User Adoption,Financial review required due to negative ROI.
AI-0190,Logistics,Customer Support,Classification,79813,495406,0.799,408.03,0.076,0.908,11.84,0.641,957756,-48.27,62.87,66.73,Medium,Negative ROI,34.49,Review,Negative ROI | High Downtime,Financial review required due to negative ROI.
AI-0191,Retail,Predictive Maintenance,NLP,56631,458242,0.83,313.59,0.247,0.73,10.85,0.788,679572,-32.57,58.34,65.5,Medium,Negative ROI,35.42,Review,Negative ROI | High Data Drift | High Downtime,Financial review required due to negative ROI.
AI-0192,Banking,Demand Forecasting,Computer Vision,14885,382916,0.985,161.96,0.026,0.735,4.11,0.671,178620,114.37,40.7,86.51,Medium,Healthy ROI,68.08,Monitor,Healthy,AI project is performing within acceptable business and governance limits.
AI-0193,Logistics,Recommendation,Regression,64659,198048,0.706,142.76,0.26,0.08,12.69,0.574,775908,-74.48,32.55,59.5,Low,Negative ROI,41.06,Review,Negative ROI | Low AI Performance | High Data Drift | High Downtime,Financial review required due to negative ROI.
AI-0194,Telecom,Document Intelligence,Recommendation,59306,493794,0.689,177.16,0.15,0.359,6.41,0.735,711672,-30.61,31.34,66.34,Low,Negative ROI,43.82,Review,Negative ROI,Financial review required due to negative ROI.
AI-0195,Banking,Demand Forecasting,Computer Vision,71314,373646,0.653,99.02,0.089,0.858,4.08,0.978,855768,-56.34,48.08,74.79,Medium,Negative ROI,41.75,Review,Negative ROI,Financial review required due to negative ROI.
AI-0196,Retail,Fraud Detection,NLP,70087,396087,0.703,106.96,0.08,0.233,5.76,0.366,841044,-52.91,22.49,65.26,Low,Negative ROI,46.09,Review,Negative ROI | Low User Adoption,Financial review required due to negative ROI.
AI-0197,Healthcare,Fraud Detection,Regression,34165,391994,0.72,399.53,0.13,0.116,12.54,0.573,409980,-4.39,30.02,58.97,Low,Negative ROI,41.63,Review,Negative ROI | Low AI Performance | High Downtime,Financial review required due to negative ROI.
AI-0198,Manufacturing,Predictive Maintenance,Regression,63929,65095,0.864,204.67,0.3,0.326,2.23,0.585,767148,-91.51,27.39,63.76,Low,Negative ROI,44.1,Review,Negative ROI | High Data Drift,Financial review required due to negative ROI.
AI-0199,Retail,Customer Support,Recommendation,72028,165342,0.725,229.28,0.066,0.22,6.84,0.704,864336,-80.87,23.28,70.15,Low,Negative ROI,47.57,Review,Negative ROI,Financial review required due to negative ROI.
AI-0200,Logistics,Predictive Maintenance,Classification,54812,181980,0.657,305.14,0.031,0.925,7.39,0.407,657744,-72.33,54.87,60.29,Medium,Negative ROI,34.64,Review,Negative ROI | Low User Adoption,Financial review required due to negative ROI.
AI-0201,Banking,Predictive Maintenance,NLP,55500,297667,0.931,303.03,0.176,0.868,0.55,0.424,666000,-55.31,45.26,67.14,Medium,Negative ROI,39.92,Review,Negative ROI | Low User Adoption,Financial review required due to negative ROI.
AI-0202,Manufacturing,Predictive Maintenance,Recommendation,84151,82433,0.774,52.34,0.147,0.5,2.94,0.5,1009812,-91.84,31.81,69.78,Low,Negative ROI,44.88,Review,Negative ROI,Financial review required due to negative ROI.
AI-0203,Banking,Predictive Maintenance,NLP,63643,460284,0.77,419.14,0.157,0.061,12.4,0.969,763716,-39.73,28.12,67.46,Low,Negative ROI,45.18,Review,Negative ROI | High Downtime,Financial review required due to negative ROI.
AI-0204,Logistics,Recommendation,Classification,49900,39991,0.753,105.12,0.2,0.715,12.46,0.814,598800,-93.32,58.94,70.78,Medium,Negative ROI,37.09,Review,Negative ROI | High Data Drift | High Downtime,Financial review required due to negative ROI.
AI-0205,Banking,Recommendation,Classification,47946,292919,0.982,367.07,0.08,0.623,4.39,0.763,575352,-49.09,37.75,79.35,Medium,Negative ROI,46.45,Review,Negative ROI,Financial review required due to negative ROI.
AI-0206,Healthcare,Demand Forecasting,Recommendation,12851,491017,0.708,390.88,0.273,0.971,13.12,0.872,154212,218.4,73.75,57.46,High,High ROI,62.99,Monitor,High Governance Risk | Low AI Performance | High Data Drift | High Downtime,Governance review required before further scaling.
AI-0207,Manufacturing,Fraud Detection,Classification,21288,367139,0.955,363.15,0.131,0.559,11.58,0.389,255456,43.72,48.39,68.09,Medium,Low ROI,46.97,Review,High Downtime | Low User Adoption,Project requires management monitoring.
AI-0208,Manufacturing,Predictive Maintenance,Computer Vision,77692,474466,0.914,297.91,0.039,0.336,6.27,0.902,932304,-49.11,26.74,82.85,Low,Negative ROI,50.98,Monitor,Negative ROI,Financial review required due to negative ROI.
AI-0209,Logistics,Demand Forecasting,Regression,72580,167745,0.676,27.01,0.223,0.519,11.23,0.716,870960,-80.74,48.76,66.16,Medium,Negative ROI,38.53,Review,Negative ROI | High Data Drift | High Downtime,Financial review required due to negative ROI.
AI-0210,Healthcare,Fraud Detection,Recommendation,12368,142808,0.985,192.98,0.193,0.979,14.42,0.535,148416,-3.78,73.88,74.51,High,Negative ROI,33.91,Review,Negative ROI | High Governance Risk | High Downtime,Financial review required due to negative ROI.
AI-0211,Retail,Document Intelligence,NLP,90436,178128,0.742,310.32,0.095,0.696,6.88,0.871,1085232,-83.59,45.64,70.46,Medium,Negative ROI,40.97,Review,Negative ROI,Financial review required due to negative ROI.
AI-0212,Banking,Customer Support,Computer Vision,51403,157686,0.684,205.98,0.186,0.672,3.58,0.862,616836,-74.44,41.79,65.96,Medium,Negative ROI,40.55,Review,Negative ROI,Financial review required due to negative ROI.
AI-0213,Telecom,Recommendation,Recommendation,96170,27415,0.932,434.47,0.066,0.241,14.13,0.892,1154040,-97.62,36.38,78.11,Medium,Negative ROI,46.42,Review,Negative ROI | High Downtime,Financial review required due to negative ROI.
AI-0214,Banking,Document Intelligence,Classification,14168,266038,0.89,168.23,0.133,0.744,9.06,0.381,170016,56.48,52.57,70.42,Medium,Healthy ROI,48.76,Review,Low User Adoption,Project requires management monitoring.
AI-0215,Banking,Fraud Detection,Classification,91497,457100,0.86,160.9,0.27,0.75,1.58,0.979,1097964,-58.37,44.48,74.25,Medium,Negative ROI,42.64,Review,Negative ROI | High Data Drift,Financial review required due to negative ROI.
AI-0216,Retail,Document Intelligence,Classification,54879,430180,0.703,147.68,0.04,0.317,8.59,0.972,658548,-34.68,29.78,78.16,Low,Negative ROI,48.42,Review,Negative ROI,Financial review required due to negative ROI.
AI-0217,Banking,Customer Support,Classification,64871,450942,0.813,179.73,0.116,0.484,7.51,0.55,778452,-42.07,37.78,70.46,Medium,Negative ROI,43.33,Review,Negative ROI,Financial review required due to negative ROI.
AI-0218,Healthcare,Fraud Detection,NLP,94388,274205,0.915,287.55,0.246,0.295,12.83,0.346,1132656,-75.79,42.04,61.74,Medium,Negative ROI,39.0,Review,Negative ROI | High Data Drift | High Downtime | Low User Adoption,Financial review required due to negative ROI.
AI-0219,Healthcare,Document Intelligence,Computer Vision,37174,319188,0.753,359.37,0.291,0.259,7.96,0.417,446088,-28.45,33.65,50.66,Low,Negative ROI,37.64,Review,Negative ROI | Low AI Performance | High Data Drift | Low User Adoption,Financial review required due to negative ROI.
AI-0220,Manufacturing,Recommendation,Regression,97491,208221,0.756,338.03,0.136,0.026,3.83,0.995,1169892,-82.2,11.63,70.76,Low,Negative ROI,51.28,Monitor,Negative ROI,Financial review required due to negative ROI.
AI-0221,Logistics,Recommendation,NLP,11581,188616,0.651,407.7,0.152,0.285,10.13,0.694,138972,35.72,34.27,56.6,Low,Low ROI,45.78,Review,Low AI Performance | High Downtime,Model performance optimization is recommended.
AI-0222,Telecom,Demand Forecasting,NLP,76853,69976,0.709,445.24,0.172,0.554,8.14,0.55,922236,-92.41,43.66,54.49,Medium,Negative ROI,35.97,Review,Negative ROI | Low AI Performance,Financial review required due to negative ROI.
AI-0223,Banking,Document Intelligence,Regression,69046,445468,0.948,411.72,0.28,0.002,3.5,0.502,828552,-46.24,14.32,61.09,Low,Negative ROI,47.09,Review,Negative ROI | High Data Drift,Financial review required due to negative ROI.
AI-0224,Banking,Predictive Maintenance,Regression,54678,285976,0.8,29.09,0.257,0.283,8.6,0.48,656136,-56.42,34.78,65.88,Low,Negative ROI,42.62,Review,Negative ROI | High Data Drift | Low User Adoption,Financial review required due to negative ROI.
AI-0225,Retail,Document Intelligence,Classification,31649,241883,0.985,373.24,0.051,0.881,12.32,0.765,379788,-36.31,61.71,80.8,Medium,Negative ROI,39.77,Review,Negative ROI | High Downtime,Financial review required due to negative ROI.
AI-0226,Logistics,Fraud Detection,NLP,93668,231509,0.785,120.03,0.131,0.594,0.43,0.594,1124016,-79.4,31.38,70.98,Low,Negative ROI,45.43,Review,Negative ROI,Financial review required due to negative ROI.
AI-0227,Healthcare,Fraud Detection,Recommendation,87325,316292,0.893,83.81,0.139,0.608,9.46,0.976,1047900,-69.82,47.3,84.71,Medium,Negative ROI,45.46,Review,Negative ROI,Financial review required due to negative ROI.
AI-0228,Telecom,Document Intelligence,Regression,19567,474456,0.746,326.47,0.237,0.403,5.24,0.779,234804,102.06,33.98,61.24,Low,Healthy ROI,59.1,Monitor,High Data Drift,Data monitoring and model retraining should be considered.
AI-0229,Manufacturing,Customer Support,Regression,85404,259241,0.774,173.48,0.181,0.676,4.39,0.854,1024848,-74.7,43.17,71.53,Medium,Negative ROI,42.08,Review,Negative ROI,Financial review required due to negative ROI.
AI-0230,Healthcare,Recommendation,Computer Vision,94906,239526,0.715,47.42,0.196,0.19,5.89,0.505,1138872,-78.97,24.25,64.63,Low,Negative ROI,45.35,Review,Negative ROI,Financial review required due to negative ROI.
AI-0231,Logistics,Fraud Detection,Recommendation,66944,394374,0.768,86.06,0.299,0.819,5.13,0.355,803328,-50.91,54.37,57.97,Medium,Negative ROI,33.98,Review,Negative ROI | Low AI Performance | High Data Drift | Low User Adoption,Financial review required due to negative ROI.
AI-0232,Manufacturing,Recommendation,Recommendation,83002,367220,0.836,20.45,0.022,0.117,12.48,0.641,996024,-63.13,26.73,82.91,Low,Negative ROI,51.0,Monitor,Negative ROI | High Downtime,Financial review required due to negative ROI.
AI-0233,Retail,Fraud Detection,Regression,33803,490332,0.987,453.55,0.067,0.656,4.12,0.52,405636,20.88,38.4,72.79,Medium,Low ROI,47.61,Review,Healthy,AI project is performing within acceptable business and governance limits.
AI-0234,Retail,Demand Forecasting,Classification,23230,466675,0.876,31.82,0.122,0.341,11.0,0.441,278760,67.41,37.34,75.57,Medium,Healthy ROI,57.04,Monitor,High Downtime | Low User Adoption,Project requires management monitoring.
AI-0235,Banking,Predictive Maintenance,Computer Vision,22862,320546,0.718,120.54,0.104,0.748,1.41,0.967,274344,16.84,39.13,76.42,Medium,Low ROI,47.96,Review,Healthy,AI project is performing within acceptable business and governance limits.
AI-0236,Logistics,Fraud Detection,Recommendation,48355,208799,0.665,219.81,0.006,0.55,14.27,0.611,580260,-64.02,48.71,68.58,Medium,Negative ROI,39.39,Review,Negative ROI | High Downtime,Financial review required due to negative ROI.
AI-0237,Telecom,Recommendation,Regression,36259,58578,0.693,191.15,0.028,0.452,9.33,0.422,435108,-86.54,36.73,65.96,Medium,Negative ROI,42.07,Review,Negative ROI | Low User Adoption,Financial review required due to negative ROI.
AI-0238,Manufacturing,Demand Forecasting,Recommendation,92445,110453,0.841,457.63,0.204,0.169,10.6,0.439,1109340,-90.04,31.39,56.9,Low,Negative ROI,40.5,Review,Negative ROI | Low AI Performance | High Data Drift | High Downtime | Low User Adoption,Financial review required due to negative ROI.
AI-0239,Healthcare,Fraud Detection,Computer Vision,35795,435534,0.91,39.34,0.264,0.637,4.47,0.496,429540,1.4,44.04,71.04,Medium,Low ROI,41.9,Review,High Data Drift | Low User Adoption,Data monitoring and model retraining should be considered.
AI-0240,Logistics,Customer Support,Computer Vision,13770,357859,0.97,265.86,0.154,0.975,6.18,1.0,165240,116.57,58.79,82.82,Medium,Healthy ROI,61.75,Monitor,Healthy,AI project is performing within acceptable business and governance limits.
AI-0241,Logistics,Predictive Maintenance,NLP,16093,228859,0.655,346.63,0.162,0.826,3.36,0.488,193116,18.51,47.63,54.01,Medium,Low ROI,37.85,Review,Low AI Performance | Low User Adoption,Model performance optimization is recommended.
AI-0242,Retail,Fraud Detection,Regression,51571,131435,0.828,467.22,0.077,0.06,13.99,0.53,618852,-78.76,28.33,64.13,Low,Negative ROI,43.95,Review,Negative ROI | High Downtime,Financial review required due to negative ROI.
AI-0243,Banking,Demand Forecasting,Computer Vision,5193,236101,0.81,317.78,0.23,0.376,7.32,0.762,62316,278.88,36.02,64.71,Medium,High ROI,76.84,Strategic,High Data Drift,Data monitoring and model retraining should be considered.
AI-0244,Banking,Customer Support,NLP,22569,171538,0.873,405.8,0.226,0.926,9.46,0.506,270828,-36.66,64.22,60.3,Medium,Negative ROI,31.84,Review,Negative ROI | High Data Drift,Financial review required due to negative ROI.
AI-0245,Manufacturing,Document Intelligence,NLP,16190,377886,0.84,60.19,0.177,0.503,11.01,0.451,194280,94.51,46.29,70.36,Medium,Healthy ROI,57.28,Monitor,High Downtime | Low User Adoption,Project requires management monitoring.
AI-0246,Retail,Demand Forecasting,Recommendation,67824,65475,0.884,205.25,0.064,0.662,5.57,0.411,813888,-91.96,40.99,73.06,Medium,Negative ROI,43.27,Review,Negative ROI | Low User Adoption,Financial review required due to negative ROI.
AI-0247,Logistics,Demand Forecasting,Recommendation,47752,342286,0.874,199.49,0.029,0.913,10.8,0.519,573024,-40.27,59.96,76.65,Medium,Negative ROI,38.84,Review,Negative ROI | High Downtime,Financial review required due to negative ROI.
AI-0248,Telecom,Customer Support,NLP,37327,236232,0.69,445.42,0.019,0.874,10.14,0.374,447924,-47.26,56.8,57.67,Medium,Negative ROI,33.14,Review,Negative ROI | Low AI Performance | High Downtime | Low User Adoption,Financial review required due to negative ROI.
AI-0249,Retail,Demand Forecasting,Recommendation,47070,177636,0.922,92.66,0.178,0.502,10.58,0.313,564840,-68.55,45.56,70.68,Medium,Negative ROI,41.07,Review,Negative ROI | High Downtime | Low User Adoption,Financial review required due to negative ROI.
AI-0250,Manufacturing,Customer Support,Computer Vision,90925,173484,0.692,92.91,0.248,0.438,7.34,0.863,1091100,-84.1,39.38,66.67,Medium,Negative ROI,41.52,Review,Negative ROI | High Data Drift,Financial review required due to negative ROI.
AI-0251,Manufacturing,Fraud Detection,Classification,45197,113526,0.888,177.71,0.257,0.34,5.74,0.397,542364,-79.07,32.58,64.16,Low,Negative ROI,42.68,Review,Negative ROI | High Data Drift | Low User Adoption,Financial review required due to negative ROI.
AI-0252,Retail,Customer Support,Computer Vision,7261,71001,0.791,46.14,0.139,0.719,3.33,0.843,87132,-18.51,42.08,78.08,Medium,Negative ROI,44.7,Review,Negative ROI,Financial review required due to negative ROI.
AI-0253,Manufacturing,Customer Support,NLP,98905,339793,0.825,107.58,0.235,0.287,12.37,0.858,1186860,-71.37,40.58,73.43,Medium,Negative ROI,43.53,Review,Negative ROI | High Data Drift | High Downtime,Financial review required due to negative ROI.
AI-0254,Retail,Predictive Maintenance,NLP,31512,212029,0.957,483.3,0.284,0.25,9.13,0.677,378144,-43.93,34.99,62.69,Low,Negative ROI,41.44,Review,Negative ROI | High Data Drift,Financial review required due to negative ROI.
AI-0255,Healthcare,Customer Support,Computer Vision,11716,448733,0.953,225.53,0.083,0.356,6.67,0.517,140592,219.17,29.63,77.07,Low,High ROI,83.09,Strategic,Healthy,AI project is performing within acceptable business and governance limits.
AI-0256,Retail,Customer Support,Recommendation,91795,164228,0.928,323.37,0.119,0.177,14.16,0.402,1101540,-85.09,35.14,68.79,Medium,Negative ROI,43.53,Review,Negative ROI | High Downtime | Low User Adoption,Financial review required due to negative ROI.
AI-0257,Retail,Document Intelligence,Recommendation,33933,436280,0.823,368.53,0.279,0.695,0.72,0.816,407196,7.14,40.84,62.46,Medium,Low ROI,40.86,Review,High Data Drift,Data monitoring and model retraining should be considered.
AI-0258,Manufacturing,Fraud Detection,NLP,9378,45711,0.9,196.14,0.101,0.616,12.75,0.721,112536,-59.38,52.0,78.49,Medium,Negative ROI,41.87,Review,Negative ROI | High Downtime,Financial review required due to negative ROI.
AI-0259,Manufacturing,Predictive Maintenance,Regression,45583,50106,0.824,90.67,0.274,0.483,14.96,0.759,546996,-90.84,54.89,69.96,Medium,Negative ROI,38.02,Review,Negative ROI | High Data Drift | High Downtime,Financial review required due to negative ROI.
AI-0260,Banking,Document Intelligence,Recommendation,90371,347602,0.946,119.16,0.294,0.39,13.3,0.306,1084452,-67.95,48.54,65.15,Medium,Negative ROI,38.24,Review,Negative ROI | High Data Drift | High Downtime | Low User Adoption,Financial review required due to negative ROI.
AI-0261,Banking,Recommendation,Computer Vision,34033,429805,0.787,170.37,0.199,0.909,12.16,0.949,408396,5.24,67.14,73.27,High,Low ROI,36.42,Review,High Governance Risk | High Downtime,Governance review required before further scaling.
AI-0262,Healthcare,Fraud Detection,Recommendation,29000,412573,0.98,325.31,0.245,0.029,5.61,0.346,348000,18.56,18.0,63.91,Low,Low ROI,50.22,Monitor,High Data Drift | Low User Adoption,Data monitoring and model retraining should be considered.
AI-0263,Banking,Fraud Detection,Computer Vision,80868,237583,0.967,211.17,0.225,0.769,3.47,0.557,970416,-75.52,47.14,71.9,Medium,Negative ROI,41.02,Review,Negative ROI | High Data Drift,Financial review required due to negative ROI.
AI-0264,Retail,Recommendation,NLP,47604,383898,0.902,23.27,0.21,0.902,11.02,0.582,571248,-32.8,65.26,75.54,High,Negative ROI,36.86,Review,Negative ROI | High Governance Risk | High Data Drift | High Downtime,Financial review required due to negative ROI.
AI-0265,Manufacturing,Customer Support,Recommendation,73336,158286,0.745,271.24,0.092,0.446,4.57,0.301,880032,-82.01,30.45,60.53,Low,Negative ROI,42.05,Review,Negative ROI | Low User Adoption,Financial review required due to negative ROI.
AI-0266,Banking,Document Intelligence,Computer Vision,78869,247189,0.695,462.33,0.017,0.551,2.64,0.648,946428,-73.88,29.71,62.99,Low,Negative ROI,43.13,Review,Negative ROI,Financial review required due to negative ROI.
AI-0267,Banking,Demand Forecasting,NLP,10410,498947,0.941,409.8,0.103,0.944,11.8,0.827,124920,299.41,65.24,76.15,High,High ROI,72.08,Monitor,High Governance Risk | High Downtime,Governance review required before further scaling.
AI-0268,Healthcare,Predictive Maintenance,Regression,88375,146479,0.706,416.1,0.2,0.212,4.69,0.876,1060500,-86.19,23.36,60.34,Low,Negative ROI,44.11,Review,Negative ROI | High Data Drift,Financial review required due to negative ROI.
AI-0269,Logistics,Demand Forecasting,Computer Vision,61044,440343,0.94,401.63,0.031,0.52,13.72,0.916,732528,-39.89,47.2,81.72,Medium,Negative ROI,44.44,Review,Negative ROI | High Downtime,Financial review required due to negative ROI.
AI-0270,Healthcare,Recommendation,Regression,68315,156213,0.817,175.39,0.004,0.475,12.61,0.641,819780,-80.94,42.51,78.21,Medium,Negative ROI,44.62,Review,Negative ROI | High Downtime,Financial review required due to negative ROI.
AI-0271,Retail,Fraud Detection,Regression,76344,48884,0.788,387.29,0.042,0.258,12.71,0.741,916128,-94.66,34.05,70.5,Low,Negative ROI,44.46,Review,Negative ROI | High Downtime,Financial review required due to negative ROI.
AI-0272,Manufacturing,Fraud Detection,Classification,11796,284852,0.957,88.72,0.215,0.819,11.57,0.356,141552,101.23,62.59,71.56,Medium,Healthy ROI,53.98,Monitor,High Data Drift | High Downtime | Low User Adoption,Data monitoring and model retraining should be considered.
AI-0273,Healthcare,Predictive Maintenance,Recommendation,91716,300519,0.855,335.7,0.292,0.9,13.21,0.642,1100592,-72.69,71.28,60.92,High,Negative ROI,29.94,Review,Negative ROI | High Governance Risk | High Data Drift | High Downtime,Financial review required due to negative ROI.
AI-0274,Banking,Fraud Detection,Computer Vision,59245,35088,0.846,327.95,0.295,0.782,12.09,0.408,710940,-95.06,64.19,55.87,Medium,Negative ROI,30.3,Review,Negative ROI | Low AI Performance | High Data Drift | High Downtime | Low User Adoption,Financial review required due to negative ROI.
AI-0275,Manufacturing,Fraud Detection,Regression,48056,339759,0.84,32.27,0.148,0.195,9.04,0.559,576672,-41.08,28.28,74.81,Low,Negative ROI,47.7,Review,Negative ROI,Financial review required due to negative ROI.
AI-0276,Manufacturing,Predictive Maintenance,Classification,22709,392282,0.776,398.23,0.261,0.087,4.44,0.531,272508,43.95,19.14,54.42,Low,Low ROI,51.0,Monitor,Low AI Performance | High Data Drift,Model performance optimization is recommended.
AI-0277,Banking,Document Intelligence,NLP,63557,196118,0.917,453.56,0.221,0.605,13.32,0.596,762684,-74.29,56.06,63.11,Medium,Negative ROI,35.27,Review,Negative ROI | High Data Drift | High Downtime,Financial review required due to negative ROI.
AI-0278,Healthcare,Document Intelligence,Computer Vision,22543,292158,0.736,148.36,0.15,0.057,12.61,0.7,270516,8.0,28.08,68.85,Low,Low ROI,47.07,Review,High Downtime,Project requires management monitoring.
AI-0279,Banking,Predictive Maintenance,Regression,42418,215497,0.969,409.95,0.172,0.673,7.09,0.932,509016,-57.66,47.26,76.19,Medium,Negative ROI,42.49,Review,Negative ROI,Financial review required due to negative ROI.
AI-0280,Logistics,Recommendation,Recommendation,99611,416489,0.954,59.55,0.041,0.53,0.59,0.576,1195332,-65.16,26.06,85.38,Low,Negative ROI,52.06,Monitor,Negative ROI,Financial review required due to negative ROI.
AI-0281,Manufacturing,Fraud Detection,Classification,21724,198207,0.765,307.98,0.281,0.663,9.58,0.987,260688,-23.97,54.23,64.7,Medium,Negative ROI,36.38,Review,Negative ROI | High Data Drift,Financial review required due to negative ROI.
AI-0282,Telecom,Fraud Detection,Regression,8828,384986,0.898,253.11,0.106,0.59,0.76,0.831,105936,263.41,31.0,78.63,Low,High ROI,83.22,Strategic,Healthy,AI project is performing within acceptable business and governance limits.
AI-0283,Telecom,Recommendation,Recommendation,22087,444097,0.845,282.04,0.134,0.423,13.89,0.658,265044,67.56,46.2,70.25,Medium,Healthy ROI,52.55,Monitor,High Downtime,Project requires management monitoring.
AI-0284,Retail,Document Intelligence,Regression,17605,98077,0.765,464.58,0.201,0.201,14.42,0.751,211260,-53.58,39.11,59.28,Medium,Negative ROI,39.02,Review,Negative ROI | Low AI Performance | High Data Drift | High Downtime,Financial review required due to negative ROI.
AI-0285,Banking,Customer Support,Computer Vision,36337,159784,0.986,438.23,0.1,0.306,2.84,0.372,436044,-63.36,21.5,68.59,Low,Negative ROI,47.56,Review,Negative ROI | Low User Adoption,Financial review required due to negative ROI.
AI-0286,Banking,Customer Support,Computer Vision,10482,225776,0.659,396.84,0.076,0.525,10.15,0.891,125784,79.5,42.82,65.06,Medium,Healthy ROI,53.84,Monitor,High Downtime,Project requires management monitoring.
AI-0287,Retail,Customer Support,Computer Vision,70333,335018,0.736,151.38,0.189,0.652,1.38,0.708,843996,-60.31,37.31,66.97,Medium,Negative ROI,42.25,Review,Negative ROI,Financial review required due to negative ROI.
AI-0288,Retail,Document Intelligence,Classification,97541,89087,0.827,457.67,0.007,0.779,10.94,0.99,1170492,-92.39,53.5,77.07,Medium,Negative ROI,40.92,Review,Negative ROI | High Downtime,Financial review required due to negative ROI.
AI-0289,Retail,Document Intelligence,Computer Vision,93296,294441,0.827,66.8,0.216,0.767,5.21,0.746,1119552,-73.7,49.68,73.47,Medium,Negative ROI,40.81,Review,Negative ROI | High Data Drift,Financial review required due to negative ROI.
AI-0290,Manufacturing,Recommendation,Recommendation,55952,260341,0.85,429.6,0.154,0.973,10.22,0.884,671424,-61.23,65.44,69.59,High,Negative ROI,34.72,Review,Negative ROI | High Governance Risk | High Downtime,Financial review required due to negative ROI.
AI-0291,Logistics,Fraud Detection,Regression,10463,309272,0.906,177.52,0.182,0.286,5.59,0.86,125556,146.32,27.65,78.07,Low,Healthy ROI,74.64,Monitor,Healthy,AI project is performing within acceptable business and governance limits.
AI-0292,Banking,Recommendation,NLP,75448,88368,0.862,45.81,0.19,0.071,2.18,0.542,905376,-90.24,12.53,73.07,Low,Negative ROI,51.82,Monitor,Negative ROI,Financial review required due to negative ROI.
AI-0293,Manufacturing,Recommendation,Recommendation,9648,239571,0.854,341.29,0.158,0.346,6.09,0.482,115776,106.93,30.46,64.2,Low,Healthy ROI,62.04,Monitor,Low User Adoption,Project requires management monitoring.
AI-0294,Retail,Document Intelligence,Recommendation,38623,361102,0.668,131.01,0.175,0.743,1.69,0.601,463476,-22.09,41.5,62.74,Medium,Negative ROI,39.51,Review,Negative ROI,Financial review required due to negative ROI.
AI-0295,Banking,Customer Support,Computer Vision,64156,315064,0.778,136.91,0.205,0.438,8.65,0.627,769872,-59.08,40.28,67.08,Medium,Negative ROI,41.39,Review,Negative ROI | High Data Drift,Financial review required due to negative ROI.
AI-0296,Manufacturing,Demand Forecasting,Classification,40634,271514,0.729,166.9,0.226,0.818,0.61,0.468,487608,-44.32,44.61,59.5,Medium,Negative ROI,37.44,Review,Negative ROI | Low AI Performance | High Data Drift | Low User Adoption,Financial review required due to negative ROI.
AI-0297,Logistics,Fraud Detection,Regression,49602,424372,0.74,50.57,0.218,0.549,7.91,0.926,595224,-28.7,44.43,73.1,Medium,Negative ROI,42.26,Review,Negative ROI | High Data Drift,Financial review required due to negative ROI.
AI-0298,Manufacturing,Document Intelligence,Classification,54334,162180,0.838,105.02,0.261,0.93,13.3,0.68,652008,-75.13,71.85,69.3,High,Negative ROI,32.7,Review,Negative ROI | High Governance Risk | High Data Drift | High Downtime,Financial review required due to negative ROI.
AI-0299,Logistics,Customer Support,Regression,73648,445061,0.718,22.47,0.057,0.948,12.57,0.985,883776,-49.64,65.32,82.08,High,Negative ROI,39.13,Review,Negative ROI | High Governance Risk | High Downtime,Financial review required due to negative ROI.
AI-0300,Retail,Demand Forecasting,Regression,27054,416016,0.75,233.8,0.12,0.069,13.24,0.867,324648,28.14,28.77,71.83,Low,Low ROI,51.43,Monitor,High Downtime,Project requires management monitoring.
AI-0301,Logistics,Demand Forecasting,Classification,75028,279904,0.731,60.44,0.284,0.456,13.83,0.689,900336,-68.91,52.09,64.32,Medium,Negative ROI,36.88,Review,Negative ROI | High Data Drift | High Downtime,Financial review required due to negative ROI.
AI-0302,Banking,Document Intelligence,Recommendation,27207,455928,0.972,347.67,0.119,0.61,1.57,0.963,326484,39.65,33.64,81.48,Low,Low ROI,55.36,Monitor,Healthy,AI project is performing within acceptable business and governance limits.
AI-0303,Retail,Predictive Maintenance,Regression,85650,415826,0.971,133.1,0.037,0.256,1.93,0.653,1027800,-59.54,15.85,85.77,Low,Negative ROI,55.26,Monitor,Negative ROI,Financial review required due to negative ROI.
AI-0304,Banking,Fraud Detection,Classification,86554,97603,0.857,472.92,0.158,0.407,8.36,0.921,1038648,-90.6,36.99,69.18,Medium,Negative ROI,43.12,Review,Negative ROI,Financial review required due to negative ROI.
AI-0305,Telecom,Demand Forecasting,Regression,26386,53872,0.964,438.2,0.033,0.678,13.41,0.551,316632,-82.99,53.85,74.42,Medium,Negative ROI,39.89,Review,Negative ROI | High Downtime,Financial review required due to negative ROI.
AI-0306,Healthcare,Document Intelligence,NLP,88276,292872,0.917,158.93,0.061,0.227,14.62,0.565,1059312,-72.35,36.41,79.33,Medium,Negative ROI,46.84,Review,Negative ROI | High Downtime,Financial review required due to negative ROI.
AI-0307,Logistics,Document Intelligence,Recommendation,64518,377246,0.851,395.94,0.299,0.602,0.69,0.593,774216,-51.27,37.21,57.58,Medium,Negative ROI,38.99,Review,Negative ROI | Low AI Performance | High Data Drift,Financial review required due to negative ROI.
AI-0308,Healthcare,Customer Support,Computer Vision,57781,404193,0.652,405.56,0.162,0.697,5.34,0.683,693372,-41.71,45.12,55.99,Medium,Negative ROI,36.06,Review,Negative ROI | Low AI Performance,Financial review required due to negative ROI.
AI-0309,Healthcare,Predictive Maintenance,Regression,57780,302727,0.913,493.55,0.085,0.09,3.19,0.687,693360,-56.34,11.92,70.33,Low,Negative ROI,51.04,Monitor,Negative ROI,Financial review required due to negative ROI.
AI-0310,Logistics,Fraud Detection,NLP,66440,105774,0.889,306.96,0.298,0.498,11.34,0.647,797280,-86.73,50.25,63.28,Medium,Negative ROI,37.07,Review,Negative ROI | High Data Drift | High Downtime,Financial review required due to negative ROI.
AI-0311,Retail,Recommendation,Computer Vision,49199,420479,0.859,59.34,0.29,0.263,9.6,0.514,590388,-28.78,36.54,66.95,Medium,Negative ROI,42.47,Review,Negative ROI | High Data Drift,Financial review required due to negative ROI.
AI-0312,Telecom,Customer Support,Computer Vision,66035,408518,0.909,330.48,0.132,0.724,1.8,0.949,792420,-48.45,39.54,77.92,Medium,Negative ROI,45.41,Review,Negative ROI,Financial review required due to negative ROI.
AI-0313,Banking,Demand Forecasting,Regression,13210,218522,0.824,319.99,0.078,0.19,7.25,0.712,158520,37.85,22.97,71.94,Low,Low ROI,54.91,Monitor,Healthy,AI project is performing within acceptable business and governance limits.
AI-0314,Manufacturing,Demand Forecasting,Classification,49363,240357,0.889,326.41,0.252,0.892,10.28,0.585,592356,-59.42,64.83,63.76,Medium,Negative ROI,32.87,Review,Negative ROI | High Data Drift | High Downtime,Financial review required due to negative ROI.
AI-0315,Banking,Customer Support,Regression,83279,432672,0.968,167.43,0.215,0.431,11.69,0.756,999348,-56.7,45.33,77.75,Medium,Negative ROI,43.61,Review,Negative ROI | High Data Drift | High Downtime,Financial review required due to negative ROI.
AI-0316,Manufacturing,Document Intelligence,NLP,65348,373262,0.778,432.65,0.206,0.198,0.3,0.838,784176,-52.4,15.59,62.38,Low,Negative ROI,47.16,Review,Negative ROI | High Data Drift,Financial review required due to negative ROI.
AI-0317,Banking,Demand Forecasting,Computer Vision,60284,85942,0.891,480.55,0.268,0.438,13.36,0.973,723408,-88.12,50.02,66.19,Medium,Negative ROI,38.16,Review,Negative ROI | High Data Drift | High Downtime,Financial review required due to negative ROI.
AI-0318,Logistics,Predictive Maintenance,Regression,77124,33689,0.812,124.5,0.207,0.409,8.54,0.65,925488,-96.36,38.85,69.52,Medium,Negative ROI,42.68,Review,Negative ROI | High Data Drift,Financial review required due to negative ROI.
AI-0319,Telecom,Fraud Detection,Classification,73847,446150,0.879,62.31,0.085,0.429,12.18,0.378,886164,-49.65,42.16,75.39,Medium,Negative ROI,43.74,Review,Negative ROI | High Downtime | Low User Adoption,Financial review required due to negative ROI.
AI-0320,Manufacturing,Predictive Maintenance,Regression,27432,53276,0.909,113.38,0.208,0.586,12.12,0.609,329184,-83.82,52.81,73.83,Medium,Negative ROI,40.0,Review,Negative ROI | High Data Drift | High Downtime,Financial review required due to negative ROI.
AI-0321,Retail,Demand Forecasting,Recommendation,69089,121968,0.665,413.87,0.092,0.521,2.85,0.635,829068,-85.29,30.96,58.93,Low,Negative ROI,41.34,Review,Negative ROI | Low AI Performance,Financial review required due to negative ROI.
AI-0322,Banking,Recommendation,Classification,60398,433089,0.87,344.79,0.228,0.15,1.65,0.928,724776,-40.25,16.34,70.32,Low,Negative ROI,49.71,Review,Negative ROI | High Data Drift,Financial review required due to negative ROI.
AI-0323,Banking,Fraud Detection,NLP,8321,295194,0.727,325.3,0.186,0.066,10.82,0.576,99852,195.63,26.58,58.81,Low,High ROI,76.84,Strategic,Low AI Performance | High Downtime,Model performance optimization is recommended.
AI-0324,Manufacturing,Fraud Detection,Computer Vision,86348,86216,0.878,212.86,0.023,0.729,2.35,0.967,1036176,-91.68,37.41,85.7,Medium,Negative ROI,48.77,Review,Negative ROI,Financial review required due to negative ROI.
AI-0325,Retail,Customer Support,Regression,42383,235516,0.809,297.36,0.154,0.56,12.75,0.64,508596,-53.69,51.07,66.63,Medium,Negative ROI,38.0,Review,Negative ROI | High Downtime,Financial review required due to negative ROI.
AI-0326,Retail,Customer Support,Classification,83682,366184,0.913,167.78,0.103,0.359,10.89,0.982,1004184,-63.53,37.4,85.11,Medium,Negative ROI,48.57,Review,Negative ROI | High Downtime,Financial review required due to negative ROI.
AI-0327,Logistics,Recommendation,Recommendation,84190,41644,0.692,249.06,0.099,0.808,12.63,0.306,1010280,-95.88,60.38,58.3,Medium,Negative ROI,32.29,Review,Negative ROI | Low AI Performance | High Downtime | Low User Adoption,Financial review required due to negative ROI.
AI-0328,Logistics,Document Intelligence,Classification,57893,82021,0.863,400.67,0.181,0.388,4.49,0.929,694716,-88.19,30.37,70.66,Low,Negative ROI,45.62,Review,Negative ROI,Financial review required due to negative ROI.
AI-0329,Logistics,Fraud Detection,Recommendation,40820,188197,0.745,491.0,0.097,0.796,4.75,0.952,489840,-61.58,46.65,66.71,Medium,Negative ROI,39.35,Review,Negative ROI,Financial review required due to negative ROI.
AI-0330,Logistics,Recommendation,NLP,71262,480115,0.94,467.59,0.233,0.306,10.07,0.973,855144,-43.86,37.54,70.78,Medium,Negative ROI,43.51,Review,Negative ROI | High Data Drift | High Downtime,Financial review required due to negative ROI.
AI-0331,Logistics,Customer Support,Computer Vision,8760,62291,0.966,468.26,0.021,0.073,0.47,0.309,105120,-40.74,4.7,69.38,Low,Negative ROI,52.87,Monitor,Negative ROI | Low User Adoption,Financial review required due to negative ROI.
AI-0332,Logistics,Customer Support,NLP,27190,448276,0.989,213.07,0.198,0.933,10.9,0.42,326280,37.39,66.09,71.56,High,Low ROI,41.76,Review,High Governance Risk | High Downtime | Low User Adoption,Governance review required before further scaling.
AI-0333,Telecom,Fraud Detection,Regression,72411,414754,0.921,245.02,0.243,0.395,12.54,0.758,868932,-52.27,45.96,71.71,Medium,Negative ROI,41.31,Review,Negative ROI | High Data Drift | High Downtime,Financial review required due to negative ROI.
AI-0334,Retail,Predictive Maintenance,Classification,28377,449392,0.906,358.7,0.202,0.793,6.23,0.318,340524,31.97,52.13,60.8,Medium,Low ROI,41.24,Review,High Data Drift | Low User Adoption,Data monitoring and model retraining should be considered.
AI-0335,Logistics,Demand Forecasting,Recommendation,51737,323664,0.723,462.65,0.149,0.279,11.47,0.345,620844,-47.87,36.14,51.72,Medium,Negative ROI,37.26,Review,Negative ROI | Low AI Performance | High Downtime | Low User Adoption,Financial review required due to negative ROI.
AI-0336,Retail,Customer Support,Recommendation,74569,45675,0.764,88.16,0.285,0.646,2.62,0.455,894828,-94.9,41.99,60.41,Medium,Negative ROI,38.55,Review,Negative ROI | High Data Drift | Low User Adoption,Financial review required due to negative ROI.
AI-0337,Retail,Document Intelligence,Classification,43211,169359,0.808,166.04,0.09,0.873,4.83,0.659,518532,-67.34,50.04,74.1,Medium,Negative ROI,40.92,Review,Negative ROI,Financial review required due to negative ROI.
AI-0338,Healthcare,Document Intelligence,Classification,87909,282318,0.913,86.84,0.006,0.042,14.61,0.682,1054908,-73.24,26.42,86.38,Low,Negative ROI,52.31,Monitor,Negative ROI | High Downtime,Financial review required due to negative ROI.
AI-0339,Telecom,Customer Support,Regression,8744,112268,0.961,313.76,0.13,0.831,14.79,0.324,104928,7.0,65.94,68.62,High,Low ROI,35.46,Review,High Governance Risk | High Downtime | Low User Adoption,Governance review required before further scaling.
AI-0340,Logistics,Predictive Maintenance,NLP,29995,317142,0.714,167.02,0.01,0.571,7.69,0.419,359940,-11.89,38.81,68.57,Medium,Negative ROI,42.36,Review,Negative ROI | Low User Adoption,Financial review required due to negative ROI.
AI-0341,Banking,Predictive Maintenance,Recommendation,21977,204384,0.964,176.53,0.286,0.607,14.01,0.65,263724,-22.5,59.24,71.6,Medium,Negative ROI,37.29,Review,Negative ROI | High Data Drift | High Downtime,Financial review required due to negative ROI.
AI-0342,Manufacturing,Recommendation,Regression,39542,425328,0.887,54.04,0.063,0.523,7.84,0.716,474504,-10.36,38.49,83.9,Medium,Negative ROI,47.82,Review,Negative ROI,Financial review required due to negative ROI.
AI-0343,Banking,Document Intelligence,NLP,15651,125410,0.858,187.9,0.237,0.874,4.37,0.404,187812,-33.23,53.72,63.49,Medium,Negative ROI,36.11,Review,Negative ROI | High Data Drift | Low User Adoption,Financial review required due to negative ROI.
AI-0344,Telecom,Recommendation,Regression,83931,357369,0.718,434.0,0.232,0.043,4.0,0.579,1007172,-64.52,15.56,52.86,Low,Negative ROI,43.83,Review,Negative ROI | Low AI Performance | High Data Drift,Financial review required due to negative ROI.
AI-0345,Manufacturing,Document Intelligence,Recommendation,21715,326958,0.669,131.87,0.065,0.261,13.94,0.933,260580,25.47,36.93,74.9,Medium,Low ROI,49.59,Review,High Downtime,Project requires management monitoring.
AI-0346,Telecom,Demand Forecasting,Classification,49409,367235,0.843,353.69,0.186,0.876,2.59,0.999,592908,-38.06,49.32,72.22,Medium,Negative ROI,40.48,Review,Negative ROI,Financial review required due to negative ROI.
AI-0347,Retail,Demand Forecasting,Classification,29306,332863,0.872,322.22,0.014,0.752,8.69,0.991,351672,-5.35,48.74,83.05,Medium,Negative ROI,44.45,Review,Negative ROI,Financial review required due to negative ROI.
AI-0348,Manufacturing,Fraud Detection,NLP,24086,149887,0.722,434.47,0.145,0.018,8.33,0.917,289032,-48.14,19.04,64.16,Low,Negative ROI,46.74,Review,Negative ROI,Financial review required due to negative ROI.
AI-0349,Retail,Recommendation,Computer Vision,19376,316063,0.839,83.5,0.004,0.517,11.09,0.576,232512,35.93,41.87,80.76,Medium,Low ROI,51.99,Monitor,High Downtime,Project requires management monitoring.
AI-0350,Banking,Customer Support,NLP,66350,355299,0.941,489.24,0.276,0.53,7.49,0.781,796200,-55.38,44.61,64.19,Medium,Negative ROI,39.08,Review,Negative ROI | High Data Drift,Financial review required due to negative ROI.
AI-0351,Banking,Recommendation,Computer Vision,76425,353713,0.934,299.66,0.293,0.401,4.08,0.592,917100,-61.43,33.64,64.9,Low,Negative ROI,42.62,Review,Negative ROI | High Data Drift,Financial review required due to negative ROI.
AI-0352,Manufacturing,Customer Support,Regression,41636,323472,0.965,497.83,0.067,0.297,2.54,0.754,499632,-35.26,19.61,75.05,Low,Negative ROI,50.38,Monitor,Negative ROI,Financial review required due to negative ROI.
AI-0353,Manufacturing,Predictive Maintenance,Regression,91120,221554,0.774,457.53,0.062,0.682,9.31,0.517,1093440,-79.74,48.07,62.21,Medium,Negative ROI,37.35,Review,Negative ROI,Financial review required due to negative ROI.
AI-0354,Logistics,Recommendation,Recommendation,56649,306762,0.758,126.33,0.226,0.208,10.78,0.724,679788,-54.87,34.11,67.29,Low,Negative ROI,43.32,Review,Negative ROI | High Data Drift | High Downtime,Financial review required due to negative ROI.
AI-0355,Telecom,Predictive Maintenance,Computer Vision,39610,54675,0.905,46.96,0.076,0.799,8.54,0.667,475320,-88.5,52.47,83.38,Medium,Negative ROI,43.44,Review,Negative ROI,Financial review required due to negative ROI.
AI-0356,Logistics,Demand Forecasting,Recommendation,15058,301063,0.797,142.71,0.269,0.803,11.08,0.317,180696,66.61,62.67,58.46,Medium,Healthy ROI,43.32,Review,Low AI Performance | High Data Drift | High Downtime | Low User Adoption,Model performance optimization is recommended.
AI-0357,Telecom,Demand Forecasting,Classification,79637,286317,0.68,273.23,0.172,0.415,2.12,0.853,955644,-70.04,27.37,64.26,Low,Negative ROI,44.28,Review,Negative ROI,Financial review required due to negative ROI.
AI-0358,Logistics,Fraud Detection,Computer Vision,83033,391513,0.746,102.37,0.105,0.284,13.24,0.308,996396,-60.71,38.0,65.14,Medium,Negative ROI,41.4,Review,Negative ROI | High Downtime | Low User Adoption,Financial review required due to negative ROI.
AI-0359,Retail,Recommendation,NLP,75194,308544,0.792,100.38,0.25,0.284,8.74,0.505,902328,-65.81,34.85,64.19,Low,Negative ROI,42.01,Review,Negative ROI | High Data Drift,Financial review required due to negative ROI.
AI-0360,Manufacturing,Predictive Maintenance,Classification,81917,201517,0.749,242.04,0.148,0.482,1.9,0.304,983004,-79.5,29.3,58.87,Low,Negative ROI,41.81,Review,Negative ROI | Low AI Performance | Low User Adoption,Financial review required due to negative ROI.
AI-0361,Banking,Customer Support,Classification,69200,90305,0.763,35.97,0.273,0.72,6.93,0.563,830400,-89.13,52.14,64.68,Medium,Negative ROI,37.0,Review,Negative ROI | High Data Drift,Financial review required due to negative ROI.
AI-0362,Telecom,Demand Forecasting,NLP,51619,188636,0.75,78.51,0.278,0.359,12.67,0.344,619428,-69.55,45.61,58.12,Medium,Negative ROI,36.66,Review,Negative ROI | Low AI Performance | High Data Drift | High Downtime | Low User Adoption,Financial review required due to negative ROI.
AI-0363,Telecom,Demand Forecasting,Classification,22154,459030,0.664,219.61,0.05,0.61,13.46,0.939,265848,72.67,51.38,72.89,Medium,Healthy ROI,52.81,Monitor,High Downtime,Project requires management monitoring.
AI-0364,Banking,Customer Support,Computer Vision,24539,492963,0.867,50.3,0.001,0.382,3.97,0.591,294468,67.41,23.84,83.61,Low,Healthy ROI,63.91,Monitor,Healthy,AI project is performing within acceptable business and governance limits.
AI-0365,Logistics,Predictive Maintenance,Recommendation,65058,108791,0.853,210.44,0.295,0.305,10.67,0.622,780696,-86.06,40.36,64.03,Medium,Negative ROI,40.3,Review,Negative ROI | High Data Drift | High Downtime,Financial review required due to negative ROI.
AI-0366,Telecom,Predictive Maintenance,Classification,67068,179034,0.872,247.52,0.272,0.025,1.5,0.545,804816,-77.75,11.78,63.47,Low,Negative ROI,48.68,Review,Negative ROI | High Data Drift,Financial review required due to negative ROI.
AI-0367,Retail,Recommendation,Computer Vision,82313,498108,0.715,236.61,0.017,0.004,0.5,0.739,987756,-49.57,1.52,72.58,Low,Negative ROI,54.95,Monitor,Negative ROI,Financial review required due to negative ROI.
AI-0368,Manufacturing,Recommendation,Regression,35373,499058,0.751,437.2,0.25,0.227,8.41,0.849,424476,17.57,31.73,58.91,Low,Low ROI,44.17,Review,Low AI Performance | High Data Drift,Model performance optimization is recommended.
AI-0369,Banking,Document Intelligence,Computer Vision,38154,90533,0.861,274.43,0.137,0.406,10.42,0.754,457848,-80.23,39.75,73.05,Medium,Negative ROI,43.64,Review,Negative ROI | High Downtime,Financial review required due to negative ROI.
AI-0370,Manufacturing,Document Intelligence,Recommendation,11031,207256,0.854,244.63,0.078,0.851,11.94,0.824,132372,56.57,60.54,77.94,Medium,Healthy ROI,49.02,Review,High Downtime,Project requires management monitoring.
AI-0371,Telecom,Fraud Detection,Computer Vision,98533,496128,0.822,217.14,0.264,0.798,5.1,0.934,1182396,-58.04,52.33,70.07,Medium,Negative ROI,38.83,Review,Negative ROI | High Data Drift,Financial review required due to negative ROI.
AI-0372,Telecom,Demand Forecasting,NLP,76975,385735,0.769,412.46,0.059,0.267,0.1,0.904,923700,-58.24,13.95,71.21,Low,Negative ROI,50.74,Monitor,Negative ROI,Financial review required due to negative ROI.
AI-0373,Banking,Recommendation,Recommendation,27785,161650,0.96,449.63,0.284,0.245,7.19,0.772,333420,-51.52,31.53,65.75,Low,Negative ROI,43.55,Review,Negative ROI | High Data Drift,Financial review required due to negative ROI.
AI-0374,Retail,Predictive Maintenance,Regression,83928,151060,0.766,429.56,0.062,0.227,0.24,0.45,1007136,-85.0,12.48,61.31,Low,Negative ROI,47.71,Review,Negative ROI | Low User Adoption,Financial review required due to negative ROI.
AI-0375,Healthcare,Customer Support,NLP,33669,169696,0.805,343.3,0.184,0.339,1.38,0.746,404028,-58.0,23.08,65.67,Low,Negative ROI,46.06,Review,Negative ROI,Financial review required due to negative ROI.
AI-0376,Banking,Predictive Maintenance,Computer Vision,99475,321338,0.881,85.93,0.067,0.498,4.9,0.654,1193700,-73.08,32.59,81.2,Low,Negative ROI,48.64,Review,Negative ROI,Financial review required due to negative ROI.
AI-0377,Healthcare,Demand Forecasting,Recommendation,7282,392047,0.835,152.9,0.164,0.439,6.56,0.802,87384,348.65,35.61,75.0,Medium,High ROI,80.57,Strategic,Healthy,AI project is performing within acceptable business and governance limits.
AI-0378,Logistics,Document Intelligence,Regression,39624,413605,0.768,42.11,0.205,0.218,4.19,0.883,475488,-13.01,22.94,74.55,Low,Negative ROI,49.21,Review,Negative ROI | High Data Drift,Financial review required due to negative ROI.
AI-0379,Healthcare,Predictive Maintenance,NLP,53438,381447,0.798,466.8,0.057,0.13,8.73,0.82,641256,-40.52,22.11,69.45,Low,Negative ROI,47.67,Review,Negative ROI,Financial review required due to negative ROI.
AI-0380,Retail,Fraud Detection,Regression,94900,262188,0.92,337.18,0.156,0.013,0.83,0.893,1138800,-76.98,6.65,75.94,Low,Negative ROI,54.58,Monitor,Negative ROI,Financial review required due to negative ROI.
AI-0381,Logistics,Demand Forecasting,Computer Vision,72534,396047,0.745,378.25,0.141,0.154,2.17,0.345,870408,-54.5,14.78,55.75,Low,Negative ROI,45.08,Review,Negative ROI | Low AI Performance | Low User Adoption,Financial review required due to negative ROI.
AI-0382,Healthcare,Document Intelligence,Regression,36705,349535,0.698,169.55,0.021,0.705,10.43,0.322,440460,-20.64,49.74,65.2,Medium,Negative ROI,37.9,Review,Negative ROI | High Downtime | Low User Adoption,Financial review required due to negative ROI.
AI-0383,Logistics,Customer Support,Classification,43244,257501,0.756,425.91,0.245,0.244,2.13,0.481,518928,-50.38,21.88,52.39,Low,Negative ROI,41.77,Review,Negative ROI | Low AI Performance | High Data Drift | Low User Adoption,Financial review required due to negative ROI.
AI-0384,Healthcare,Document Intelligence,NLP,79964,427010,0.939,144.61,0.101,0.469,9.6,0.93,959568,-55.5,40.14,86.16,Medium,Negative ROI,48.11,Review,Negative ROI,Financial review required due to negative ROI.
AI-0385,Retail,Fraud Detection,Regression,42437,340146,0.68,20.79,0.172,0.591,0.82,0.877,509244,-33.21,33.12,72.32,Low,Negative ROI,45.38,Review,Negative ROI,Financial review required due to negative ROI.
AI-0386,Healthcare,Demand Forecasting,Computer Vision,82872,317675,0.987,200.68,0.154,0.887,6.11,0.778,994464,-68.06,54.72,81.19,Medium,Negative ROI,42.0,Review,Negative ROI,Financial review required due to negative ROI.
AI-0387,Healthcare,Customer Support,Computer Vision,79878,203887,0.834,293.97,0.154,0.889,2.66,0.791,958536,-78.73,49.06,71.0,Medium,Negative ROI,40.13,Review,Negative ROI,Financial review required due to negative ROI.
AI-0388,Healthcare,Fraud Detection,Regression,77982,24986,0.985,249.78,0.032,0.746,1.64,0.809,935784,-97.33,37.26,86.34,Medium,Negative ROI,49.04,Review,Negative ROI,Financial review required due to negative ROI.
AI-0389,Banking,Document Intelligence,Computer Vision,55583,314442,0.969,433.8,0.127,0.035,8.51,0.96,666996,-52.86,19.57,78.29,Low,Negative ROI,51.53,Monitor,Negative ROI,Financial review required due to negative ROI.
AI-0390,Banking,Fraud Detection,Recommendation,43392,283625,0.804,70.59,0.136,0.575,13.93,0.883,520704,-45.53,53.17,78.94,Medium,Negative ROI,41.68,Review,Negative ROI | High Downtime,Financial review required due to negative ROI.
AI-0391,Banking,Demand Forecasting,Recommendation,12461,338552,0.717,285.84,0.22,0.787,0.82,0.736,149532,126.41,43.38,60.99,Medium,Healthy ROI,60.45,Monitor,High Data Drift,Data monitoring and model retraining should be considered.
AI-0392,Retail,Recommendation,Recommendation,15516,220339,0.706,266.23,0.252,0.017,6.32,0.766,186192,18.34,18.86,60.03,Low,Low ROI,48.56,Review,High Data Drift,Data monitoring and model retraining should be considered.
AI-0393,Logistics,Fraud Detection,Classification,84285,141950,0.732,155.07,0.163,0.55,10.61,0.45,1011420,-85.97,47.32,62.8,Medium,Negative ROI,37.78,Review,Negative ROI | High Downtime | Low User Adoption,Financial review required due to negative ROI.
AI-0394,Telecom,Fraud Detection,Regression,22514,430051,0.891,414.67,0.026,0.858,6.94,0.76,270168,59.18,50.96,76.01,Medium,Healthy ROI,51.67,Monitor,Healthy,AI project is performing within acceptable business and governance limits.
AI-0395,Healthcare,Document Intelligence,Classification,41268,145355,0.743,381.37,0.071,0.474,12.1,0.597,495216,-70.65,43.63,64.1,Medium,Negative ROI,39.35,Review,Negative ROI | High Downtime,Financial review required due to negative ROI.
AI-0396,Healthcare,Document Intelligence,Computer Vision,95486,47798,0.766,371.77,0.049,0.004,2.69,0.407,1145832,-95.83,6.13,62.84,Low,Negative ROI,50.16,Monitor,Negative ROI | Low User Adoption,Financial review required due to negative ROI.
AI-0397,Retail,Customer Support,Classification,41788,111649,0.803,440.57,0.037,0.011,14.39,0.864,501456,-77.74,25.59,72.36,Low,Negative ROI,47.65,Review,Negative ROI | High Downtime,Financial review required due to negative ROI.
AI-0398,Healthcare,Document Intelligence,Computer Vision,80749,347031,0.96,366.94,0.11,0.417,5.78,0.657,968988,-64.19,31.7,74.63,Low,Negative ROI,46.61,Review,Negative ROI,Financial review required due to negative ROI.
AI-0399,Banking,Predictive Maintenance,Computer Vision,66049,39477,0.714,131.28,0.069,0.155,5.12,0.984,792588,-95.02,17.58,77.99,Low,Negative ROI,52.02,Monitor,Negative ROI,Financial review required due to negative ROI.
AI-0400,Telecom,Demand Forecasting,NLP,67493,430482,0.652,358.67,0.065,0.664,13.12,0.497,809916,-46.85,53.7,58.53,Medium,Negative ROI,34.38,Review,Negative ROI | Low AI Performance | High Downtime | Low User Adoption,Financial review required due to negative ROI.
AI-0401,Manufacturing,Demand Forecasting,Recommendation,41027,237400,0.67,167.7,0.016,0.709,8.46,0.636,492324,-51.78,46.49,70.39,Medium,Negative ROI,40.69,Review,Negative ROI,Financial review required due to negative ROI.
AI-0402,Healthcare,Recommendation,Computer Vision,98547,237060,0.958,136.24,0.005,0.178,7.75,0.614,1182564,-79.95,21.08,85.84,Low,Negative ROI,53.72,Monitor,Negative ROI,Financial review required due to negative ROI.
AI-0403,Banking,Recommendation,NLP,47849,409959,0.87,55.04,0.031,0.889,10.9,0.385,574188,-28.6,59.1,78.0,Medium,Negative ROI,39.57,Review,Negative ROI | High Downtime | Low User Adoption,Financial review required due to negative ROI.
AI-0404,Manufacturing,Demand Forecasting,Recommendation,22858,456742,0.743,377.13,0.052,0.442,8.7,0.598,274296,66.51,35.95,65.2,Medium,Healthy ROI,53.67,Monitor,Healthy,AI project is performing within acceptable business and governance limits.
AI-0405,Telecom,Recommendation,Computer Vision,89162,409570,0.71,361.28,0.129,0.143,2.44,0.501,1069944,-61.72,14.37,58.23,Low,Negative ROI,46.07,Review,Negative ROI | Low AI Performance,Financial review required due to negative ROI.
AI-0406,Manufacturing,Customer Support,Computer Vision,84003,425105,0.75,132.56,0.153,0.764,10.11,0.412,1008036,-57.83,55.82,64.11,Medium,Negative ROI,35.69,Review,Negative ROI | High Downtime | Low User Adoption,Financial review required due to negative ROI.
AI-0407,Banking,Document Intelligence,Classification,57395,306479,0.689,379.7,0.042,0.79,2.0,0.498,688740,-55.5,40.14,60.92,Medium,Negative ROI,39.28,Review,Negative ROI | Low User Adoption,Financial review required due to negative ROI.
AI-0408,Logistics,Demand Forecasting,Classification,44758,424470,0.97,460.56,0.127,0.639,12.09,0.463,537096,-20.97,52.72,67.59,Medium,Negative ROI,37.84,Review,Negative ROI | High Downtime | Low User Adoption,Financial review required due to negative ROI.
AI-0409,Logistics,Recommendation,Recommendation,59312,368754,0.917,71.85,0.103,0.853,14.85,0.814,711744,-48.19,66.22,84.82,High,Negative ROI,39.82,Review,Negative ROI | High Governance Risk | High Downtime,Financial review required due to negative ROI.
AI-0410,Manufacturing,Demand Forecasting,Computer Vision,73670,293586,0.807,131.67,0.055,0.737,5.66,0.322,884040,-66.79,44.25,70.09,Medium,Negative ROI,41.26,Review,Negative ROI | Low User Adoption,Financial review required due to negative ROI.
AI-0411,Retail,Predictive Maintenance,Regression,87279,328433,0.944,380.13,0.002,0.882,6.67,0.732,1047348,-68.64,50.87,80.34,Medium,Negative ROI,42.86,Review,Negative ROI,Financial review required due to negative ROI.
AI-0412,Manufacturing,Fraud Detection,Classification,20434,335891,0.735,151.76,0.14,0.434,0.7,0.832,245208,36.98,24.9,71.84,Low,Low ROI,54.15,Monitor,Healthy,AI project is performing within acceptable business and governance limits.
AI-0413,Healthcare,Document Intelligence,Recommendation,69047,319471,0.894,319.84,0.206,0.748,0.21,0.637,828564,-61.44,40.19,67.54,Medium,Negative ROI,41.58,Review,Negative ROI | High Data Drift,Financial review required due to negative ROI.
AI-0414,Healthcare,Demand Forecasting,Computer Vision,52775,429415,0.941,58.96,0.068,1.0,13.82,0.952,633300,-32.19,70.07,90.92,High,Negative ROI,40.8,Review,Negative ROI | High Governance Risk | High Downtime,Financial review required due to negative ROI.
AI-0415,Logistics,Fraud Detection,Computer Vision,80769,354971,0.771,237.06,0.04,0.725,1.93,0.796,969228,-63.38,37.04,75.36,Medium,Negative ROI,45.26,Review,Negative ROI,Financial review required due to negative ROI.
AI-0416,Retail,Recommendation,Regression,71677,126464,0.908,374.76,0.266,0.114,6.69,0.824,860124,-85.3,24.26,67.34,Low,Negative ROI,46.29,Review,Negative ROI | High Data Drift,Financial review required due to negative ROI.
AI-0417,Banking,Fraud Detection,Recommendation,88555,151184,0.75,349.53,0.083,0.518,12.23,0.438,1062660,-85.77,46.18,61.62,Medium,Negative ROI,37.71,Review,Negative ROI | High Downtime | Low User Adoption,Financial review required due to negative ROI.
AI-0418,Healthcare,Document Intelligence,Computer Vision,90920,107051,0.752,411.23,0.067,0.587,13.34,0.844,1091040,-90.19,50.66,68.79,Medium,Negative ROI,38.88,Review,Negative ROI | High Downtime,Financial review required due to negative ROI.
AI-0419,Logistics,Demand Forecasting,Classification,50734,170653,0.686,441.18,0.257,0.174,7.79,0.882,608808,-71.97,28.52,55.85,Low,Negative ROI,40.99,Review,Negative ROI | Low AI Performance | High Data Drift,Financial review required due to negative ROI.
AI-0420,Telecom,Predictive Maintenance,Regression,93503,265300,0.8,391.13,0.245,0.963,8.48,0.553,1122036,-76.36,64.82,57.08,Medium,Negative ROI,30.53,Review,Negative ROI | Low AI Performance | High Data Drift,Financial review required due to negative ROI.
AI-0421,Logistics,Recommendation,Recommendation,45603,79722,0.898,342.36,0.135,0.176,10.05,0.449,547236,-85.43,28.72,66.86,Low,Negative ROI,44.78,Review,Negative ROI | High Downtime | Low User Adoption,Financial review required due to negative ROI.
AI-0422,Healthcare,Demand Forecasting,Regression,81708,112036,0.97,35.23,0.147,0.178,14.42,0.57,980496,-88.57,36.45,81.49,Medium,Negative ROI,47.59,Review,Negative ROI | High Downtime,Financial review required due to negative ROI.
AI-0423,Healthcare,Document Intelligence,Classification,86926,248634,0.855,276.78,0.065,0.915,9.04,0.818,1043112,-76.16,58.19,77.56,Medium,Negative ROI,39.69,Review,Negative ROI,Financial review required due to negative ROI.
AI-0424,Logistics,Recommendation,Recommendation,73803,167595,0.943,38.09,0.023,0.465,8.39,0.592,885636,-81.08,35.6,86.7,Medium,Negative ROI,49.66,Review,Negative ROI,Financial review required due to negative ROI.
AI-0425,Banking,Customer Support,Regression,44332,349104,0.93,407.87,0.172,0.063,0.22,0.816,531984,-34.38,8.36,71.98,Low,Negative ROI,52.68,Monitor,Negative ROI,Financial review required due to negative ROI.
AI-0426,Manufacturing,Fraud Detection,NLP,96703,268709,0.709,173.95,0.03,0.598,1.21,0.379,1160436,-76.84,29.83,66.31,Low,Negative ROI,44.26,Review,Negative ROI | Low User Adoption,Financial review required due to negative ROI.
AI-0427,Healthcare,Document Intelligence,Classification,26312,301696,0.815,289.97,0.135,0.602,8.66,0.864,315744,-4.45,45.57,72.58,Medium,Negative ROI,41.73,Review,Negative ROI,Financial review required due to negative ROI.
AI-0428,Logistics,Customer Support,Classification,98376,161880,0.69,154.13,0.282,0.065,14.04,0.477,1180512,-86.29,34.78,55.32,Low,Negative ROI,38.93,Review,Negative ROI | Low AI Performance | High Data Drift | High Downtime | Low User Adoption,Financial review required due to negative ROI.
AI-0429,Logistics,Demand Forecasting,Classification,89526,255419,0.882,395.6,0.286,0.973,13.0,0.474,1074312,-76.22,74.03,57.41,High,Negative ROI,27.88,Review,Negative ROI | High Governance Risk | Low AI Performance | High Data Drift | High Downtime | Low User Adoption,Financial review required due to negative ROI.
AI-0430,Retail,Predictive Maintenance,NLP,49179,485741,0.973,445.52,0.072,0.544,14.74,0.713,590148,-17.69,51.21,75.94,Medium,Negative ROI,41.22,Review,Negative ROI | High Downtime,Financial review required due to negative ROI.
AI-0431,Manufacturing,Recommendation,NLP,76442,174692,0.697,211.35,0.187,0.56,7.92,0.349,917304,-80.96,44.01,56.14,Medium,Negative ROI,36.45,Review,Negative ROI | Low AI Performance | Low User Adoption,Financial review required due to negative ROI.
AI-0432,Telecom,Fraud Detection,Computer Vision,45379,283031,0.9,434.2,0.142,0.52,11.82,0.318,544548,-48.02,47.36,61.23,Medium,Negative ROI,37.22,Review,Negative ROI | High Downtime | Low User Adoption,Financial review required due to negative ROI.
AI-0433,Banking,Recommendation,Regression,22297,313946,0.865,148.2,0.263,0.611,12.61,0.483,267564,17.33,56.4,65.31,Medium,Low ROI,38.97,Review,High Data Drift | High Downtime | Low User Adoption,Data monitoring and model retraining should be considered.
AI-0434,Telecom,Demand Forecasting,Computer Vision,7011,105024,0.848,276.64,0.081,0.264,9.72,0.677,84132,24.83,30.51,73.59,Low,Low ROI,50.95,Monitor,Healthy,AI project is performing within acceptable business and governance limits.
AI-0435,Manufacturing,Recommendation,Regression,49014,265809,0.783,432.21,0.001,0.287,5.08,0.935,588168,-54.81,21.41,74.83,Low,Negative ROI,49.77,Review,Negative ROI,Financial review required due to negative ROI.
AI-0436,Manufacturing,Fraud Detection,NLP,16738,138639,0.771,176.42,0.049,0.511,7.05,0.893,200856,-30.98,36.21,78.67,Medium,Negative ROI,46.67,Review,Negative ROI,Financial review required due to negative ROI.
AI-0437,Manufacturing,Demand Forecasting,NLP,99333,400392,0.665,477.94,0.105,0.807,12.87,0.643,1191996,-66.41,60.92,56.52,Medium,Negative ROI,31.51,Review,Negative ROI | Low AI Performance | High Downtime,Financial review required due to negative ROI.
AI-0438,Telecom,Recommendation,Computer Vision,52498,101938,0.724,78.5,0.095,0.05,4.48,0.326,629976,-83.82,12.57,65.61,Low,Negative ROI,49.19,Review,Negative ROI | Low User Adoption,Financial review required due to negative ROI.
AI-0439,Manufacturing,Predictive Maintenance,Recommendation,16120,237813,0.655,28.77,0.237,0.603,13.86,0.675,193440,22.94,57.34,63.54,Medium,Low ROI,39.05,Review,High Data Drift | High Downtime,Data monitoring and model retraining should be considered.
AI-0440,Logistics,Document Intelligence,Computer Vision,13767,272100,0.848,453.98,0.204,0.807,3.45,0.793,165204,64.71,48.18,64.44,Medium,Healthy ROI,49.42,Review,High Data Drift,Data monitoring and model retraining should be considered.
AI-0441,Telecom,Demand Forecasting,Regression,27852,404890,0.686,52.95,0.09,0.157,11.24,0.537,334224,21.14,28.5,68.95,Low,Low ROI,49.28,Review,High Downtime,Project requires management monitoring.
AI-0442,Manufacturing,Document Intelligence,Computer Vision,84239,308193,0.947,496.11,0.137,0.015,9.46,0.378,1010868,-69.51,20.55,63.18,Low,Negative ROI,45.95,Review,Negative ROI | Low User Adoption,Financial review required due to negative ROI.
AI-0443,Logistics,Demand Forecasting,Classification,5929,359933,0.828,476.67,0.029,0.313,11.24,0.495,71148,405.89,33.69,65.55,Low,High ROI,77.84,Strategic,High Downtime | Low User Adoption,Project requires management monitoring.
AI-0444,Retail,Predictive Maintenance,Regression,82487,104526,0.888,85.77,0.269,0.588,6.56,0.84,989844,-89.44,45.46,75.18,Medium,Negative ROI,42.68,Review,Negative ROI | High Data Drift,Financial review required due to negative ROI.
AI-0445,Manufacturing,Document Intelligence,Regression,96575,421062,0.79,278.04,0.281,0.138,13.99,0.546,1158900,-63.67,37.96,58.03,Medium,Negative ROI,38.92,Review,Negative ROI | Low AI Performance | High Data Drift | High Downtime,Financial review required due to negative ROI.
AI-0446,Telecom,Customer Support,Recommendation,22438,66220,0.841,108.76,0.294,0.426,9.49,0.868,269256,-75.41,43.81,71.45,Medium,Negative ROI,41.86,Review,Negative ROI | High Data Drift,Financial review required due to negative ROI.
AI-0447,Healthcare,Fraud Detection,NLP,53515,328307,0.971,225.51,0.261,0.552,4.32,0.524,642180,-48.88,39.87,69.21,Medium,Negative ROI,42.26,Review,Negative ROI | High Data Drift,Financial review required due to negative ROI.
AI-0448,Manufacturing,Customer Support,Regression,10744,416981,0.678,49.48,0.052,0.599,9.58,0.414,128928,223.42,44.48,68.1,Medium,High ROI,75.49,Strategic,Low User Adoption,Project requires management monitoring.
AI-0449,Healthcare,Recommendation,NLP,88820,399270,0.736,127.48,0.014,0.274,4.3,0.605,1065840,-62.54,19.92,74.38,Low,Negative ROI,50.06,Monitor,Negative ROI,Financial review required due to negative ROI.
AI-0450,Logistics,Predictive Maintenance,Computer Vision,47417,363630,0.915,194.37,0.174,0.4,4.4,0.617,569004,-36.09,30.55,73.56,Low,Negative ROI,46.58,Review,Negative ROI,Financial review required due to negative ROI.
AI-0451,Retail,Customer Support,Classification,12069,458486,0.684,230.55,0.274,0.778,5.99,0.311,144828,216.57,53.21,49.8,Medium,High ROI,66.47,Monitor,Low AI Performance | High Data Drift | Low User Adoption,Model performance optimization is recommended.
AI-0452,Banking,Demand Forecasting,Recommendation,47359,95277,0.676,489.2,0.053,0.941,12.79,0.382,568308,-83.23,65.25,54.11,High,Negative ROI,29.36,Review,Negative ROI | High Governance Risk | Low AI Performance | High Downtime | Low User Adoption,Financial review required due to negative ROI.
AI-0453,Retail,Recommendation,NLP,24799,386389,0.773,407.78,0.002,0.862,7.5,0.429,297588,29.84,51.35,64.9,Medium,Low ROI,42.53,Review,Low User Adoption,Project requires management monitoring.
AI-0454,Manufacturing,Recommendation,Regression,98762,142332,0.681,373.96,0.242,0.564,10.18,0.38,1185144,-87.99,49.61,48.33,Medium,Negative ROI,32.03,Review,Negative ROI | Low AI Performance | High Data Drift | High Downtime | Low User Adoption,Financial review required due to negative ROI.
AI-0455,Healthcare,Customer Support,NLP,75188,254231,0.849,277.78,0.023,0.41,5.88,0.539,902256,-71.82,28.94,73.75,Low,Negative ROI,47.13,Review,Negative ROI,Financial review required due to negative ROI.
AI-0456,Healthcare,Customer Support,Regression,94859,42931,0.727,423.2,0.124,0.333,3.95,0.975,1138308,-96.23,25.29,66.95,Low,Negative ROI,45.85,Review,Negative ROI,Financial review required due to negative ROI.
AI-0457,Telecom,Predictive Maintenance,NLP,12597,109116,0.955,182.87,0.204,0.125,14.32,0.656,151164,-27.82,35.61,75.18,Medium,Negative ROI,45.63,Review,Negative ROI | High Data Drift | High Downtime,Financial review required due to negative ROI.
AI-0458,Healthcare,Fraud Detection,Regression,52093,271671,0.916,360.27,0.071,0.107,9.05,0.739,625116,-56.54,22.03,76.22,Low,Negative ROI,50.07,Monitor,Negative ROI,Financial review required due to negative ROI.
AI-0459,Telecom,Customer Support,Computer Vision,42226,337777,0.888,497.02,0.025,0.688,14.01,0.549,506712,-33.34,55.06,69.22,Medium,Negative ROI,37.71,Review,Negative ROI | High Downtime,Financial review required due to negative ROI.
AI-0460,Logistics,Customer Support,Regression,77127,493918,0.86,171.02,0.231,0.26,3.05,0.526,925524,-46.63,23.71,66.84,Low,Negative ROI,46.28,Review,Negative ROI | High Data Drift,Financial review required due to negative ROI.
AI-0461,Banking,Document Intelligence,Regression,96369,71913,0.944,343.53,0.189,0.255,2.2,0.316,1156428,-93.78,20.81,63.76,Low,Negative ROI,46.07,Review,Negative ROI | Low User Adoption,Financial review required due to negative ROI.
AI-0462,Manufacturing,Demand Forecasting,Classification,82362,270216,0.726,425.27,0.297,0.998,12.84,0.65,988344,-72.66,75.22,51.69,High,Negative ROI,25.53,Review,Negative ROI | High Governance Risk | Low AI Performance | High Data Drift | High Downtime,Financial review required due to negative ROI.
AI-0463,Telecom,Document Intelligence,Regression,31417,114776,0.947,459.59,0.103,0.188,10.21,0.639,377004,-69.56,28.57,71.19,Low,Negative ROI,46.35,Review,Negative ROI | High Downtime,Financial review required due to negative ROI.
AI-0464,Banking,Document Intelligence,Classification,23693,45991,0.918,364.61,0.019,0.148,2.8,0.41,284316,-83.82,11.9,72.21,Low,Negative ROI,51.7,Monitor,Negative ROI | Low User Adoption,Financial review required due to negative ROI.
AI-0465,Healthcare,Recommendation,Recommendation,84674,205917,0.904,156.13,0.22,0.099,4.04,0.835,1016088,-79.73,17.79,76.22,Low,Negative ROI,51.34,Monitor,Negative ROI | High Data Drift,Financial review required due to negative ROI.
AI-0466,Healthcare,Fraud Detection,Classification,58161,124092,0.841,176.62,0.157,0.58,12.01,0.645,697932,-82.22,50.83,71.8,Medium,Negative ROI,39.88,Review,Negative ROI | High Downtime,Financial review required due to negative ROI.
AI-0467,Banking,Demand Forecasting,Computer Vision,7169,249577,0.734,29.96,0.064,0.628,6.81,0.537,86028,190.11,41.53,73.34,Medium,High ROI,76.48,Strategic,Healthy,AI project is performing within acceptable business and governance limits.
AI-0468,Healthcare,Predictive Maintenance,Classification,89092,206384,0.794,385.23,0.235,0.365,10.06,0.403,1069104,-80.7,40.24,54.45,Medium,Negative ROI,36.99,Review,Negative ROI | Low AI Performance | High Data Drift | High Downtime | Low User Adoption,Financial review required due to negative ROI.
AI-0469,Logistics,Predictive Maintenance,Recommendation,27052,423777,0.92,40.52,0.061,0.535,4.78,0.687,324624,30.54,33.87,85.47,Low,Low ROI,55.1,Monitor,Healthy,AI project is performing within acceptable business and governance limits.
AI-0470,Logistics,Customer Support,Computer Vision,76849,430117,0.661,435.03,0.078,0.788,5.72,0.827,922188,-53.36,47.33,62.64,Medium,Negative ROI,37.72,Review,Negative ROI,Financial review required due to negative ROI.
AI-0471,Banking,Customer Support,NLP,78851,257113,0.916,76.96,0.028,0.818,14.86,0.497,946212,-72.83,62.42,82.03,Medium,Negative ROI,39.98,Review,Negative ROI | High Downtime | Low User Adoption,Financial review required due to negative ROI.
AI-0472,Telecom,Predictive Maintenance,NLP,13036,115556,0.732,102.5,0.12,0.958,3.71,0.453,156432,-26.13,52.89,66.58,Medium,Negative ROI,37.44,Review,Negative ROI | Low User Adoption,Financial review required due to negative ROI.
AI-0473,Telecom,Customer Support,Classification,36778,345019,0.699,248.73,0.126,0.824,7.6,0.665,441336,-21.82,53.53,64.49,Medium,Negative ROI,36.51,Review,Negative ROI,Financial review required due to negative ROI.
AI-0474,Banking,Fraud Detection,Classification,32734,176989,0.689,374.18,0.154,0.565,12.67,0.409,392808,-54.94,51.16,53.7,Medium,Negative ROI,33.45,Review,Negative ROI | Low AI Performance | High Downtime | Low User Adoption,Financial review required due to negative ROI.
AI-0475,Telecom,Document Intelligence,Recommendation,28173,344264,0.659,86.72,0.213,0.18,3.59,0.767,338076,1.83,20.47,65.04,Low,Low ROI,46.94,Review,High Data Drift,Data monitoring and model retraining should be considered.
AI-0476,Telecom,Customer Support,Recommendation,35403,415204,0.828,231.23,0.272,0.1,6.23,0.724,424836,-2.27,23.04,65.34,Low,Negative ROI,45.96,Review,Negative ROI | High Data Drift,Financial review required due to negative ROI.
AI-0477,Logistics,Recommendation,Regression,71321,392185,0.724,251.77,0.041,0.055,9.23,0.361,855852,-54.18,19.09,63.82,Low,Negative ROI,46.61,Review,Negative ROI | Low User Adoption,Financial review required due to negative ROI.
AI-0478,Telecom,Customer Support,Recommendation,76675,148467,0.986,121.9,0.016,0.667,7.22,0.326,920100,-83.86,42.53,81.36,Medium,Negative ROI,45.72,Review,Negative ROI | Low User Adoption,Financial review required due to negative ROI.
AI-0479,Retail,Demand Forecasting,Regression,11344,427472,0.845,75.47,0.006,0.808,6.89,0.734,136128,214.02,48.02,84.37,Medium,High ROI,80.12,Strategic,Healthy,AI project is performing within acceptable business and governance limits.
AI-0480,Manufacturing,Fraud Detection,Computer Vision,23800,400634,0.697,421.48,0.043,0.509,5.44,0.506,285600,40.28,33.26,60.18,Low,Low ROI,48.13,Review,Healthy,AI project is performing within acceptable business and governance limits.
AI-0481,Healthcare,Demand Forecasting,Classification,30372,238800,0.884,261.18,0.197,0.055,8.8,0.361,364464,-34.48,23.05,63.73,Low,Negative ROI,45.39,Review,Negative ROI | Low User Adoption,Financial review required due to negative ROI.
AI-0482,Retail,Demand Forecasting,Computer Vision,66516,146155,0.955,26.9,0.218,0.535,9.37,0.832,798192,-81.69,46.23,82.68,Medium,Negative ROI,45.07,Review,Negative ROI | High Data Drift,Financial review required due to negative ROI.
AI-0483,Telecom,Recommendation,Recommendation,25538,310374,0.903,405.43,0.236,0.936,9.8,0.52,306456,1.28,65.53,61.59,High,Low ROI,32.12,Review,High Governance Risk | High Data Drift,Governance review required before further scaling.
AI-0484,Logistics,Fraud Detection,Computer Vision,68918,79778,0.676,490.78,0.073,0.598,1.06,0.622,827016,-90.35,30.87,57.87,Low,Negative ROI,40.99,Review,Negative ROI | Low AI Performance,Financial review required due to negative ROI.
AI-0485,Banking,Fraud Detection,Computer Vision,19973,65833,0.955,310.84,0.092,0.809,9.47,0.466,239676,-72.53,54.95,73.14,Medium,Negative ROI,39.11,Review,Negative ROI | Low User Adoption,Financial review required due to negative ROI.
AI-0486,Telecom,Fraud Detection,Computer Vision,76155,304769,0.92,261.78,0.145,0.8,14.3,0.739,913860,-66.65,64.18,75.68,Medium,Negative ROI,37.23,Review,Negative ROI | High Downtime,Financial review required due to negative ROI.
AI-0487,Logistics,Fraud Detection,Recommendation,64500,52088,0.704,441.64,0.019,0.932,8.11,0.511,774000,-93.27,56.03,61.22,Medium,Negative ROI,34.62,Review,Negative ROI,Financial review required due to negative ROI.
AI-0488,Manufacturing,Fraud Detection,Computer Vision,41575,230722,0.668,477.21,0.183,0.77,10.73,0.978,498900,-53.75,58.02,59.49,Medium,Negative ROI,33.42,Review,Negative ROI | Low AI Performance | High Downtime,Financial review required due to negative ROI.
AI-0489,Telecom,Recommendation,Regression,47261,454383,0.839,382.18,0.295,0.748,8.35,0.792,567132,-19.88,56.43,61.57,Medium,Negative ROI,34.62,Review,Negative ROI | High Data Drift,Financial review required due to negative ROI.
AI-0490,Banking,Customer Support,Recommendation,32716,386081,0.703,233.82,0.108,0.234,12.82,0.396,392592,-1.66,35.14,60.66,Medium,Negative ROI,40.69,Review,Negative ROI | High Downtime | Low User Adoption,Financial review required due to negative ROI.
AI-0491,Logistics,Demand Forecasting,Computer Vision,8236,484507,0.934,304.27,0.226,0.06,13.94,0.592,98832,390.23,32.71,68.11,Low,High ROI,79.03,Strategic,High Data Drift | High Downtime,Data monitoring and model retraining should be considered.
AI-0492,Logistics,Fraud Detection,Recommendation,20848,216375,0.772,356.45,0.15,0.518,2.76,0.57,250176,-13.51,32.41,61.81,Low,Negative ROI,41.91,Review,Negative ROI,Financial review required due to negative ROI.
AI-0493,Logistics,Customer Support,NLP,7352,96361,0.96,113.25,0.038,0.124,6.55,0.674,88224,9.22,17.64,86.18,Low,Low ROI,56.48,Monitor,Healthy,AI project is performing within acceptable business and governance limits.
AI-0494,Manufacturing,Customer Support,Regression,6932,370373,0.842,234.66,0.175,0.962,5.89,0.889,83184,345.25,58.36,74.09,Medium,High ROI,73.42,Monitor,Healthy,AI project is performing within acceptable business and governance limits.
AI-0495,Telecom,Demand Forecasting,Computer Vision,81449,155189,0.712,418.31,0.09,0.29,6.08,0.708,977388,-84.12,25.88,62.71,Low,Negative ROI,44.18,Review,Negative ROI,Financial review required due to negative ROI.
AI-0496,Manufacturing,Recommendation,NLP,13556,110265,0.697,334.27,0.01,0.853,1.88,0.343,162672,-32.22,41.82,61.18,Medium,Negative ROI,38.87,Review,Negative ROI | Low User Adoption,Financial review required due to negative ROI.
AI-0497,Healthcare,Predictive Maintenance,NLP,91836,117718,0.846,217.38,0.19,0.388,12.2,0.759,1102032,-89.32,43.49,71.46,Medium,Negative ROI,41.96,Review,Negative ROI | High Downtime,Financial review required due to negative ROI.
AI-0498,Healthcare,Predictive Maintenance,Recommendation,10498,342854,0.909,338.41,0.258,0.323,0.54,0.306,125976,172.16,23.18,58.52,Low,High ROI,73.66,Monitor,Low AI Performance | High Data Drift | Low User Adoption,Model performance optimization is recommended.
AI-0499,Telecom,Customer Support,NLP,81118,114876,0.916,76.75,0.103,0.935,7.92,0.846,973416,-88.2,58.36,85.27,Medium,Negative ROI,42.34,Review,Negative ROI,Financial review required due to negative ROI.
AI-0500,Manufacturing,Document Intelligence,Regression,55098,480270,0.744,212.72,0.117,0.363,9.93,0.767,661176,-27.36,36.39,70.31,Medium,Negative ROI,43.69,Review,Negative ROI,Financial review required due to negative ROI.
AI-0501,Banking,Document Intelligence,Regression,69386,50949,0.719,400.7,0.267,0.39,3.11,0.516,832632,-93.88,30.74,50.9,Low,Negative ROI,38.59,Review,Negative ROI | Low AI Performance | High Data Drift,Financial review required due to negative ROI.
AI-0502,Logistics,Demand Forecasting,Classification,14569,435763,0.656,125.84,0.244,0.106,13.59,0.505,174828,149.25,34.74,56.92,Low,Healthy ROI,65.62,Monitor,Low AI Performance | High Data Drift | High Downtime,Model performance optimization is recommended.
AI-0503,Logistics,Predictive Maintenance,Regression,61882,232954,0.881,109.26,0.214,0.67,12.58,0.859,742584,-68.63,57.54,77.25,Medium,Negative ROI,39.78,Review,Negative ROI | High Data Drift | High Downtime,Financial review required due to negative ROI.
AI-0504,Telecom,Customer Support,NLP,75393,350280,0.676,476.39,0.075,0.289,7.07,0.848,904716,-61.28,27.04,62.72,Low,Negative ROI,43.84,Review,Negative ROI,Financial review required due to negative ROI.
AI-0505,Healthcare,Recommendation,Regression,5340,131541,0.793,120.75,0.273,0.586,6.17,0.547,64080,105.28,44.84,63.32,Medium,Healthy ROI,57.13,Monitor,High Data Drift,Data monitoring and model retraining should be considered.
AI-0506,Healthcare,Predictive Maintenance,Recommendation,48949,215691,0.855,145.24,0.046,0.591,3.55,0.509,587388,-63.28,33.89,76.27,Low,Negative ROI,46.53,Review,Negative ROI,Financial review required due to negative ROI.
AI-0507,Logistics,Customer Support,Classification,87302,81842,0.969,485.42,0.188,0.719,10.95,0.692,1047624,-92.19,56.24,68.33,Medium,Negative ROI,37.04,Review,Negative ROI | High Downtime,Financial review required due to negative ROI.
AI-0508,Telecom,Customer Support,NLP,67443,252930,0.756,372.66,0.009,0.745,1.98,0.306,809316,-68.75,37.1,62.29,Medium,Negative ROI,40.67,Review,Negative ROI | Low User Adoption,Financial review required due to negative ROI.
AI-0509,Manufacturing,Fraud Detection,Classification,96668,309134,0.735,355.81,0.193,0.514,10.2,0.358,1160016,-73.35,45.92,53.59,Medium,Negative ROI,34.98,Review,Negative ROI | Low AI Performance | High Downtime | Low User Adoption,Financial review required due to negative ROI.
AI-0510,Healthcare,Recommendation,NLP,79027,167265,0.872,429.4,0.083,0.331,12.64,0.388,948324,-82.36,38.45,64.33,Medium,Negative ROI,40.98,Review,Negative ROI | High Downtime | Low User Adoption,Financial review required due to negative ROI.
AI-0511,Manufacturing,Fraud Detection,Recommendation,5138,312253,0.861,75.6,0.135,0.837,3.43,0.43,61656,406.44,47.43,72.63,Medium,High ROI,76.19,Strategic,Low User Adoption,Project requires management monitoring.
AI-0512,Healthcare,Demand Forecasting,Classification,5358,150356,0.763,358.86,0.104,0.31,13.0,0.658,64296,133.85,38.74,65.34,Medium,Healthy ROI,64.67,Monitor,High Downtime,Project requires management monitoring.
AI-0513,Healthcare,Fraud Detection,Computer Vision,80250,432449,0.966,261.77,0.052,0.508,0.5,0.995,963000,-55.09,25.25,87.75,Low,Negative ROI,53.14,Monitor,Negative ROI,Financial review required due to negative ROI.
AI-0514,Retail,Fraud Detection,NLP,90376,264629,0.937,417.99,0.187,0.401,13.69,0.757,1084512,-75.6,46.47,70.1,Medium,Negative ROI,40.59,Review,Negative ROI | High Downtime,Financial review required due to negative ROI.
AI-0515,Healthcare,Predictive Maintenance,Computer Vision,35654,232802,0.726,263.91,0.265,0.855,1.78,0.343,427848,-45.59,49.39,51.99,Medium,Negative ROI,33.38,Review,Negative ROI | Low AI Performance | High Data Drift | Low User Adoption,Financial review required due to negative ROI.
AI-0516,Banking,Document Intelligence,Classification,30879,410277,0.731,317.72,0.288,0.432,9.69,0.668,370548,10.72,44.23,55.98,Medium,Low ROI,38.2,Review,Low AI Performance | High Data Drift,Model performance optimization is recommended.
AI-0517,Telecom,Customer Support,Computer Vision,86532,185582,0.824,249.32,0.058,0.386,3.75,0.648,1038384,-82.13,25.36,73.78,Low,Negative ROI,48.22,Review,Negative ROI,Financial review required due to negative ROI.
AI-0518,Telecom,Recommendation,Computer Vision,60778,283450,0.913,249.52,0.215,0.69,12.55,0.401,729336,-61.14,58.42,65.43,Medium,Negative ROI,35.37,Review,Negative ROI | High Data Drift | High Downtime | Low User Adoption,Financial review required due to negative ROI.
AI-0519,Manufacturing,Fraud Detection,Classification,42772,23849,0.665,388.63,0.199,0.602,7.68,0.944,513264,-95.35,45.86,60.52,Medium,Negative ROI,37.42,Review,Negative ROI,Financial review required due to negative ROI.
AI-0520,Healthcare,Recommendation,Recommendation,63478,32360,0.886,321.71,0.103,0.107,2.03,0.609,761736,-95.75,11.29,71.68,Low,Negative ROI,51.7,Monitor,Negative ROI,Financial review required due to negative ROI.
AI-0521,Banking,Document Intelligence,Computer Vision,69353,393216,0.87,323.97,0.006,0.508,8.56,0.996,832236,-52.75,37.31,83.4,Medium,Negative ROI,48.0,Review,Negative ROI,Financial review required due to negative ROI.
AI-0522,Manufacturing,Document Intelligence,Computer Vision,31762,273279,0.729,236.14,0.207,0.735,6.12,0.594,381144,-28.3,49.48,60.9,Medium,Negative ROI,36.47,Review,Negative ROI | High Data Drift,Financial review required due to negative ROI.
AI-0523,Retail,Fraud Detection,Recommendation,18283,114767,0.882,274.93,0.284,0.992,9.92,0.726,219396,-47.69,69.69,66.17,High,Negative ROI,32.25,Review,Negative ROI | High Governance Risk | High Data Drift,Financial review required due to negative ROI.
AI-0524,Manufacturing,Demand Forecasting,Computer Vision,68922,281445,0.97,377.94,0.19,0.629,13.23,0.373,827064,-65.97,56.06,65.12,Medium,Negative ROI,35.97,Review,Negative ROI | High Downtime | Low User Adoption,Financial review required due to negative ROI.
AI-0525,Manufacturing,Fraud Detection,Computer Vision,44420,196872,0.666,416.45,0.131,0.37,6.14,0.618,533040,-63.07,30.81,56.62,Low,Negative ROI,40.57,Review,Negative ROI | Low AI Performance,Financial review required due to negative ROI.
AI-0526,Healthcare,Predictive Maintenance,Computer Vision,60568,450179,0.759,354.35,0.158,0.226,4.35,0.467,726816,-38.06,22.16,58.76,Low,Negative ROI,43.92,Review,Negative ROI | Low AI Performance | Low User Adoption,Financial review required due to negative ROI.
AI-0527,Retail,Customer Support,Regression,90090,74330,0.799,463.56,0.06,0.873,0.22,0.885,1081080,-93.12,41.45,70.74,Medium,Negative ROI,42.32,Review,Negative ROI,Financial review required due to negative ROI.
AI-0528,Manufacturing,Demand Forecasting,Recommendation,25219,71707,0.956,413.76,0.225,0.815,8.62,0.849,302628,-76.31,57.79,71.12,Medium,Negative ROI,37.56,Review,Negative ROI | High Data Drift,Financial review required due to negative ROI.
AI-0529,Banking,Fraud Detection,Computer Vision,62169,300833,0.977,289.69,0.224,0.234,6.03,0.877,746028,-59.68,27.3,76.5,Low,Negative ROI,48.58,Review,Negative ROI | High Data Drift,Financial review required due to negative ROI.
AI-0530,Banking,Recommendation,Recommendation,79965,49084,0.801,342.27,0.044,0.201,5.62,0.807,959580,-94.88,19.73,73.72,Low,Negative ROI,49.88,Review,Negative ROI,Financial review required due to negative ROI.
AI-0531,Telecom,Demand Forecasting,NLP,51840,60387,0.905,464.63,0.263,0.715,2.74,0.883,622080,-90.29,44.63,65.82,Medium,Negative ROI,39.65,Review,Negative ROI | High Data Drift,Financial review required due to negative ROI.
AI-0532,Retail,Demand Forecasting,NLP,49695,356960,0.831,317.2,0.081,0.315,6.45,0.441,596340,-40.14,27.36,66.8,Low,Negative ROI,45.17,Review,Negative ROI | Low User Adoption,Financial review required due to negative ROI.
AI-0533,Retail,Fraud Detection,Computer Vision,89754,22642,0.833,415.91,0.295,0.306,14.77,0.616,1077048,-97.9,47.24,56.74,Medium,Negative ROI,35.69,Review,Negative ROI | Low AI Performance | High Data Drift | High Downtime,Financial review required due to negative ROI.
AI-0534,Telecom,Demand Forecasting,Recommendation,82988,324281,0.745,350.63,0.115,0.152,4.47,0.784,995856,-67.44,17.74,66.66,Low,Negative ROI,48.01,Review,Negative ROI,Financial review required due to negative ROI.
AI-0535,Manufacturing,Recommendation,Recommendation,63342,493048,0.724,284.93,0.053,0.264,9.0,0.746,760104,-35.13,28.47,69.92,Low,Negative ROI,45.93,Review,Negative ROI,Financial review required due to negative ROI.
AI-0536,Retail,Document Intelligence,Recommendation,23951,206633,0.748,136.08,0.106,0.428,11.65,0.801,287412,-28.11,41.86,74.04,Medium,Negative ROI,43.36,Review,Negative ROI | High Downtime,Financial review required due to negative ROI.
AI-0537,Banking,Demand Forecasting,Regression,6307,344404,0.839,224.48,0.132,0.733,11.24,0.457,75684,355.06,55.68,67.76,Medium,High ROI,72.01,Monitor,High Downtime | Low User Adoption,Project requires management monitoring.
AI-0538,Banking,Document Intelligence,NLP,85388,166510,0.66,484.52,0.021,0.336,4.93,0.369,1024656,-83.75,23.97,54.79,Low,Negative ROI,41.99,Review,Negative ROI | Low AI Performance | Low User Adoption,Financial review required due to negative ROI.
AI-0539,Healthcare,Recommendation,Recommendation,95768,330586,0.958,335.73,0.173,0.329,9.16,0.942,1149216,-71.23,35.26,78.02,Medium,Negative ROI,46.73,Review,Negative ROI,Financial review required due to negative ROI.
AI-0540,Retail,Fraud Detection,Recommendation,40428,385205,0.703,290.91,0.179,0.285,13.07,0.692,485136,-20.6,39.98,61.31,Medium,Negative ROI,39.46,Review,Negative ROI | High Downtime,Financial review required due to negative ROI.
AI-0541,Manufacturing,Customer Support,Regression,97021,416210,0.725,467.82,0.222,0.478,0.23,0.408,1164252,-64.25,28.55,49.28,Low,Negative ROI,38.68,Review,Negative ROI | Low AI Performance | High Data Drift | Low User Adoption,Financial review required due to negative ROI.
AI-0542,Telecom,Demand Forecasting,Regression,80774,274511,0.826,301.53,0.009,0.181,6.54,0.855,969288,-71.68,19.31,78.9,Low,Negative ROI,51.82,Monitor,Negative ROI,Financial review required due to negative ROI.
AI-0543,Telecom,Customer Support,Recommendation,43975,407988,0.891,272.52,0.162,0.486,3.36,0.94,527700,-22.69,32.33,77.07,Low,Negative ROI,47.28,Review,Negative ROI,Financial review required due to negative ROI.
AI-0544,Manufacturing,Recommendation,Classification,6140,381719,0.683,384.47,0.016,0.704,5.83,0.419,73680,418.08,41.88,60.2,Medium,High ROI,73.51,Monitor,Low User Adoption,Project requires management monitoring.
AI-0545,Logistics,Demand Forecasting,Recommendation,29842,283957,0.758,362.08,0.21,0.03,6.24,0.872,358104,-20.71,18.05,63.98,Low,Negative ROI,46.98,Review,Negative ROI | High Data Drift,Financial review required due to negative ROI.
AI-0546,Healthcare,Document Intelligence,Recommendation,31421,375171,0.979,112.72,0.017,0.01,11.2,0.953,377052,-0.5,19.63,93.78,Low,Negative ROI,56.93,Monitor,Negative ROI | High Downtime,Financial review required due to negative ROI.
AI-0547,Telecom,Predictive Maintenance,Regression,6708,405633,0.739,246.23,0.274,0.075,1.41,0.957,80496,403.92,13.95,65.0,Low,High ROI,83.56,Strategic,High Data Drift,Data monitoring and model retraining should be considered.
AI-0548,Retail,Customer Support,Regression,8630,104381,0.756,246.81,0.211,0.536,7.69,0.94,103560,0.79,43.27,68.65,Medium,Low ROI,41.18,Review,High Data Drift,Data monitoring and model retraining should be considered.
AI-0549,Healthcare,Demand Forecasting,Recommendation,24595,269880,0.934,201.55,0.152,0.854,8.46,0.682,295140,-8.56,57.09,76.69,Medium,Negative ROI,39.71,Review,Negative ROI,Financial review required due to negative ROI.
AI-0550,Retail,Customer Support,Recommendation,81021,337420,0.667,268.3,0.132,0.005,7.41,0.549,972252,-65.3,16.54,59.68,Low,Negative ROI,45.93,Review,Negative ROI | Low AI Performance,Financial review required due to negative ROI.
AI-0551,Banking,Demand Forecasting,Recommendation,33308,323387,0.808,218.29,0.039,0.937,10.98,0.305,399696,-19.09,61.64,68.0,Medium,Negative ROI,35.31,Review,Negative ROI | High Downtime | Low User Adoption,Financial review required due to negative ROI.
AI-0552,Healthcare,Fraud Detection,Regression,49789,213984,0.779,115.69,0.087,0.106,5.76,0.343,597468,-64.18,16.98,67.99,Low,Negative ROI,48.7,Review,Negative ROI | Low User Adoption,Financial review required due to negative ROI.
AI-0553,Telecom,Document Intelligence,Recommendation,60690,80272,0.758,217.94,0.261,0.842,14.17,0.6,728280,-88.98,69.34,60.31,High,Negative ROI,30.31,Review,Negative ROI | High Governance Risk | High Data Drift | High Downtime,Financial review required due to negative ROI.
AI-0554,Healthcare,Customer Support,Recommendation,31086,193123,0.747,54.69,0.271,0.483,7.23,0.58,373032,-48.23,41.92,63.76,Medium,Negative ROI,39.74,Review,Negative ROI | High Data Drift,Financial review required due to negative ROI.
AI-0555,Healthcare,Predictive Maintenance,Computer Vision,21859,492070,0.681,296.38,0.0,0.659,8.57,0.429,262308,87.59,43.94,63.74,Medium,Healthy ROI,54.46,Monitor,Low User Adoption,Project requires management monitoring.
AI-0556,Healthcare,Predictive Maintenance,Classification,12684,233808,0.757,429.75,0.178,0.511,12.38,0.577,152208,53.61,48.97,57.6,Medium,Healthy ROI,44.85,Review,Low AI Performance | High Downtime,Model performance optimization is recommended.
AI-0557,Logistics,Recommendation,NLP,96088,273091,0.665,368.14,0.216,0.477,4.13,0.422,1153056,-76.32,34.83,49.85,Low,Negative ROI,37.0,Review,Negative ROI | Low AI Performance | High Data Drift | Low User Adoption,Financial review required due to negative ROI.
AI-0558,Healthcare,Demand Forecasting,Classification,6207,347762,0.916,192.99,0.186,0.835,1.13,0.894,74484,366.89,45.04,78.59,Medium,High ROI,78.99,Strategic,Healthy,AI project is performing within acceptable business and governance limits.
AI-0559,Retail,Customer Support,Computer Vision,51099,284064,0.785,61.79,0.025,0.756,10.62,0.509,613188,-53.67,52.47,76.33,Medium,Negative ROI,40.97,Review,Negative ROI | High Downtime,Financial review required due to negative ROI.
AI-0560,Banking,Recommendation,NLP,72496,126121,0.801,117.03,0.065,0.483,7.25,0.719,869952,-85.5,35.77,77.67,Medium,Negative ROI,46.45,Review,Negative ROI,Financial review required due to negative ROI.
AI-0561,Manufacturing,Customer Support,Recommendation,71093,490435,0.954,281.84,0.075,0.112,13.45,0.652,853116,-42.51,29.71,78.53,Low,Negative ROI,48.57,Review,Negative ROI | High Downtime,Financial review required due to negative ROI.
AI-0562,Healthcare,Demand Forecasting,Computer Vision,34689,96872,0.874,119.39,0.25,0.115,14.74,0.336,416268,-76.73,37.24,64.34,Medium,Negative ROI,41.35,Review,Negative ROI | High Data Drift | High Downtime | Low User Adoption,Financial review required due to negative ROI.
AI-0563,Telecom,Predictive Maintenance,Recommendation,53651,363276,0.653,281.11,0.139,0.802,5.99,0.96,643812,-43.57,50.24,66.47,Medium,Negative ROI,38.19,Review,Negative ROI,Financial review required due to negative ROI.
AI-0564,Healthcare,Fraud Detection,Regression,18893,284237,0.971,131.17,0.146,0.529,6.23,0.669,226716,25.37,38.57,80.69,Medium,Low ROI,51.11,Monitor,Healthy,AI project is performing within acceptable business and governance limits.
AI-0565,Telecom,Predictive Maintenance,Computer Vision,71418,295049,0.731,427.48,0.28,0.482,6.12,0.528,857016,-65.57,40.29,50.29,Medium,Negative ROI,35.51,Review,Negative ROI | Low AI Performance | High Data Drift,Financial review required due to negative ROI.
AI-0566,Retail,Recommendation,Regression,65011,141759,0.687,210.69,0.191,0.681,4.87,0.411,780132,-81.83,44.49,56.7,Medium,Negative ROI,36.5,Review,Negative ROI | Low AI Performance | Low User Adoption,Financial review required due to negative ROI.
AI-0567,Telecom,Document Intelligence,Computer Vision,43635,437567,0.911,137.86,0.27,0.859,11.73,0.537,523620,-16.43,66.31,68.65,High,Negative ROI,34.13,Review,Negative ROI | High Governance Risk | High Data Drift | High Downtime,Financial review required due to negative ROI.
AI-0568,Manufacturing,Fraud Detection,Computer Vision,61115,313125,0.82,409.92,0.137,0.629,11.38,0.314,733380,-57.3,51.38,58.13,Medium,Negative ROI,34.93,Review,Negative ROI | Low AI Performance | High Downtime | Low User Adoption,Financial review required due to negative ROI.
AI-0569,Banking,Recommendation,Regression,83405,356047,0.797,184.56,0.045,0.763,7.18,0.554,1000860,-64.43,47.65,73.14,Medium,Negative ROI,41.3,Review,Negative ROI,Financial review required due to negative ROI.
AI-0570,Telecom,Demand Forecasting,NLP,77702,352965,0.735,73.51,0.279,0.765,0.67,0.672,932424,-62.15,43.91,64.03,Medium,Negative ROI,39.24,Review,Negative ROI | High Data Drift,Financial review required due to negative ROI.
AI-0571,Telecom,Fraud Detection,Classification,83518,391344,0.836,293.8,0.138,0.356,4.64,0.91,1002216,-60.95,27.89,74.29,Low,Negative ROI,47.63,Review,Negative ROI,Financial review required due to negative ROI.
AI-0572,Banking,Recommendation,Recommendation,77805,102289,0.743,299.15,0.054,0.274,4.38,0.781,933660,-89.04,21.25,71.1,Low,Negative ROI,48.51,Review,Negative ROI,Financial review required due to negative ROI.
AI-0573,Manufacturing,Demand Forecasting,Computer Vision,63954,136506,0.957,363.05,0.091,0.801,12.17,0.378,767448,-82.21,59.06,69.97,Medium,Negative ROI,36.77,Review,Negative ROI | High Downtime | Low User Adoption,Financial review required due to negative ROI.
AI-0574,Healthcare,Predictive Maintenance,Recommendation,33064,497237,0.723,135.31,0.015,0.377,1.31,0.403,396768,25.32,19.6,69.4,Low,Low ROI,52.84,Monitor,Low User Adoption,Project requires management monitoring.
AI-0575,Telecom,Document Intelligence,Regression,84063,98513,0.951,233.01,0.14,0.903,12.09,0.6,1008756,-90.23,64.98,75.56,Medium,Negative ROI,36.95,Review,Negative ROI | High Downtime,Financial review required due to negative ROI.
AI-0576,Banking,Demand Forecasting,Recommendation,7454,433090,0.84,155.54,0.256,0.07,10.04,0.437,89448,384.18,27.56,63.27,Low,High ROI,78.88,Strategic,High Data Drift | High Downtime | Low User Adoption,Data monitoring and model retraining should be considered.
AI-0577,Retail,Customer Support,Regression,25878,202003,0.932,58.86,0.28,0.058,10.99,0.319,310536,-34.95,29.33,67.21,Low,Negative ROI,44.72,Review,Negative ROI | High Data Drift | High Downtime | Low User Adoption,Financial review required due to negative ROI.
AI-0578,Banking,Demand Forecasting,Recommendation,56098,420890,0.892,440.77,0.28,0.927,6.48,0.864,673176,-37.48,60.92,64.66,Medium,Negative ROI,34.35,Review,Negative ROI | High Data Drift,Financial review required due to negative ROI.
AI-0579,Retail,Demand Forecasting,Classification,67154,332660,0.887,369.86,0.038,0.648,10.2,0.314,805848,-58.72,47.3,67.63,Medium,Negative ROI,39.48,Review,Negative ROI | High Downtime | Low User Adoption,Financial review required due to negative ROI.
AI-0580,Manufacturing,Document Intelligence,Classification,17991,279480,0.76,164.7,0.115,0.38,9.14,0.881,215892,29.45,35.78,74.93,Medium,Low ROI,50.65,Monitor,Healthy,AI project is performing within acceptable business and governance limits.
AI-0581,Healthcare,Customer Support,Classification,73344,282043,0.73,307.7,0.008,0.755,11.53,0.401,880128,-67.95,53.43,64.89,Medium,Negative ROI,36.68,Review,Negative ROI | High Downtime | Low User Adoption,Financial review required due to negative ROI.
AI-0582,Banking,Recommendation,Classification,41593,211758,0.722,116.61,0.257,0.672,6.7,0.982,499116,-57.57,49.12,69.39,Medium,Negative ROI,39.55,Review,Negative ROI | High Data Drift,Financial review required due to negative ROI.
AI-0583,Logistics,Recommendation,Classification,41304,351356,0.941,447.31,0.108,0.531,7.09,0.723,495648,-29.11,38.95,72.69,Medium,Negative ROI,43.76,Review,Negative ROI,Financial review required due to negative ROI.
AI-0584,Telecom,Demand Forecasting,Classification,35386,153498,0.929,75.16,0.189,0.099,9.65,0.814,424632,-63.85,26.21,81.03,Low,Negative ROI,50.5,Monitor,Negative ROI,Financial review required due to negative ROI.
AI-0585,Manufacturing,Customer Support,Regression,60220,274024,0.8,21.84,0.214,0.812,1.62,0.377,722640,-62.08,45.66,66.18,Medium,Negative ROI,39.47,Review,Negative ROI | High Data Drift | Low User Adoption,Financial review required due to negative ROI.
AI-0586,Banking,Customer Support,Computer Vision,74338,150970,0.695,260.96,0.129,0.866,6.54,0.903,892056,-83.08,53.74,68.53,Medium,Negative ROI,37.86,Review,Negative ROI,Financial review required due to negative ROI.
AI-0587,Telecom,Document Intelligence,Recommendation,99289,110009,0.78,299.9,0.092,0.172,14.58,0.887,1191468,-90.77,34.8,73.14,Low,Negative ROI,45.16,Review,Negative ROI | High Downtime,Financial review required due to negative ROI.
AI-0588,Banking,Predictive Maintenance,Classification,26083,219570,0.861,297.9,0.289,0.851,0.56,0.757,312996,-29.85,47.9,64.8,Medium,Negative ROI,38.31,Review,Negative ROI | High Data Drift,Financial review required due to negative ROI.
AI-0589,Retail,Recommendation,Regression,23354,443159,0.804,46.17,0.289,0.878,4.74,0.652,280248,58.13,56.08,67.4,Medium,Healthy ROI,46.94,Review,High Data Drift,Data monitoring and model retraining should be considered.
AI-0590,Banking,Document Intelligence,Regression,27190,217467,0.915,170.74,0.087,0.549,4.71,0.805,326280,-33.35,35.16,82.38,Medium,Negative ROI,48.28,Review,Negative ROI,Financial review required due to negative ROI.
AI-0591,Logistics,Fraud Detection,Regression,11142,64816,0.989,259.62,0.144,0.656,9.5,0.304,133704,-51.52,49.67,70.54,Medium,Negative ROI,39.79,Review,Negative ROI | Low User Adoption,Financial review required due to negative ROI.
AI-0592,Banking,Recommendation,Computer Vision,33398,24138,0.715,123.96,0.292,0.382,1.59,0.715,400776,-93.98,28.6,61.73,Low,Negative ROI,43.03,Review,Negative ROI | High Data Drift,Financial review required due to negative ROI.
AI-0593,Banking,Document Intelligence,Recommendation,56971,111176,0.806,438.86,0.001,0.282,9.43,0.893,683652,-83.74,28.44,74.94,Low,Negative ROI,47.7,Review,Negative ROI,Financial review required due to negative ROI.
AI-0594,Logistics,Recommendation,Computer Vision,46862,358089,0.797,61.81,0.124,0.722,1.43,0.55,562344,-36.32,38.59,72.8,Medium,Negative ROI,43.9,Review,Negative ROI,Financial review required due to negative ROI.
AI-0595,Manufacturing,Predictive Maintenance,NLP,58410,286161,0.754,253.94,0.03,0.862,1.42,0.376,700920,-59.17,42.06,66.1,Medium,Negative ROI,40.52,Review,Negative ROI | Low User Adoption,Financial review required due to negative ROI.
AI-0596,Banking,Fraud Detection,Regression,24503,292595,0.717,351.88,0.153,0.654,10.92,0.595,294036,-0.49,52.22,59.54,Medium,Negative ROI,35.17,Review,Negative ROI | Low AI Performance | High Downtime,Financial review required due to negative ROI.
AI-0597,Logistics,Predictive Maintenance,NLP,53456,214028,0.672,145.64,0.007,0.512,4.86,0.809,641472,-66.63,31.35,75.06,Low,Negative ROI,46.87,Review,Negative ROI,Financial review required due to negative ROI.
AI-0598,Telecom,Fraud Detection,Classification,87035,376007,0.952,319.64,0.122,0.159,14.66,0.375,1044420,-64.0,35.25,69.41,Medium,Negative ROI,43.72,Review,Negative ROI | High Downtime | Low User Adoption,Financial review required due to negative ROI.
AI-0599,Retail,Demand Forecasting,Classification,13016,292422,0.793,418.1,0.066,0.053,0.56,0.444,156192,87.22,5.3,62.69,Low,Healthy ROI,65.61,Monitor,Low User Adoption,Project requires management monitoring.
AI-0600,Retail,Document Intelligence,Computer Vision,7384,241552,0.819,111.36,0.16,0.446,6.68,0.403,88608,172.61,36.0,67.67,Medium,High ROI,73.09,Monitor,Low User Adoption,Project requires management monitoring.
AI-0601,Banking,Fraud Detection,Recommendation,67320,63764,0.962,460.27,0.299,0.049,1.7,0.858,807840,-92.11,14.01,66.5,Low,Negative ROI,49.07,Review,Negative ROI | High Data Drift,Financial review required due to negative ROI.
AI-0602,Manufacturing,Predictive Maintenance,NLP,20072,143030,0.914,285.71,0.24,0.569,5.27,0.344,240864,-40.62,41.59,62.01,Medium,Negative ROI,39.23,Review,Negative ROI | High Data Drift | Low User Adoption,Financial review required due to negative ROI.
AI-0603,Manufacturing,Recommendation,Recommendation,85018,414350,0.694,163.63,0.254,0.383,14.97,0.781,1020216,-59.39,49.8,62.71,Medium,Negative ROI,37.01,Review,Negative ROI | High Data Drift | High Downtime,Financial review required due to negative ROI.
AI-0604,Telecom,Fraud Detection,Computer Vision,45510,345087,0.842,226.81,0.191,0.757,13.33,0.557,546120,-36.81,62.01,66.89,Medium,Negative ROI,34.81,Review,Negative ROI | High Downtime,Financial review required due to negative ROI.
AI-0605,Banking,Document Intelligence,Classification,53933,115667,0.8,169.85,0.012,0.306,0.72,0.829,647196,-82.13,15.33,80.88,Low,Negative ROI,53.71,Monitor,Negative ROI,Financial review required due to negative ROI.
AI-0606,Retail,Fraud Detection,Recommendation,26826,336462,0.921,368.05,0.062,0.593,8.45,0.975,321912,4.52,42.63,81.41,Medium,Low ROI,46.5,Review,Healthy,AI project is performing within acceptable business and governance limits.
AI-0607,Manufacturing,Customer Support,Recommendation,73026,385567,0.896,402.22,0.278,0.538,9.72,0.38,876312,-56.0,48.75,56.43,Medium,Negative ROI,35.13,Review,Negative ROI | Low AI Performance | High Data Drift | Low User Adoption,Financial review required due to negative ROI.
AI-0608,Banking,Recommendation,Classification,30518,386142,0.885,419.81,0.11,0.005,3.14,0.52,366216,5.44,8.76,66.56,Low,Low ROI,51.62,Monitor,Healthy,AI project is performing within acceptable business and governance limits.
AI-0609,Manufacturing,Document Intelligence,NLP,29045,80128,0.766,493.17,0.031,0.072,2.18,0.867,348540,-77.01,7.8,69.29,Low,Negative ROI,51.91,Monitor,Negative ROI,Financial review required due to negative ROI.
AI-0610,Logistics,Document Intelligence,Classification,55876,239128,0.924,399.82,0.211,0.29,13.57,0.486,670512,-64.34,42.0,63.38,Medium,Negative ROI,39.58,Review,Negative ROI | High Data Drift | High Downtime | Low User Adoption,Financial review required due to negative ROI.
AI-0611,Manufacturing,Demand Forecasting,Recommendation,97446,304013,0.668,308.66,0.09,0.882,14.53,0.451,1169352,-74.0,66.61,58.66,High,Negative ROI,30.55,Review,Negative ROI | High Governance Risk | Low AI Performance | High Downtime | Low User Adoption,Financial review required due to negative ROI.
AI-0612,Retail,Predictive Maintenance,NLP,95102,253540,0.704,182.83,0.081,0.147,14.88,0.878,1141224,-77.78,33.85,73.23,Low,Negative ROI,45.48,Review,Negative ROI | High Downtime,Financial review required due to negative ROI.
AI-0613,Healthcare,Demand Forecasting,NLP,56919,25039,0.764,281.41,0.299,0.711,11.85,0.991,683028,-96.33,60.72,64.63,Medium,Negative ROI,34.4,Review,Negative ROI | High Data Drift | High Downtime,Financial review required due to negative ROI.
AI-0614,Telecom,Document Intelligence,Classification,32103,172353,0.676,39.71,0.257,0.973,9.95,0.69,385236,-55.26,68.08,63.56,High,Negative ROI,31.82,Review,Negative ROI | High Governance Risk | High Data Drift,Financial review required due to negative ROI.
AI-0615,Telecom,Recommendation,Recommendation,41188,132935,0.73,377.52,0.122,0.791,5.19,0.495,494256,-73.1,47.91,58.97,Medium,Negative ROI,36.27,Review,Negative ROI | Low AI Performance | Low User Adoption,Financial review required due to negative ROI.
AI-0616,Retail,Fraud Detection,Computer Vision,10845,30442,0.932,234.06,0.294,0.243,2.57,0.579,130140,-76.61,24.04,66.46,Low,Negative ROI,46.05,Review,Negative ROI | High Data Drift,Financial review required due to negative ROI.
AI-0617,Manufacturing,Fraud Detection,Recommendation,91698,355932,0.972,29.61,0.195,0.908,1.18,0.419,1100376,-67.65,48.68,76.34,Medium,Negative ROI,42.12,Review,Negative ROI | Low User Adoption,Financial review required due to negative ROI.
AI-0618,Banking,Recommendation,Regression,41674,401873,0.754,50.0,0.223,0.093,10.4,0.833,500088,-19.64,28.21,71.71,Low,Negative ROI,46.64,Review,Negative ROI | High Data Drift | High Downtime,Financial review required due to negative ROI.
AI-0619,Manufacturing,Document Intelligence,Computer Vision,24337,309730,0.74,205.98,0.009,0.468,11.77,0.841,292044,6.06,40.95,77.19,Medium,Low ROI,45.79,Review,High Downtime,Project requires management monitoring.
AI-0620,Retail,Fraud Detection,NLP,27313,73053,0.745,300.04,0.036,0.888,12.4,0.913,327756,-77.71,61.71,74.71,Medium,Negative ROI,37.64,Review,Negative ROI | High Downtime,Financial review required due to negative ROI.
AI-0621,Telecom,Fraud Detection,Computer Vision,31943,201561,0.744,242.82,0.19,0.641,13.71,0.319,383316,-47.42,57.4,56.8,Medium,Negative ROI,32.66,Review,Negative ROI | Low AI Performance | High Downtime | Low User Adoption,Financial review required due to negative ROI.
AI-0622,Manufacturing,Fraud Detection,NLP,82949,234176,0.662,317.22,0.27,0.414,13.2,0.693,995388,-76.47,48.73,53.94,Medium,Negative ROI,34.26,Review,Negative ROI | Low AI Performance | High Data Drift | High Downtime,Financial review required due to negative ROI.
AI-0623,Telecom,Predictive Maintenance,NLP,5276,106346,0.965,250.54,0.187,0.293,15.0,0.45,63312,67.97,43.8,70.38,Medium,Healthy ROI,53.39,Monitor,High Downtime | Low User Adoption,Project requires management monitoring.
AI-0624,Banking,Predictive Maintenance,Computer Vision,56151,349231,0.723,337.62,0.04,0.375,3.66,0.539,673812,-48.17,24.18,64.8,Low,Negative ROI,45.43,Review,Negative ROI,Financial review required due to negative ROI.
AI-0625,Telecom,Customer Support,NLP,22611,425841,0.793,125.18,0.035,0.509,11.45,0.849,271332,56.94,43.04,81.12,Medium,Healthy ROI,55.44,Monitor,High Downtime,Project requires management monitoring.
AI-0626,Telecom,Demand Forecasting,NLP,16944,54397,0.653,74.16,0.253,0.319,8.8,0.434,203328,-73.25,36.61,56.46,Medium,Negative ROI,38.78,Review,Negative ROI | Low AI Performance | High Data Drift | Low User Adoption,Financial review required due to negative ROI.
AI-0627,Healthcare,Recommendation,Regression,57887,340815,0.942,306.29,0.042,0.969,3.92,0.747,694644,-50.94,51.4,80.75,Medium,Negative ROI,42.84,Review,Negative ROI,Financial review required due to negative ROI.
AI-0628,Healthcare,Recommendation,Recommendation,86442,136214,0.899,252.65,0.156,0.933,14.73,0.758,1037304,-86.87,71.22,74.73,High,Negative ROI,34.79,Review,Negative ROI | High Governance Risk | High Downtime,Financial review required due to negative ROI.
AI-0629,Logistics,Recommendation,Recommendation,54847,349041,0.972,32.9,0.011,0.871,13.47,0.968,658164,-46.97,61.98,96.42,Medium,Negative ROI,45.15,Review,Negative ROI | High Downtime,Financial review required due to negative ROI.
AI-0630,Healthcare,Customer Support,Regression,63653,177221,0.916,202.63,0.024,0.422,1.93,0.843,763836,-76.8,22.93,85.38,Low,Negative ROI,53.0,Monitor,Negative ROI,Financial review required due to negative ROI.
AI-0631,Telecom,Predictive Maintenance,Computer Vision,91072,473246,0.757,70.94,0.202,0.691,0.39,0.863,1092864,-56.7,37.8,72.88,Medium,Negative ROI,44.17,Review,Negative ROI | High Data Drift,Financial review required due to negative ROI.
AI-0632,Retail,Document Intelligence,Classification,61622,483122,0.734,275.05,0.207,0.903,10.32,0.672,739464,-34.67,64.04,61.54,Medium,Negative ROI,32.33,Review,Negative ROI | High Data Drift | High Downtime,Financial review required due to negative ROI.
AI-0633,Telecom,Document Intelligence,Classification,32810,418499,0.887,209.97,0.102,0.85,9.06,0.431,393720,6.29,56.41,71.57,Medium,Low ROI,39.23,Review,Low User Adoption,Project requires management monitoring.
AI-0634,Retail,Customer Support,Classification,82842,420826,0.774,314.31,0.065,0.414,14.04,0.598,994104,-57.67,43.98,67.98,Medium,Negative ROI,40.6,Review,Negative ROI | High Downtime,Financial review required due to negative ROI.
AI-0635,Retail,Document Intelligence,Regression,15503,456542,0.843,406.69,0.244,0.112,3.51,0.685,186036,145.41,18.21,61.45,Low,Healthy ROI,71.49,Monitor,High Data Drift,Data monitoring and model retraining should be considered.
AI-0636,Healthcare,Recommendation,Regression,89761,297068,0.652,163.84,0.065,0.076,1.27,0.775,1077132,-72.42,7.49,69.93,Low,Negative ROI,52.23,Monitor,Negative ROI,Financial review required due to negative ROI.
AI-0637,Manufacturing,Demand Forecasting,NLP,41976,133143,0.671,481.81,0.163,0.577,3.89,0.725,503712,-73.57,37.34,55.45,Medium,Negative ROI,38.21,Review,Negative ROI | Low AI Performance,Financial review required due to negative ROI.
AI-0638,Banking,Fraud Detection,Classification,16590,392397,0.832,277.1,0.29,0.643,0.28,0.576,199080,97.11,38.1,60.31,Medium,Healthy ROI,56.67,Monitor,High Data Drift,Data monitoring and model retraining should be considered.
AI-0639,Healthcare,Predictive Maintenance,Computer Vision,15886,489378,0.842,316.78,0.044,0.85,0.54,0.486,190632,156.71,40.47,70.12,Medium,High ROI,69.83,Monitor,Low User Adoption,Project requires management monitoring.
AI-0640,Healthcare,Predictive Maintenance,Computer Vision,17866,382441,0.905,346.72,0.282,0.293,13.72,0.418,214392,78.38,44.51,59.11,Medium,Healthy ROI,51.05,Monitor,Low AI Performance | High Data Drift | High Downtime | Low User Adoption,Model performance optimization is recommended.
AI-0641,Manufacturing,Customer Support,Classification,71624,283013,0.695,340.03,0.055,0.167,5.28,0.786,859488,-67.07,17.97,67.52,Low,Negative ROI,48.24,Review,Negative ROI,Financial review required due to negative ROI.
AI-0642,Banking,Predictive Maintenance,Classification,73899,379232,0.824,265.27,0.17,0.379,6.16,0.752,886788,-57.24,32.42,69.78,Low,Negative ROI,44.7,Review,Negative ROI,Financial review required due to negative ROI.
AI-0643,Telecom,Recommendation,Classification,37792,283158,0.716,225.81,0.113,0.354,0.28,0.781,453504,-37.56,19.79,69.0,Low,Negative ROI,48.21,Review,Negative ROI,Financial review required due to negative ROI.
AI-0644,Logistics,Document Intelligence,Regression,14764,30103,0.682,45.82,0.289,0.132,4.06,0.561,177168,-83.01,21.38,59.5,Low,Negative ROI,44.41,Review,Negative ROI | Low AI Performance | High Data Drift,Financial review required due to negative ROI.
AI-0645,Logistics,Recommendation,Regression,91156,495738,0.79,30.6,0.082,0.672,12.07,0.484,1093872,-54.68,52.82,74.16,Medium,Negative ROI,40.11,Review,Negative ROI | High Downtime | Low User Adoption,Financial review required due to negative ROI.
AI-0646,Telecom,Customer Support,Regression,47727,392461,0.706,191.82,0.12,0.509,9.23,0.832,572724,-31.47,41.89,70.19,Medium,Negative ROI,42.0,Review,Negative ROI,Financial review required due to negative ROI.
AI-0647,Healthcare,Recommendation,Recommendation,83471,446674,0.725,180.16,0.295,0.721,11.31,0.842,1001652,-55.41,60.14,62.94,Medium,Negative ROI,33.99,Review,Negative ROI | High Data Drift | High Downtime,Financial review required due to negative ROI.
AI-0648,Banking,Document Intelligence,Computer Vision,13068,102409,0.758,206.09,0.161,0.353,6.71,0.619,156816,-34.69,31.9,66.05,Low,Negative ROI,43.55,Review,Negative ROI,Financial review required due to negative ROI.
AI-0649,Healthcare,Demand Forecasting,Computer Vision,12295,43248,0.738,86.42,0.151,0.326,4.65,0.728,147540,-70.69,26.95,71.32,Low,Negative ROI,46.88,Review,Negative ROI,Financial review required due to negative ROI.
AI-0650,Retail,Customer Support,NLP,46160,194588,0.68,374.32,0.077,0.473,7.24,0.561,553920,-64.87,35.66,60.14,Medium,Negative ROI,40.35,Review,Negative ROI,Financial review required due to negative ROI.
AI-0651,Healthcare,Demand Forecasting,Regression,16390,442277,0.681,431.34,0.21,0.877,4.85,0.791,196680,124.87,53.85,56.43,Medium,Healthy ROI,55.45,Monitor,Low AI Performance | High Data Drift,Model performance optimization is recommended.
AI-0652,Healthcare,Fraud Detection,Recommendation,25131,175242,0.716,470.58,0.004,0.04,12.58,0.885,301572,-41.89,22.89,69.18,Low,Negative ROI,47.35,Review,Negative ROI | High Downtime,Financial review required due to negative ROI.
AI-0653,Telecom,Demand Forecasting,Recommendation,99754,28024,0.667,256.33,0.015,0.805,4.47,0.782,1197048,-97.66,44.12,70.55,Medium,Negative ROI,41.46,Review,Negative ROI,Financial review required due to negative ROI.
AI-0654,Telecom,Fraud Detection,Computer Vision,80969,495430,0.863,356.42,0.18,0.369,9.9,0.659,971628,-49.01,38.51,66.64,Medium,Negative ROI,41.77,Review,Negative ROI,Financial review required due to negative ROI.
AI-0655,Telecom,Fraud Detection,Regression,20038,254864,0.748,430.66,0.103,0.855,2.05,0.621,240456,5.99,44.98,61.75,Medium,Low ROI,39.17,Review,Healthy,AI project is performing within acceptable business and governance limits.
AI-0656,Logistics,Demand Forecasting,NLP,57327,368091,0.745,220.78,0.286,0.802,10.3,0.75,687924,-46.49,61.84,61.33,Medium,Negative ROI,32.91,Review,Negative ROI | High Data Drift | High Downtime,Financial review required due to negative ROI.
AI-0657,Retail,Customer Support,Regression,98718,194875,0.763,168.52,0.271,0.349,13.7,0.776,1184616,-83.55,46.67,65.06,Medium,Negative ROI,38.77,Review,Negative ROI | High Data Drift | High Downtime,Financial review required due to negative ROI.
AI-0658,Telecom,Document Intelligence,Classification,82064,432512,0.875,469.63,0.214,0.694,9.13,0.691,984768,-56.08,52.87,62.78,Medium,Negative ROI,36.11,Review,Negative ROI | High Data Drift,Financial review required due to negative ROI.
AI-0659,Banking,Recommendation,Regression,26281,373973,0.946,267.52,0.245,0.16,8.4,0.737,315372,18.58,28.55,71.76,Low,Low ROI,49.8,Review,High Data Drift,Data monitoring and model retraining should be considered.
AI-0660,Logistics,Recommendation,Classification,59189,374852,0.908,258.68,0.2,0.896,14.42,0.368,710268,-47.22,70.35,65.0,High,Negative ROI,31.65,Review,Negative ROI | High Governance Risk | High Data Drift | High Downtime | Low User Adoption,Financial review required due to negative ROI.
AI-0661,Manufacturing,Document Intelligence,Classification,53511,368808,0.897,105.64,0.038,0.404,9.41,0.966,642132,-42.57,35.0,89.1,Medium,Negative ROI,50.68,Monitor,Negative ROI,Financial review required due to negative ROI.
AI-0662,Banking,Fraud Detection,NLP,13605,431473,0.815,71.91,0.23,0.456,3.89,0.854,163260,164.29,33.9,74.17,Low,High ROI,74.54,Monitor,High Data Drift,Data monitoring and model retraining should be considered.
AI-0663,Banking,Fraud Detection,Computer Vision,6381,163927,0.886,424.21,0.063,0.706,4.39,0.562,76572,114.08,40.98,69.66,Medium,Healthy ROI,62.05,Monitor,Healthy,AI project is performing within acceptable business and governance limits.
AI-0664,Telecom,Customer Support,Regression,71634,105178,0.838,314.78,0.097,0.821,10.58,0.694,859608,-87.76,57.49,71.49,Medium,Negative ROI,37.77,Review,Negative ROI | High Downtime,Financial review required due to negative ROI.
AI-0665,Manufacturing,Predictive Maintenance,Classification,24810,383265,0.724,176.4,0.246,0.236,11.03,0.333,297720,28.73,36.38,55.27,Medium,Low ROI,43.46,Review,Low AI Performance | High Data Drift | High Downtime | Low User Adoption,Model performance optimization is recommended.
AI-0666,Manufacturing,Demand Forecasting,Regression,29322,302169,0.721,112.03,0.161,0.661,4.55,0.329,351864,-14.12,42.16,61.22,Medium,Negative ROI,38.78,Review,Negative ROI | Low User Adoption,Financial review required due to negative ROI.
AI-0667,Logistics,Fraud Detection,Computer Vision,46869,417674,0.751,286.64,0.258,0.392,5.18,0.476,562428,-25.74,34.01,55.57,Low,Negative ROI,39.25,Review,Negative ROI | Low AI Performance | High Data Drift | Low User Adoption,Financial review required due to negative ROI.
AI-0668,Manufacturing,Recommendation,Computer Vision,37955,83610,0.96,300.28,0.064,0.369,14.87,0.783,455460,-81.64,43.31,81.45,Medium,Negative ROI,45.51,Review,Negative ROI | High Downtime,Financial review required due to negative ROI.
AI-0669,Retail,Customer Support,Recommendation,66388,90843,0.836,119.36,0.182,0.69,1.53,0.897,796656,-88.6,39.06,77.06,Medium,Negative ROI,45.25,Review,Negative ROI,Financial review required due to negative ROI.
AI-0670,Telecom,Demand Forecasting,Computer Vision,15207,127237,0.9,428.67,0.025,0.387,6.07,0.691,182484,-30.27,28.28,74.71,Low,Negative ROI,47.66,Review,Negative ROI,Financial review required due to negative ROI.
AI-0671,Manufacturing,Customer Support,NLP,92329,497177,0.768,60.45,0.193,0.346,0.94,0.672,1107948,-55.13,22.93,70.38,Low,Negative ROI,47.75,Review,Negative ROI,Financial review required due to negative ROI.
AI-0672,Logistics,Demand Forecasting,Classification,72628,200903,0.789,190.92,0.229,0.836,12.32,0.582,871536,-76.95,65.02,63.91,High,Negative ROI,32.86,Review,Negative ROI | High Governance Risk | High Data Drift | High Downtime,Financial review required due to negative ROI.
AI-0673,Retail,Demand Forecasting,Recommendation,33220,194499,0.693,346.58,0.175,0.101,1.39,0.413,398640,-51.21,12.11,53.76,Low,Negative ROI,45.18,Review,Negative ROI | Low AI Performance | Low User Adoption,Financial review required due to negative ROI.
AI-0674,Healthcare,Document Intelligence,NLP,89050,150299,0.708,151.58,0.08,0.676,10.11,0.383,1068600,-85.93,49.67,64.51,Medium,Negative ROI,37.68,Review,Negative ROI | High Downtime | Low User Adoption,Financial review required due to negative ROI.
AI-0675,Healthcare,Fraud Detection,Regression,79085,451722,0.931,417.28,0.009,0.249,0.85,0.832,949020,-52.4,12.89,80.22,Low,Negative ROI,54.21,Monitor,Negative ROI,Financial review required due to negative ROI.
AI-0676,Retail,Customer Support,Classification,27031,25668,0.849,375.14,0.036,0.015,10.09,0.949,324372,-92.09,18.57,78.38,Low,Negative ROI,51.86,Monitor,Negative ROI | High Downtime,Financial review required due to negative ROI.
AI-0677,Logistics,Customer Support,Computer Vision,75721,242542,0.765,398.73,0.187,0.167,12.65,0.621,908652,-73.31,34.21,59.36,Low,Negative ROI,40.51,Review,Negative ROI | Low AI Performance | High Downtime,Financial review required due to negative ROI.
AI-0678,Retail,Document Intelligence,Classification,85807,198267,0.923,77.17,0.28,0.607,5.98,0.762,1029684,-80.74,45.68,75.07,Medium,Negative ROI,42.57,Review,Negative ROI | High Data Drift,Financial review required due to negative ROI.
AI-0679,Telecom,Recommendation,Regression,76312,355377,0.734,87.46,0.062,0.709,7.83,0.94,915744,-61.19,46.82,79.78,Medium,Negative ROI,43.88,Review,Negative ROI,Financial review required due to negative ROI.
AI-0680,Telecom,Recommendation,Recommendation,64766,175489,0.982,157.51,0.221,0.021,6.02,0.363,777192,-77.42,17.61,70.58,Low,Negative ROI,49.42,Review,Negative ROI | High Data Drift | Low User Adoption,Financial review required due to negative ROI.
AI-0681,Healthcare,Fraud Detection,Recommendation,17449,364126,0.767,268.68,0.26,0.036,4.51,0.839,209388,73.9,16.94,64.07,Low,Healthy ROI,60.28,Monitor,High Data Drift,Data monitoring and model retraining should be considered.
AI-0682,Manufacturing,Fraud Detection,Recommendation,94833,126133,0.765,379.05,0.156,0.903,12.05,0.732,1137996,-88.92,65.4,63.72,High,Negative ROI,32.68,Review,Negative ROI | High Governance Risk | High Downtime,Financial review required due to negative ROI.
AI-0683,Logistics,Predictive Maintenance,Computer Vision,61699,292895,0.756,421.53,0.201,0.073,4.08,0.719,740388,-60.44,16.12,59.48,Low,Negative ROI,45.98,Review,Negative ROI | Low AI Performance | High Data Drift,Financial review required due to negative ROI.
AI-0684,Healthcare,Document Intelligence,NLP,86253,328362,0.692,358.08,0.245,0.894,10.84,0.505,1035036,-68.28,65.65,51.71,High,Negative ROI,28.4,Review,Negative ROI | High Governance Risk | Low AI Performance | High Data Drift | High Downtime,Financial review required due to negative ROI.
AI-0685,Manufacturing,Recommendation,NLP,51092,408793,0.688,465.73,0.078,0.228,3.09,0.779,613104,-33.32,17.75,62.11,Low,Negative ROI,46.41,Review,Negative ROI,Financial review required due to negative ROI.
AI-0686,Manufacturing,Demand Forecasting,Classification,68671,289496,0.87,374.6,0.089,0.74,3.75,0.856,824052,-64.87,42.22,74.93,Medium,Negative ROI,43.56,Review,Negative ROI,Financial review required due to negative ROI.
AI-0687,Telecom,Customer Support,Computer Vision,15350,230124,0.948,167.01,0.0,0.31,5.05,0.379,184200,24.93,22.37,79.97,Low,Low ROI,55.64,Monitor,Low User Adoption,Project requires management monitoring.
AI-0688,Banking,Fraud Detection,Recommendation,73487,108835,0.919,147.24,0.289,0.859,8.84,0.673,881844,-87.66,62.06,70.54,Medium,Negative ROI,36.07,Review,Negative ROI | High Data Drift,Financial review required due to negative ROI.
AI-0689,Banking,Customer Support,Recommendation,22622,117493,0.698,354.17,0.275,0.7,6.82,0.371,271464,-56.72,51.12,47.94,Medium,Negative ROI,31.44,Review,Negative ROI | Low AI Performance | High Data Drift | Low User Adoption,Financial review required due to negative ROI.
AI-0690,Retail,Customer Support,Regression,75263,311071,0.835,112.58,0.229,0.402,11.18,0.911,903156,-65.56,43.59,75.14,Medium,Negative ROI,43.22,Review,Negative ROI | High Data Drift | High Downtime,Financial review required due to negative ROI.
AI-0691,Telecom,Predictive Maintenance,Regression,58117,192166,0.686,64.5,0.024,0.076,3.2,0.655,697404,-72.45,9.47,74.26,Low,Negative ROI,53.15,Monitor,Negative ROI,Financial review required due to negative ROI.
AI-0692,Manufacturing,Recommendation,Recommendation,63394,121948,0.665,275.47,0.134,0.733,0.16,0.866,760728,-83.97,37.27,65.61,Medium,Negative ROI,41.78,Review,Negative ROI,Financial review required due to negative ROI.
AI-0693,Logistics,Fraud Detection,Recommendation,28782,205194,0.873,414.39,0.031,0.617,11.65,0.558,345384,-40.59,48.11,70.83,Medium,Negative ROI,40.36,Review,Negative ROI | High Downtime,Financial review required due to negative ROI.
AI-0694,Banking,Customer Support,Computer Vision,33454,49493,0.832,68.66,0.005,0.003,12.32,0.388,401448,-87.67,20.82,77.05,Low,Negative ROI,50.72,Monitor,Negative ROI | High Downtime | Low User Adoption,Financial review required due to negative ROI.
AI-0695,Manufacturing,Fraud Detection,NLP,72904,486755,0.678,400.11,0.185,0.009,0.89,0.329,874848,-44.36,7.44,49.23,Low,Negative ROI,45.0,Review,Negative ROI | Low AI Performance | Low User Adoption,Financial review required due to negative ROI.
AI-0696,Banking,Demand Forecasting,Regression,20592,313851,0.662,409.55,0.288,0.809,9.16,0.497,247104,27.01,60.31,46.35,Medium,Low ROI,32.86,Review,Low AI Performance | High Data Drift | Low User Adoption,Model performance optimization is recommended.
AI-0697,Banking,Predictive Maintenance,NLP,27173,219886,0.987,251.49,0.271,0.259,5.67,0.471,326076,-32.57,29.24,67.68,Low,Negative ROI,44.92,Review,Negative ROI | High Data Drift | Low User Adoption,Financial review required due to negative ROI.
AI-0698,Banking,Demand Forecasting,Computer Vision,38204,158368,0.66,47.51,0.209,0.636,11.91,0.692,458448,-65.46,54.74,64.96,Medium,Negative ROI,36.31,Review,Negative ROI | High Data Drift | High Downtime,Financial review required due to negative ROI.
AI-0699,Logistics,Fraud Detection,Recommendation,40596,176470,0.801,103.8,0.029,0.454,13.12,0.315,487152,-63.78,43.17,71.79,Medium,Negative ROI,42.18,Review,Negative ROI | High Downtime | Low User Adoption,Financial review required due to negative ROI.
AI-0700,Telecom,Fraud Detection,NLP,39324,317986,0.822,359.56,0.082,0.863,12.77,0.664,471888,-32.61,62.58,69.49,Medium,Negative ROI,35.55,Review,Negative ROI | High Downtime,Financial review required due to negative ROI.
AI-0701,Logistics,Recommendation,Recommendation,66202,33261,0.69,361.65,0.096,0.917,11.66,0.574,794424,-95.81,63.58,60.33,Medium,Negative ROI,32.04,Review,Negative ROI | High Downtime,Financial review required due to negative ROI.
AI-0702,Healthcare,Customer Support,Recommendation,94400,96709,0.707,451.21,0.229,0.997,4.04,0.704,1132800,-91.46,58.47,54.44,Medium,Negative ROI,31.51,Review,Negative ROI | Low AI Performance | High Data Drift,Financial review required due to negative ROI.
AI-0703,Manufacturing,Customer Support,Classification,35750,115985,0.77,299.69,0.241,0.154,12.18,0.792,429000,-72.96,34.46,63.3,Low,Negative ROI,41.82,Review,Negative ROI | High Data Drift | High Downtime,Financial review required due to negative ROI.
AI-0704,Telecom,Demand Forecasting,NLP,81112,388760,0.909,79.57,0.116,0.863,8.0,0.744,973344,-60.06,55.65,82.14,Medium,Negative ROI,42.05,Review,Negative ROI,Financial review required due to negative ROI.
AI-0705,Telecom,Predictive Maintenance,NLP,21566,469920,0.822,78.28,0.125,0.266,0.79,0.989,258792,81.58,17.04,82.28,Low,Healthy ROI,67.96,Monitor,Healthy,AI project is performing within acceptable business and governance limits.
AI-0706,Telecom,Document Intelligence,Recommendation,12190,349317,0.867,366.14,0.013,0.591,6.85,0.397,146280,138.8,38.4,69.66,Medium,Healthy ROI,67.15,Monitor,Low User Adoption,Project requires management monitoring.
AI-0707,Telecom,Customer Support,Computer Vision,93607,313925,0.985,108.22,0.087,0.506,14.13,0.601,1123284,-72.05,48.93,83.67,Medium,Negative ROI,44.61,Review,Negative ROI | High Downtime,Financial review required due to negative ROI.
AI-0708,Logistics,Recommendation,Classification,43333,295796,0.911,177.63,0.135,0.018,13.32,0.597,519996,-43.12,27.06,75.41,Low,Negative ROI,48.28,Review,Negative ROI | High Downtime,Financial review required due to negative ROI.
AI-0709,Telecom,Demand Forecasting,Recommendation,85905,287247,0.798,253.86,0.035,0.933,1.53,0.592,1030860,-72.14,45.59,72.37,Medium,Negative ROI,41.65,Review,Negative ROI,Financial review required due to negative ROI.
AI-0710,Retail,Demand Forecasting,Regression,94571,307644,0.802,31.89,0.136,0.078,11.16,0.765,1134852,-72.89,26.19,77.64,Low,Negative ROI,49.32,Review,Negative ROI | High Downtime,Financial review required due to negative ROI.
AI-0711,Manufacturing,Document Intelligence,Regression,6589,266404,0.86,139.43,0.256,0.688,12.09,0.643,79068,236.93,58.79,68.88,Medium,High ROI,71.47,Monitor,High Data Drift | High Downtime,Data monitoring and model retraining should be considered.
AI-0712,Telecom,Recommendation,Classification,30235,120336,0.876,215.79,0.174,0.785,4.07,0.662,362820,-66.83,47.33,71.87,Medium,Negative ROI,40.96,Review,Negative ROI,Financial review required due to negative ROI.
AI-0713,Manufacturing,Predictive Maintenance,Computer Vision,5159,448745,0.82,154.23,0.024,0.795,7.07,0.603,61908,624.86,48.28,77.23,Medium,High ROI,77.55,Strategic,Healthy,AI project is performing within acceptable business and governance limits.
AI-0714,Retail,Recommendation,Recommendation,17145,133499,0.869,85.46,0.058,0.135,10.66,0.994,205740,-35.11,25.58,87.87,Low,Negative ROI,53.08,Monitor,Negative ROI | High Downtime,Financial review required due to negative ROI.
AI-0715,Retail,Predictive Maintenance,NLP,85909,169524,0.658,369.45,0.142,0.448,6.59,0.949,1030908,-83.56,35.4,63.7,Medium,Negative ROI,41.68,Review,Negative ROI,Financial review required due to negative ROI.
AI-0716,Manufacturing,Recommendation,Classification,36921,331537,0.796,410.31,0.108,0.829,1.69,0.515,443052,-25.17,43.36,62.39,Medium,Negative ROI,38.83,Review,Negative ROI,Financial review required due to negative ROI.
AI-0717,Banking,Recommendation,Computer Vision,21237,444390,0.745,143.59,0.108,0.303,10.59,0.378,254844,74.38,34.52,65.1,Low,Healthy ROI,55.45,Monitor,High Downtime | Low User Adoption,Project requires management monitoring.
AI-0718,Healthcare,Fraud Detection,NLP,13244,477666,0.694,391.72,0.159,0.468,13.67,0.888,158928,200.55,48.61,62.76,Medium,High ROI,72.38,Monitor,High Downtime,Project requires management monitoring.
AI-0719,Banking,Demand Forecasting,Regression,19743,186508,0.684,205.07,0.175,0.273,9.79,0.998,236916,-21.28,33.85,69.26,Low,Negative ROI,44.09,Review,Negative ROI,Financial review required due to negative ROI.
AI-0720,Banking,Recommendation,Regression,51101,329550,0.855,263.21,0.239,0.464,11.61,0.505,613212,-46.26,47.4,63.0,Medium,Negative ROI,37.83,Review,Negative ROI | High Data Drift | High Downtime,Financial review required due to negative ROI.
AI-0721,Logistics,Document Intelligence,NLP,89227,345203,0.828,430.88,0.102,0.888,5.38,0.55,1070724,-67.76,51.99,64.37,Medium,Negative ROI,36.93,Review,Negative ROI,Financial review required due to negative ROI.
AI-0722,Banking,Recommendation,Classification,61378,167026,0.736,379.98,0.242,0.455,2.75,0.959,736536,-77.32,32.32,62.48,Low,Negative ROI,42.17,Review,Negative ROI | High Data Drift,Financial review required due to negative ROI.
AI-0723,Telecom,Customer Support,Regression,76126,364866,0.81,406.46,0.102,0.556,9.64,0.798,913512,-60.06,44.15,69.17,Medium,Negative ROI,40.96,Review,Negative ROI,Financial review required due to negative ROI.
AI-0724,Logistics,Demand Forecasting,Recommendation,61071,270819,0.817,85.69,0.017,0.404,4.92,0.507,732852,-63.05,26.89,77.57,Low,Negative ROI,49.08,Review,Negative ROI,Financial review required due to negative ROI.
AI-0725,Logistics,Customer Support,NLP,76121,32356,0.716,53.47,0.166,0.46,12.9,0.707,913452,-96.46,47.18,70.04,Medium,Negative ROI,40.36,Review,Negative ROI | High Downtime,Financial review required due to negative ROI.
AI-0726,Retail,Demand Forecasting,NLP,79763,148128,0.872,448.83,0.176,0.015,1.84,0.961,957156,-84.52,9.02,70.56,Low,Negative ROI,51.99,Monitor,Negative ROI,Financial review required due to negative ROI.
AI-0727,Banking,Customer Support,Regression,98814,22187,0.916,206.16,0.28,0.284,6.5,0.868,1185768,-98.13,32.01,72.98,Low,Negative ROI,45.94,Review,Negative ROI | High Data Drift,Financial review required due to negative ROI.
AI-0728,Retail,Recommendation,Classification,17237,359387,0.919,158.18,0.218,0.437,5.95,0.819,206844,73.75,36.12,76.68,Medium,Healthy ROI,58.91,Monitor,High Data Drift,Data monitoring and model retraining should be considered.
AI-0729,Manufacturing,Recommendation,Recommendation,20649,317242,0.855,367.85,0.275,0.634,14.07,0.816,247788,28.03,60.23,64.28,Medium,Low ROI,39.33,Review,High Data Drift | High Downtime,Data monitoring and model retraining should be considered.
AI-0730,Healthcare,Fraud Detection,Classification,42713,172297,0.824,421.48,0.273,0.45,2.3,0.425,512556,-66.38,32.27,53.41,Low,Negative ROI,39.01,Review,Negative ROI | Low AI Performance | High Data Drift | Low User Adoption,Financial review required due to negative ROI.
AI-0731,Logistics,Document Intelligence,Computer Vision,78463,154678,0.671,434.0,0.181,0.338,0.15,0.877,941556,-83.57,20.89,59.02,Low,Negative ROI,44.39,Review,Negative ROI | Low AI Performance,Financial review required due to negative ROI.
AI-0732,Manufacturing,Customer Support,Computer Vision,50409,339764,0.748,171.68,0.158,0.388,3.57,0.493,604908,-43.83,28.15,64.21,Low,Negative ROI,44.03,Review,Negative ROI | Low User Adoption,Financial review required due to negative ROI.
AI-0733,Manufacturing,Predictive Maintenance,Regression,53766,446044,0.682,429.06,0.167,0.242,12.3,0.951,645192,-30.87,36.4,61.9,Medium,Negative ROI,40.74,Review,Negative ROI | High Downtime,Financial review required due to negative ROI.
AI-0734,Telecom,Fraud Detection,Regression,51154,146270,0.978,39.65,0.293,0.924,3.14,0.555,613848,-76.17,55.6,74.16,Medium,Negative ROI,39.28,Review,Negative ROI | High Data Drift,Financial review required due to negative ROI.
AI-0735,Healthcare,Customer Support,Regression,12016,439705,0.696,43.84,0.232,0.522,3.61,0.9,144192,204.94,36.47,69.88,Medium,High ROI,78.52,Strategic,High Data Drift,Data monitoring and model retraining should be considered.
AI-0736,Manufacturing,Customer Support,Computer Vision,84563,296531,0.702,319.29,0.032,0.013,1.95,0.486,1014756,-70.78,4.8,63.64,Low,Negative ROI,50.83,Monitor,Negative ROI | Low User Adoption,Financial review required due to negative ROI.
AI-0737,Manufacturing,Fraud Detection,Classification,53688,351607,0.952,50.29,0.234,0.019,10.73,0.66,644256,-45.42,25.76,77.59,Low,Negative ROI,49.43,Review,Negative ROI | High Data Drift | High Downtime,Financial review required due to negative ROI.
AI-0738,Healthcare,Recommendation,Classification,94678,485048,0.971,175.81,0.051,0.973,1.04,0.375,1136136,-57.31,47.05,78.23,Medium,Negative ROI,43.27,Review,Negative ROI | Low User Adoption,Financial review required due to negative ROI.
AI-0739,Healthcare,Customer Support,Regression,59238,262998,0.91,342.92,0.134,0.221,4.97,0.762,710856,-63.0,22.25,73.75,Low,Negative ROI,49.14,Review,Negative ROI,Financial review required due to negative ROI.
AI-0740,Manufacturing,Recommendation,Recommendation,63608,415807,0.652,181.89,0.063,0.806,4.24,0.885,763296,-45.52,45.23,71.69,Medium,Negative ROI,41.52,Review,Negative ROI,Financial review required due to negative ROI.
AI-0741,Healthcare,Fraud Detection,Classification,94081,261503,0.65,106.21,0.207,0.058,8.33,0.803,1128972,-76.84,22.7,65.02,Low,Negative ROI,45.95,Review,Negative ROI | High Data Drift,Financial review required due to negative ROI.
AI-0742,Manufacturing,Recommendation,Computer Vision,36897,461732,0.779,155.05,0.263,0.921,10.96,0.666,442764,4.28,67.6,64.47,High,Low ROI,33.03,Review,High Governance Risk | High Data Drift | High Downtime,Governance review required before further scaling.
AI-0743,Manufacturing,Demand Forecasting,NLP,55961,373827,0.699,239.64,0.087,0.874,7.99,0.332,671532,-44.33,55.26,60.05,Medium,Negative ROI,34.44,Review,Negative ROI | Low User Adoption,Financial review required due to negative ROI.
AI-0744,Telecom,Predictive Maintenance,NLP,73703,82061,0.656,248.19,0.025,0.571,13.97,0.953,884436,-90.72,49.73,73.16,Medium,Negative ROI,40.69,Review,Negative ROI | High Downtime,Financial review required due to negative ROI.
AI-0745,Banking,Customer Support,NLP,49757,255497,0.808,395.84,0.09,0.009,14.27,0.794,597084,-57.21,26.89,69.9,Low,Negative ROI,46.4,Review,Negative ROI | High Downtime,Financial review required due to negative ROI.
AI-0746,Manufacturing,Document Intelligence,Recommendation,31917,479952,0.971,380.07,0.202,0.258,5.42,0.822,383004,25.31,26.7,73.49,Low,Low ROI,52.14,Monitor,High Data Drift,Data monitoring and model retraining should be considered.
AI-0747,Retail,Predictive Maintenance,Regression,27736,101257,0.76,239.27,0.099,0.407,11.67,0.856,332832,-69.58,40.74,72.99,Medium,Negative ROI,43.32,Review,Negative ROI | High Downtime,Financial review required due to negative ROI.
AI-0748,Logistics,Recommendation,Computer Vision,32990,81753,0.875,425.92,0.083,0.46,11.08,0.823,395880,-79.35,41.66,73.28,Medium,Negative ROI,43.15,Review,Negative ROI | High Downtime,Financial review required due to negative ROI.
AI-0749,Banking,Customer Support,Recommendation,67551,366918,0.872,74.83,0.055,0.298,13.39,0.609,810612,-54.74,37.38,80.79,Medium,Negative ROI,47.06,Review,Negative ROI | High Downtime,Financial review required due to negative ROI.
AI-0750,Banking,Recommendation,Computer Vision,63161,424303,0.735,142.57,0.149,0.033,6.72,0.814,757932,-44.02,17.16,71.3,Low,Negative ROI,49.81,Review,Negative ROI,Financial review required due to negative ROI.
AI-0751,Banking,Demand Forecasting,Computer Vision,84623,444032,0.871,417.43,0.083,0.59,7.96,0.738,1015476,-56.27,42.31,71.64,Medium,Negative ROI,42.38,Review,Negative ROI,Financial review required due to negative ROI.
AI-0752,Telecom,Fraud Detection,Regression,27440,43408,0.722,201.44,0.219,0.524,6.24,0.898,329280,-86.82,40.55,67.07,Medium,Negative ROI,41.31,Review,Negative ROI | High Data Drift,Financial review required due to negative ROI.
AI-0753,Manufacturing,Customer Support,NLP,40205,144116,0.691,490.97,0.023,0.283,12.76,0.862,482460,-70.13,34.69,65.91,Low,Negative ROI,42.66,Review,Negative ROI | High Downtime,Financial review required due to negative ROI.
AI-0754,Telecom,Demand Forecasting,Regression,85811,151208,0.888,243.8,0.199,0.038,3.45,0.329,1029732,-85.32,13.43,63.72,Low,Negative ROI,48.27,Review,Negative ROI | Low User Adoption,Financial review required due to negative ROI.
AI-0755,Manufacturing,Demand Forecasting,Recommendation,60103,37413,0.689,400.13,0.071,0.995,3.6,0.565,721236,-94.81,52.9,60.2,Medium,Negative ROI,35.2,Review,Negative ROI,Financial review required due to negative ROI.
AI-0756,Telecom,Customer Support,Recommendation,75812,133650,0.989,213.11,0.147,0.482,5.59,0.324,909744,-85.31,35.42,72.19,Medium,Negative ROI,44.64,Review,Negative ROI | Low User Adoption,Financial review required due to negative ROI.
AI-0757,Telecom,Recommendation,Recommendation,46627,79500,0.712,223.98,0.086,0.756,3.46,0.371,559524,-85.79,42.37,62.0,Medium,Negative ROI,38.99,Review,Negative ROI | Low User Adoption,Financial review required due to negative ROI.
AI-0758,Logistics,Document Intelligence,Regression,24008,366658,0.852,203.78,0.217,0.452,8.42,0.721,288096,27.27,40.88,70.06,Medium,Low ROI,47.03,Review,High Data Drift,Data monitoring and model retraining should be considered.
AI-0759,Retail,Demand Forecasting,Computer Vision,76274,76358,0.79,365.16,0.284,0.043,2.02,0.912,915288,-91.66,13.82,62.59,Low,Negative ROI,47.76,Review,Negative ROI | High Data Drift,Financial review required due to negative ROI.
AI-0760,Telecom,Predictive Maintenance,Computer Vision,37402,86197,0.693,282.81,0.275,0.31,4.8,0.384,448824,-80.79,30.2,50.1,Low,Negative ROI,38.47,Review,Negative ROI | Low AI Performance | High Data Drift | Low User Adoption,Financial review required due to negative ROI.
AI-0761,Logistics,Demand Forecasting,Classification,58384,243861,0.659,473.01,0.175,0.32,13.7,0.616,700608,-65.19,42.48,52.33,Medium,Negative ROI,35.57,Review,Negative ROI | Low AI Performance | High Downtime,Financial review required due to negative ROI.
AI-0762,Healthcare,Document Intelligence,Recommendation,10793,243492,0.862,140.43,0.139,0.838,6.14,0.938,129516,88.0,52.11,80.7,Medium,Healthy ROI,58.01,Monitor,Healthy,AI project is performing within acceptable business and governance limits.
AI-0763,Retail,Recommendation,Computer Vision,10571,281545,0.924,68.27,0.245,0.654,11.22,0.87,126852,121.95,55.48,79.3,Medium,Healthy ROI,62.45,Monitor,High Data Drift | High Downtime,Data monitoring and model retraining should be considered.
AI-0764,Telecom,Recommendation,Classification,21209,446070,0.936,208.77,0.205,0.275,1.7,0.664,254508,75.27,21.36,73.57,Low,Healthy ROI,62.51,Monitor,High Data Drift,Data monitoring and model retraining should be considered.
AI-0765,Banking,Predictive Maintenance,Computer Vision,95930,96240,0.814,316.02,0.055,0.968,3.71,0.84,1151160,-91.64,51.39,75.27,Medium,Negative ROI,40.93,Review,Negative ROI,Financial review required due to negative ROI.
AI-0766,Healthcare,Demand Forecasting,Recommendation,48148,255595,0.914,433.18,0.246,0.322,12.11,0.666,577776,-55.76,42.05,63.72,Medium,Negative ROI,39.69,Review,Negative ROI | High Data Drift | High Downtime,Financial review required due to negative ROI.
AI-0767,Healthcare,Recommendation,NLP,96218,241135,0.879,186.17,0.129,0.998,11.44,0.411,1154616,-79.12,67.85,70.13,High,Negative ROI,34.19,Review,Negative ROI | High Governance Risk | High Downtime | Low User Adoption,Financial review required due to negative ROI.
AI-0768,Logistics,Document Intelligence,Recommendation,7224,298466,0.896,333.82,0.057,0.996,5.79,0.387,86688,244.3,56.18,69.68,Medium,High ROI,72.53,Monitor,Low User Adoption,Project requires management monitoring.
AI-0769,Healthcare,Customer Support,Regression,53695,395197,0.817,188.1,0.085,0.191,14.32,0.432,644340,-38.67,35.01,69.6,Medium,Negative ROI,43.86,Review,Negative ROI | High Downtime | Low User Adoption,Financial review required due to negative ROI.
AI-0770,Retail,Fraud Detection,Computer Vision,37441,26968,0.865,316.27,0.08,0.313,13.66,0.546,449292,-94.0,39.25,70.68,Medium,Negative ROI,42.96,Review,Negative ROI | High Downtime,Financial review required due to negative ROI.
AI-0771,Telecom,Fraud Detection,Computer Vision,44129,309662,0.924,444.71,0.156,0.486,14.43,0.951,529548,-41.52,50.6,74.08,Medium,Negative ROI,40.75,Review,Negative ROI | High Downtime,Financial review required due to negative ROI.
AI-0772,Telecom,Fraud Detection,Regression,67368,334069,0.785,131.05,0.07,0.664,6.42,0.86,808416,-58.68,42.68,79.02,Medium,Negative ROI,44.85,Review,Negative ROI,Financial review required due to negative ROI.
AI-0773,Banking,Demand Forecasting,Regression,97122,210920,0.924,214.04,0.037,0.528,2.96,0.603,1165464,-81.9,29.8,79.99,Low,Negative ROI,49.06,Review,Negative ROI,Financial review required due to negative ROI.
AI-0774,Logistics,Predictive Maintenance,NLP,49760,394044,0.851,496.77,0.037,0.969,9.4,0.645,597120,-34.01,60.38,68.7,Medium,Negative ROI,35.93,Review,Negative ROI,Financial review required due to negative ROI.
AI-0775,Banking,Recommendation,Computer Vision,28478,375566,0.706,436.91,0.175,0.724,10.27,0.486,341736,9.9,54.95,53.16,Medium,Low ROI,33.85,Review,Low AI Performance | High Downtime | Low User Adoption,Model performance optimization is recommended.
AI-0776,Healthcare,Customer Support,Computer Vision,76854,283844,0.658,291.03,0.22,0.212,1.88,0.793,922248,-69.22,19.27,59.03,Low,Negative ROI,44.88,Review,Negative ROI | Low AI Performance | High Data Drift,Financial review required due to negative ROI.
AI-0777,Banking,Document Intelligence,NLP,99230,375926,0.773,267.98,0.096,0.105,11.8,0.862,1190760,-68.43,27.27,73.05,Low,Negative ROI,47.39,Review,Negative ROI | High Downtime,Financial review required due to negative ROI.
AI-0778,Retail,Customer Support,Classification,90716,252076,0.836,156.61,0.01,0.688,0.27,0.467,1088592,-76.84,31.71,75.94,Low,Negative ROI,47.07,Review,Negative ROI | Low User Adoption,Financial review required due to negative ROI.
AI-0779,Telecom,Document Intelligence,NLP,17180,43199,0.936,268.26,0.038,0.158,7.24,0.329,206160,-79.05,20.32,73.43,Low,Negative ROI,49.6,Review,Negative ROI | Low User Adoption,Financial review required due to negative ROI.
AI-0780,Healthcare,Demand Forecasting,Recommendation,20372,457805,0.693,427.13,0.274,0.788,4.97,0.737,244464,87.27,51.96,52.88,Medium,Healthy ROI,48.19,Review,Low AI Performance | High Data Drift,Model performance optimization is recommended.
AI-0781,Banking,Fraud Detection,Computer Vision,34796,183187,0.922,348.88,0.148,0.311,11.1,0.694,417552,-56.13,36.93,72.11,Medium,Negative ROI,44.16,Review,Negative ROI | High Downtime,Financial review required due to negative ROI.
AI-0782,Logistics,Demand Forecasting,Regression,63272,475150,0.943,159.22,0.136,0.327,4.69,0.581,759264,-37.42,26.61,77.19,Low,Negative ROI,49.03,Review,Negative ROI,Financial review required due to negative ROI.
AI-0783,Retail,Predictive Maintenance,Recommendation,94963,205388,0.701,116.7,0.011,0.011,12.4,0.751,1139556,-81.98,21.49,76.02,Low,Negative ROI,50.16,Monitor,Negative ROI | High Downtime,Financial review required due to negative ROI.
AI-0784,Retail,Predictive Maintenance,Computer Vision,98635,25520,0.94,147.3,0.219,0.701,8.92,0.685,1183620,-97.84,52.98,75.33,Medium,Negative ROI,40.47,Review,Negative ROI | High Data Drift,Financial review required due to negative ROI.
AI-0785,Banking,Document Intelligence,NLP,59040,129814,0.987,101.48,0.158,0.113,11.91,0.475,708480,-81.68,29.68,77.91,Low,Negative ROI,48.36,Review,Negative ROI | High Downtime | Low User Adoption,Financial review required due to negative ROI.
AI-0786,Telecom,Recommendation,Recommendation,80357,187527,0.897,65.91,0.061,0.773,14.84,0.578,964284,-80.55,61.35,81.38,Medium,Negative ROI,40.08,Review,Negative ROI | High Downtime,Financial review required due to negative ROI.
AI-0787,Banking,Recommendation,Computer Vision,76368,266356,0.917,221.19,0.033,0.492,10.19,0.6,916416,-70.94,40.11,79.56,Medium,Negative ROI,45.81,Review,Negative ROI | High Downtime,Financial review required due to negative ROI.
AI-0788,Healthcare,Document Intelligence,Classification,83356,499681,0.988,74.38,0.115,0.784,14.77,0.916,1000272,-50.05,63.35,89.74,Medium,Negative ROI,42.4,Review,Negative ROI | High Downtime,Financial review required due to negative ROI.
AI-0789,Banking,Predictive Maintenance,Classification,21211,143364,0.856,102.52,0.251,0.584,0.43,0.973,254532,-43.68,34.53,76.63,Low,Negative ROI,46.46,Review,Negative ROI | High Data Drift,Financial review required due to negative ROI.
AI-0790,Retail,Predictive Maintenance,Regression,10842,454821,0.755,282.72,0.26,0.082,5.07,0.925,130104,249.58,19.94,64.77,Low,High ROI,81.69,Strategic,High Data Drift,Data monitoring and model retraining should be considered.
AI-0791,Banking,Predictive Maintenance,Computer Vision,68115,34955,0.935,99.01,0.181,0.766,1.62,0.803,817380,-95.72,42.6,80.79,Medium,Negative ROI,45.5,Review,Negative ROI,Financial review required due to negative ROI.
AI-0792,Telecom,Demand Forecasting,Classification,71852,195121,0.859,50.66,0.218,0.07,3.93,0.709,862224,-77.37,16.24,74.71,Low,Negative ROI,51.28,Monitor,Negative ROI | High Data Drift,Financial review required due to negative ROI.
AI-0793,Logistics,Predictive Maintenance,NLP,50968,164989,0.848,172.35,0.035,0.479,12.58,0.782,611616,-73.02,43.57,81.12,Medium,Negative ROI,45.32,Review,Negative ROI | High Downtime,Financial review required due to negative ROI.
AI-0794,Manufacturing,Customer Support,Computer Vision,22508,483509,0.736,125.75,0.176,0.172,0.48,0.957,270096,79.01,13.82,73.37,Low,Healthy ROI,65.36,Monitor,Healthy,AI project is performing within acceptable business and governance limits.
AI-0795,Banking,Fraud Detection,NLP,27005,491797,0.907,267.35,0.2,0.752,7.8,0.475,324060,51.76,52.84,66.83,Medium,Healthy ROI,46.6,Review,High Data Drift | Low User Adoption,Data monitoring and model retraining should be considered.
AI-0796,Telecom,Predictive Maintenance,NLP,59575,270144,0.678,69.14,0.06,0.912,8.51,0.675,714900,-62.21,57.02,72.33,Medium,Negative ROI,38.21,Review,Negative ROI,Financial review required due to negative ROI.
AI-0797,Telecom,Document Intelligence,Classification,85742,84925,0.964,380.85,0.264,0.554,8.42,0.783,1028904,-91.75,46.88,69.23,Medium,Negative ROI,40.17,Review,Negative ROI | High Data Drift,Financial review required due to negative ROI.
AI-0798,Logistics,Fraud Detection,Computer Vision,23971,389360,0.761,454.99,0.058,0.527,7.13,0.775,287652,35.36,37.34,67.0,Medium,Low ROI,48.44,Review,Healthy,AI project is performing within acceptable business and governance limits.
AI-0799,Retail,Demand Forecasting,Recommendation,30599,90269,0.693,376.85,0.094,0.764,11.86,0.477,367188,-75.42,56.97,58.18,Medium,Negative ROI,33.27,Review,Negative ROI | Low AI Performance | High Downtime | Low User Adoption,Financial review required due to negative ROI.
AI-0800,Telecom,Document Intelligence,Classification,92592,444170,0.8,275.76,0.186,0.005,2.0,0.711,1111104,-60.02,9.14,66.65,Low,Negative ROI,50.59,Monitor,Negative ROI,Financial review required due to negative ROI.
AI-0801,Telecom,Fraud Detection,Classification,71914,485833,0.664,433.12,0.192,0.918,4.66,0.857,862968,-43.7,54.84,57.75,Medium,Negative ROI,33.76,Review,Negative ROI | Low AI Performance,Financial review required due to negative ROI.
AI-0802,Telecom,Document Intelligence,Computer Vision,72055,323602,0.883,353.56,0.21,0.197,9.24,0.633,864660,-62.57,30.56,65.7,Low,Negative ROI,43.83,Review,Negative ROI | High Data Drift,Financial review required due to negative ROI.
AI-0803,Telecom,Demand Forecasting,Computer Vision,92697,371181,0.957,25.06,0.034,0.984,10.36,0.855,1112364,-66.63,62.57,92.5,Medium,Negative ROI,43.6,Review,Negative ROI | High Downtime,Financial review required due to negative ROI.
AI-0804,Healthcare,Customer Support,NLP,10355,172185,0.935,209.16,0.255,0.736,6.06,0.552,124260,38.57,50.87,68.77,Medium,Low ROI,45.56,Review,High Data Drift,Data monitoring and model retraining should be considered.
AI-0805,Healthcare,Demand Forecasting,Computer Vision,59120,119977,0.693,428.46,0.16,0.774,13.13,0.957,709440,-83.09,61.51,62.94,Medium,Negative ROI,33.58,Review,Negative ROI | High Downtime,Financial review required due to negative ROI.
AI-0806,Retail,Demand Forecasting,NLP,79619,326083,0.693,186.01,0.141,0.656,6.23,0.674,955428,-65.87,44.13,65.5,Medium,Negative ROI,39.69,Review,Negative ROI,Financial review required due to negative ROI.
AI-0807,Banking,Document Intelligence,Classification,43342,49345,0.927,36.9,0.294,0.472,6.04,0.717,520104,-90.51,40.13,74.88,Medium,Negative ROI,44.17,Review,Negative ROI | High Data Drift,Financial review required due to negative ROI.
AI-0808,Telecom,Recommendation,Regression,90992,275688,0.964,378.17,0.222,0.572,0.54,0.322,1091904,-74.75,33.3,62.19,Low,Negative ROI,41.78,Review,Negative ROI | High Data Drift | Low User Adoption,Financial review required due to negative ROI.
AI-0809,Logistics,Predictive Maintenance,Recommendation,83860,459529,0.807,404.98,0.035,0.046,8.27,0.419,1006320,-54.34,16.9,64.83,Low,Negative ROI,47.62,Review,Negative ROI | Low User Adoption,Financial review required due to negative ROI.
AI-0810,Banking,Predictive Maintenance,Classification,7257,392251,0.82,97.08,0.227,0.624,10.63,0.743,87084,350.43,52.61,71.6,Medium,High ROI,74.28,Monitor,High Data Drift | High Downtime,Data monitoring and model retraining should be considered.
AI-0811,Logistics,Customer Support,Computer Vision,32364,404010,0.758,277.92,0.029,0.626,1.72,0.594,388368,4.03,31.91,69.99,Low,Low ROI,45.63,Review,Healthy,AI project is performing within acceptable business and governance limits.
AI-0812,Banking,Customer Support,Recommendation,29972,281798,0.954,112.14,0.008,0.891,4.58,0.656,359664,-21.65,47.97,87.06,Medium,Negative ROI,46.08,Review,Negative ROI,Financial review required due to negative ROI.
AI-0813,Retail,Predictive Maintenance,Regression,31654,351310,0.869,365.23,0.121,0.506,11.72,0.344,379848,-7.51,45.93,63.32,Medium,Negative ROI,38.38,Review,Negative ROI | High Downtime | Low User Adoption,Financial review required due to negative ROI.
AI-0814,Telecom,Recommendation,Regression,85769,198933,0.748,150.34,0.298,0.077,5.49,0.884,1029228,-80.67,21.56,65.67,Low,Negative ROI,46.52,Review,Negative ROI | High Data Drift,Financial review required due to negative ROI.
AI-0815,Telecom,Predictive Maintenance,NLP,86423,117406,0.752,171.78,0.052,0.306,3.62,0.849,1037076,-88.68,21.36,76.83,Low,Negative ROI,50.48,Monitor,Negative ROI,Financial review required due to negative ROI.
AI-0816,Manufacturing,Recommendation,Recommendation,34320,331442,0.953,425.59,0.202,0.656,10.08,0.43,411840,-19.52,52.38,63.38,Medium,Negative ROI,36.47,Review,Negative ROI | High Data Drift | High Downtime | Low User Adoption,Financial review required due to negative ROI.
AI-0817,Logistics,Customer Support,NLP,25808,460437,0.655,248.63,0.052,0.239,2.95,0.744,309696,48.67,17.23,67.57,Low,Low ROI,57.0,Monitor,Healthy,AI project is performing within acceptable business and governance limits.
AI-0818,Banking,Fraud Detection,Classification,57389,327086,0.76,341.48,0.217,0.281,13.43,0.873,688668,-52.5,41.54,64.37,Medium,Negative ROI,40.07,Review,Negative ROI | High Data Drift | High Downtime,Financial review required due to negative ROI.
AI-0819,Banking,Document Intelligence,Recommendation,39773,23453,0.838,213.14,0.152,0.82,1.58,0.749,477276,-95.09,44.09,72.89,Medium,Negative ROI,42.28,Review,Negative ROI,Financial review required due to negative ROI.
AI-0820,Healthcare,Customer Support,Classification,56168,122811,0.7,163.04,0.204,0.584,10.6,0.517,674016,-81.78,50.07,60.25,Medium,Negative ROI,36.07,Review,Negative ROI | High Data Drift | High Downtime,Financial review required due to negative ROI.
AI-0821,Manufacturing,Customer Support,NLP,32747,74935,0.681,320.23,0.061,0.509,7.49,0.759,392964,-80.93,37.22,66.57,Medium,Negative ROI,42.13,Review,Negative ROI,Financial review required due to negative ROI.
AI-0822,Healthcare,Demand Forecasting,Recommendation,81396,404583,0.927,94.33,0.224,0.318,13.05,0.447,976752,-58.58,42.78,71.26,Medium,Negative ROI,42.11,Review,Negative ROI | High Data Drift | High Downtime | Low User Adoption,Financial review required due to negative ROI.
AI-0823,Healthcare,Demand Forecasting,NLP,88692,194442,0.954,199.04,0.299,0.731,1.89,0.523,1064304,-81.73,45.02,67.24,Medium,Negative ROI,40.03,Review,Negative ROI | High Data Drift,Financial review required due to negative ROI.
AI-0824,Healthcare,Demand Forecasting,Recommendation,62505,290472,0.93,120.34,0.2,0.288,10.17,0.468,750060,-61.27,35.91,72.25,Medium,Negative ROI,44.51,Review,Negative ROI | High Data Drift | High Downtime | Low User Adoption,Financial review required due to negative ROI.
AI-0825,Logistics,Document Intelligence,NLP,90896,35534,0.956,353.98,0.148,0.737,8.58,0.69,1090752,-96.74,51.9,73.58,Medium,Negative ROI,40.18,Review,Negative ROI,Financial review required due to negative ROI.
AI-0826,Logistics,Demand Forecasting,Regression,23135,367424,0.838,473.22,0.277,0.07,7.2,0.376,277620,32.35,23.46,51.37,Low,Low ROI,46.6,Review,Low AI Performance | High Data Drift | Low User Adoption,Model performance optimization is recommended.
AI-0827,Retail,Recommendation,NLP,95887,498141,0.926,497.85,0.005,0.865,7.37,0.953,1150644,-56.71,51.36,80.17,Medium,Negative ROI,42.65,Review,Negative ROI,Financial review required due to negative ROI.
AI-0828,Retail,Predictive Maintenance,Regression,52377,56320,0.781,236.13,0.219,0.5,10.83,0.533,628524,-91.04,47.12,61.68,Medium,Negative ROI,37.45,Review,Negative ROI | High Data Drift | High Downtime,Financial review required due to negative ROI.
AI-0829,Healthcare,Fraud Detection,NLP,28554,69170,0.877,141.21,0.267,0.439,14.07,0.453,342648,-79.81,51.22,65.32,Medium,Negative ROI,37.5,Review,Negative ROI | High Data Drift | High Downtime | Low User Adoption,Financial review required due to negative ROI.
AI-0830,Manufacturing,Customer Support,Recommendation,67491,120546,0.986,232.56,0.019,0.611,1.37,0.648,809892,-85.12,30.35,84.33,Low,Negative ROI,50.41,Monitor,Negative ROI,Financial review required due to negative ROI.
AI-0831,Banking,Recommendation,Recommendation,60621,100201,0.727,426.69,0.135,0.624,0.29,0.494,727452,-86.23,32.61,56.68,Low,Negative ROI,40.05,Review,Negative ROI | Low AI Performance | Low User Adoption,Financial review required due to negative ROI.
AI-0832,Logistics,Fraud Detection,Recommendation,63283,254473,0.783,118.88,0.061,0.132,12.09,0.674,759396,-66.49,27.92,76.01,Low,Negative ROI,48.23,Review,Negative ROI | High Downtime,Financial review required due to negative ROI.
AI-0833,Manufacturing,Recommendation,Computer Vision,90140,290784,0.813,477.01,0.17,0.756,1.62,0.544,1081680,-73.12,41.82,58.72,Medium,Negative ROI,38.01,Review,Negative ROI | Low AI Performance,Financial review required due to negative ROI.
AI-0834,Telecom,Recommendation,Classification,21923,251324,0.697,184.1,0.195,0.276,14.8,0.392,263076,-4.47,42.94,57.42,Medium,Negative ROI,37.21,Review,Negative ROI | Low AI Performance | High Downtime | Low User Adoption,Financial review required due to negative ROI.
AI-0835,Logistics,Customer Support,Recommendation,52591,181121,0.678,493.19,0.091,0.905,9.29,0.486,631092,-71.3,58.94,54.27,Medium,Negative ROI,31.31,Review,Negative ROI | Low AI Performance | Low User Adoption,Financial review required due to negative ROI.
AI-0836,Logistics,Predictive Maintenance,Regression,67261,418834,0.932,422.53,0.138,0.818,9.76,0.607,807132,-48.11,57.22,69.16,Medium,Negative ROI,37.04,Review,Negative ROI,Financial review required due to negative ROI.
AI-0837,Retail,Demand Forecasting,Recommendation,59336,253612,0.982,408.11,0.084,0.346,2.98,0.321,712032,-64.38,23.06,69.08,Low,Negative ROI,47.26,Review,Negative ROI | Low User Adoption,Financial review required due to negative ROI.
AI-0838,Banking,Document Intelligence,Computer Vision,79083,207125,0.788,172.59,0.111,0.808,3.6,0.839,948996,-78.17,45.69,75.45,Medium,Negative ROI,42.7,Review,Negative ROI,Financial review required due to negative ROI.
AI-0839,Banking,Predictive Maintenance,Regression,65948,415136,0.68,24.21,0.048,0.356,9.89,0.735,791376,-47.54,33.94,75.57,Low,Negative ROI,46.27,Review,Negative ROI,Financial review required due to negative ROI.
AI-0840,Telecom,Document Intelligence,Computer Vision,38002,326081,0.672,203.42,0.266,0.101,13.65,0.721,456024,-28.49,35.28,58.62,Medium,Negative ROI,39.93,Review,Negative ROI | Low AI Performance | High Data Drift | High Downtime,Financial review required due to negative ROI.
AI-0841,Telecom,Customer Support,Regression,85098,220796,0.953,164.87,0.003,0.962,14.74,0.682,1021176,-78.38,67.95,86.19,High,Negative ROI,39.78,Review,Negative ROI | High Governance Risk | High Downtime,Financial review required due to negative ROI.
AI-0842,Logistics,Customer Support,NLP,78016,163279,0.808,37.95,0.265,0.653,2.97,0.713,936192,-82.56,42.28,70.27,Medium,Negative ROI,41.91,Review,Negative ROI | High Data Drift,Financial review required due to negative ROI.
AI-0843,Healthcare,Customer Support,Classification,31672,216846,0.759,262.58,0.172,0.456,2.01,0.954,380064,-42.94,29.03,70.55,Low,Negative ROI,45.98,Review,Negative ROI,Financial review required due to negative ROI.
AI-0844,Retail,Fraud Detection,Classification,9213,184044,0.812,213.46,0.099,0.398,0.85,0.306,110556,66.47,22.3,65.37,Low,Healthy ROI,57.82,Monitor,Low User Adoption,Project requires management monitoring.
AI-0845,Retail,Document Intelligence,Computer Vision,15293,424015,0.758,324.59,0.217,0.325,13.02,0.333,183516,131.05,42.84,53.97,Medium,Healthy ROI,58.97,Monitor,Low AI Performance | High Data Drift | High Downtime | Low User Adoption,Model performance optimization is recommended.
AI-0846,Logistics,Predictive Maintenance,Classification,60860,222160,0.816,318.17,0.152,0.981,4.42,0.434,730320,-69.58,56.07,62.33,Medium,Negative ROI,34.99,Review,Negative ROI | Low User Adoption,Financial review required due to negative ROI.
AI-0847,Manufacturing,Predictive Maintenance,Computer Vision,67507,442132,0.942,77.96,0.15,0.135,0.03,0.417,810084,-45.42,10.63,75.6,Low,Negative ROI,53.27,Monitor,Negative ROI | Low User Adoption,Financial review required due to negative ROI.
AI-0848,Healthcare,Recommendation,Computer Vision,62134,90463,0.851,488.94,0.033,0.315,3.36,0.427,745608,-87.87,20.76,64.77,Low,Negative ROI,46.44,Review,Negative ROI | Low User Adoption,Financial review required due to negative ROI.
AI-0849,Logistics,Recommendation,Computer Vision,7100,113500,0.886,109.73,0.117,0.485,5.11,0.77,85200,33.22,33.85,80.56,Low,Low ROI,53.85,Monitor,Healthy,AI project is performing within acceptable business and governance limits.
AI-0850,Healthcare,Recommendation,Classification,66997,227772,0.774,233.73,0.072,0.478,14.86,0.622,803964,-71.67,48.44,70.53,Medium,Negative ROI,40.15,Review,Negative ROI | High Downtime,Financial review required due to negative ROI.
AI-0851,Healthcare,Customer Support,Computer Vision,33172,57158,0.901,254.3,0.005,0.471,7.85,0.994,398064,-85.64,34.43,87.05,Low,Negative ROI,50.14,Monitor,Negative ROI,Financial review required due to negative ROI.
AI-0852,Healthcare,Predictive Maintenance,Classification,25132,104607,0.877,410.27,0.108,0.176,3.07,0.459,301584,-65.31,16.28,65.32,Low,Negative ROI,47.98,Review,Negative ROI | Low User Adoption,Financial review required due to negative ROI.
AI-0853,Logistics,Document Intelligence,Computer Vision,23199,401783,0.691,67.63,0.027,0.145,5.02,0.518,278388,44.32,15.7,71.53,Low,Low ROI,58.08,Monitor,Healthy,AI project is performing within acceptable business and governance limits.
AI-0854,Retail,Customer Support,Recommendation,41609,265017,0.845,225.75,0.077,0.255,4.95,0.989,499308,-46.92,22.04,81.41,Low,Negative ROI,51.88,Monitor,Negative ROI,Financial review required due to negative ROI.
AI-0855,Retail,Fraud Detection,Computer Vision,47965,353840,0.737,321.68,0.028,0.915,0.3,0.882,575580,-38.52,42.52,73.44,Medium,Negative ROI,42.95,Review,Negative ROI,Financial review required due to negative ROI.
AI-0856,Healthcare,Recommendation,Regression,13016,343654,0.923,123.27,0.03,0.113,2.03,0.629,156192,120.02,9.37,83.53,Low,Healthy ROI,77.43,Strategic,Healthy,AI project is performing within acceptable business and governance limits.
AI-0857,Manufacturing,Customer Support,Computer Vision,44779,140076,0.795,321.18,0.06,0.757,10.43,0.688,537348,-73.93,53.25,70.87,Medium,Negative ROI,38.83,Review,Negative ROI | High Downtime,Financial review required due to negative ROI.
AI-0858,Banking,Customer Support,NLP,36881,78692,0.988,463.36,0.3,0.758,1.8,0.89,442572,-82.22,46.11,68.3,Medium,Negative ROI,40.07,Review,Negative ROI | High Data Drift,Financial review required due to negative ROI.
AI-0859,Logistics,Fraud Detection,Computer Vision,87594,150841,0.681,498.81,0.001,0.81,3.46,0.637,1051128,-85.65,42.25,61.78,Medium,Negative ROI,38.95,Review,Negative ROI,Financial review required due to negative ROI.
AI-0860,Banking,Demand Forecasting,Regression,29472,212816,0.915,35.58,0.192,0.887,5.26,0.444,353664,-39.83,54.44,73.96,Medium,Negative ROI,39.55,Review,Negative ROI | Low User Adoption,Financial review required due to negative ROI.
AI-0861,Manufacturing,Predictive Maintenance,Regression,56813,297954,0.879,133.08,0.042,0.263,11.37,0.88,681756,-56.3,32.04,85.46,Low,Negative ROI,50.3,Monitor,Negative ROI | High Downtime,Financial review required due to negative ROI.
AI-0862,Logistics,Document Intelligence,Classification,41021,418342,0.911,168.95,0.276,0.225,8.74,0.676,492252,-15.01,32.97,70.2,Low,Negative ROI,44.68,Review,Negative ROI | High Data Drift,Financial review required due to negative ROI.
AI-0863,Healthcare,Demand Forecasting,Recommendation,59131,181081,0.755,211.58,0.028,0.466,10.33,0.407,709572,-74.48,39.03,68.14,Medium,Negative ROI,42.14,Review,Negative ROI | High Downtime | Low User Adoption,Financial review required due to negative ROI.
AI-0864,Retail,Recommendation,Computer Vision,29087,131718,0.817,136.28,0.287,0.265,8.51,0.654,349044,-62.26,34.72,65.49,Low,Negative ROI,42.51,Review,Negative ROI | High Data Drift,Financial review required due to negative ROI.
AI-0865,Banking,Customer Support,Classification,17828,373076,0.921,117.67,0.183,0.734,10.25,0.589,213936,74.39,55.6,75.15,Medium,Healthy ROI,52.64,Monitor,High Downtime,Project requires management monitoring.
AI-0866,Telecom,Fraud Detection,Recommendation,66610,20192,0.729,478.19,0.0,0.636,0.04,0.914,799320,-97.47,28.69,70.38,Low,Negative ROI,46.03,Review,Negative ROI,Financial review required due to negative ROI.
AI-0867,Telecom,Fraud Detection,Computer Vision,6401,267536,0.727,460.89,0.268,0.875,13.96,0.388,76812,248.3,70.68,46.88,High,High ROI,60.2,Monitor,High Governance Risk | Low AI Performance | High Data Drift | High Downtime | Low User Adoption,Governance review required before further scaling.
AI-0868,Manufacturing,Predictive Maintenance,NLP,90179,56413,0.837,42.56,0.157,0.083,1.66,0.913,1082148,-94.79,11.21,80.98,Low,Negative ROI,54.98,Monitor,Negative ROI,Financial review required due to negative ROI.
AI-0869,Healthcare,Demand Forecasting,Computer Vision,20193,163888,0.828,182.63,0.079,0.915,6.09,0.659,242316,-32.37,53.7,75.15,Medium,Negative ROI,40.19,Review,Negative ROI,Financial review required due to negative ROI.
AI-0870,Banking,Predictive Maintenance,Regression,97389,59082,0.746,214.47,0.23,0.293,11.57,0.583,1168668,-94.94,39.37,61.03,Medium,Negative ROI,39.55,Review,Negative ROI | High Data Drift | High Downtime,Financial review required due to negative ROI.
AI-0871,Healthcare,Customer Support,Regression,49864,347192,0.751,134.73,0.278,0.491,6.53,0.413,598368,-41.98,41.32,57.87,Medium,Negative ROI,37.86,Review,Negative ROI | Low AI Performance | High Data Drift | Low User Adoption,Financial review required due to negative ROI.
AI-0872,Banking,Predictive Maintenance,NLP,25307,143130,0.744,321.86,0.145,0.439,14.2,0.791,303684,-52.87,47.77,66.11,Medium,Negative ROI,38.81,Review,Negative ROI | High Downtime,Financial review required due to negative ROI.
AI-0873,Manufacturing,Document Intelligence,Classification,24611,70940,0.912,327.38,0.095,0.76,7.01,0.949,295332,-75.98,48.73,80.01,Medium,Negative ROI,43.38,Review,Negative ROI,Financial review required due to negative ROI.
AI-0874,Manufacturing,Fraud Detection,Recommendation,48791,183202,0.872,428.24,0.237,0.42,13.12,0.563,585492,-68.71,47.88,60.16,Medium,Negative ROI,36.69,Review,Negative ROI | High Data Drift | High Downtime,Financial review required due to negative ROI.
AI-0875,Telecom,Fraud Detection,Computer Vision,16950,60142,0.933,375.62,0.205,0.944,12.16,0.469,203400,-70.43,68.9,64.51,High,Negative ROI,31.91,Review,Negative ROI | High Governance Risk | High Data Drift | High Downtime | Low User Adoption,Financial review required due to negative ROI.
AI-0876,Healthcare,Recommendation,Regression,81240,56468,0.982,280.44,0.267,0.903,14.71,0.688,974880,-94.21,73.16,71.1,High,Negative ROI,32.94,Review,Negative ROI | High Governance Risk | High Data Drift | High Downtime,Financial review required due to negative ROI.
AI-0877,Logistics,Recommendation,Classification,82403,443914,0.811,333.72,0.208,0.872,13.9,0.857,988836,-55.11,68.65,67.28,High,Negative ROI,32.95,Review,Negative ROI | High Governance Risk | High Data Drift | High Downtime,Financial review required due to negative ROI.
AI-0878,Telecom,Customer Support,NLP,7745,161727,0.673,151.51,0.073,0.071,13.47,0.303,92940,74.01,27.83,61.51,Low,Healthy ROI,56.13,Monitor,High Downtime | Low User Adoption,Project requires management monitoring.
AI-0879,Healthcare,Document Intelligence,Regression,60243,198969,0.666,304.67,0.279,0.854,10.97,0.742,722916,-72.48,65.08,55.05,High,Negative ROI,29.74,Review,Negative ROI | High Governance Risk | Low AI Performance | High Data Drift | High Downtime,Financial review required due to negative ROI.
AI-0880,Telecom,Demand Forecasting,NLP,8866,443291,0.751,254.83,0.031,0.782,5.5,0.718,106392,316.66,45.29,72.72,Medium,High ROI,76.86,Strategic,Healthy,AI project is performing within acceptable business and governance limits.
AI-0881,Logistics,Predictive Maintenance,Computer Vision,37245,422575,0.967,84.01,0.08,0.104,1.59,0.523,446940,-5.45,9.73,82.29,Low,Negative ROI,55.88,Monitor,Negative ROI,Financial review required due to negative ROI.
AI-0882,Retail,Customer Support,Recommendation,49724,411192,0.828,136.42,0.156,0.107,10.33,0.616,596688,-31.09,26.71,71.83,Low,Negative ROI,47.13,Review,Negative ROI | High Downtime,Financial review required due to negative ROI.
AI-0883,Retail,Recommendation,Regression,76354,256187,0.742,160.01,0.17,0.101,14.68,0.473,916248,-72.04,34.11,63.26,Low,Negative ROI,41.91,Review,Negative ROI | High Downtime | Low User Adoption,Financial review required due to negative ROI.
AI-0884,Retail,Predictive Maintenance,Regression,56374,62056,0.786,463.67,0.005,0.011,10.9,0.853,676488,-90.83,18.81,72.2,Low,Negative ROI,49.63,Review,Negative ROI | High Downtime,Financial review required due to negative ROI.
AI-0885,Retail,Recommendation,Computer Vision,35116,71831,0.854,130.59,0.234,0.549,13.93,0.744,421392,-82.95,54.94,71.96,Medium,Negative ROI,38.7,Review,Negative ROI | High Data Drift | High Downtime,Financial review required due to negative ROI.
AI-0886,Banking,Predictive Maintenance,Classification,86029,341335,0.872,158.84,0.108,0.973,12.06,0.673,1032348,-66.94,67.12,76.89,High,Negative ROI,36.78,Review,Negative ROI | High Governance Risk | High Downtime,Financial review required due to negative ROI.
AI-0887,Retail,Demand Forecasting,Recommendation,98574,269664,0.702,197.29,0.122,0.439,2.45,0.575,1182888,-77.2,27.5,64.58,Low,Negative ROI,44.35,Review,Negative ROI,Financial review required due to negative ROI.
AI-0888,Logistics,Customer Support,Regression,25447,404092,0.982,338.6,0.243,0.541,3.74,0.504,305364,32.33,37.87,66.87,Medium,Low ROI,47.7,Review,High Data Drift,Data monitoring and model retraining should be considered.
AI-0889,Manufacturing,Predictive Maintenance,Recommendation,35431,446488,0.835,76.75,0.114,0.968,5.13,0.876,425172,5.01,55.53,81.27,Medium,Low ROI,42.66,Review,Healthy,AI project is performing within acceptable business and governance limits.
AI-0890,Manufacturing,Document Intelligence,Regression,22908,128117,0.696,477.89,0.014,0.255,2.52,0.616,274896,-53.39,16.1,62.08,Low,Negative ROI,46.9,Review,Negative ROI,Financial review required due to negative ROI.
AI-0891,Banking,Fraud Detection,Recommendation,34336,296815,0.954,435.47,0.053,0.858,8.72,0.651,412032,-27.96,54.73,75.01,Medium,Negative ROI,39.83,Review,Negative ROI,Financial review required due to negative ROI.
AI-0892,Retail,Document Intelligence,NLP,45992,309192,0.675,297.06,0.287,0.546,14.63,0.665,551904,-43.98,57.56,53.79,Medium,Negative ROI,31.56,Review,Negative ROI | Low AI Performance | High Data Drift | High Downtime,Financial review required due to negative ROI.
AI-0893,Retail,Document Intelligence,Regression,60350,489490,0.959,343.54,0.021,0.569,11.42,0.614,724200,-32.41,45.27,78.87,Medium,Negative ROI,44.02,Review,Negative ROI | High Downtime,Financial review required due to negative ROI.
AI-0894,Retail,Fraud Detection,Recommendation,74561,308107,0.989,28.0,0.106,0.343,6.35,0.479,894732,-65.56,29.2,82.89,Low,Negative ROI,50.25,Monitor,Negative ROI | Low User Adoption,Financial review required due to negative ROI.
AI-0895,Telecom,Document Intelligence,Classification,56955,63954,0.888,182.69,0.151,0.562,0.07,0.384,683460,-90.64,29.94,69.05,Low,Negative ROI,45.19,Review,Negative ROI | Low User Adoption,Financial review required due to negative ROI.
AI-0896,Healthcare,Predictive Maintenance,NLP,66240,485525,0.912,401.92,0.148,0.073,4.7,0.369,794880,-38.92,15.56,63.52,Low,Negative ROI,47.56,Review,Negative ROI | Low User Adoption,Financial review required due to negative ROI.
AI-0897,Telecom,Predictive Maintenance,NLP,25093,253192,0.765,57.19,0.001,0.765,7.9,0.83,301116,-15.92,47.62,83.08,Medium,Negative ROI,44.79,Review,Negative ROI,Financial review required due to negative ROI.
AI-0898,Healthcare,Predictive Maintenance,Classification,11155,377574,0.97,155.51,0.15,0.285,4.86,0.456,133860,182.07,25.43,75.45,Low,High ROI,80.64,Strategic,Low User Adoption,Project requires management monitoring.
AI-0899,Retail,Fraud Detection,Recommendation,51607,20717,0.83,300.94,0.115,0.888,1.67,0.339,619284,-96.65,46.19,63.5,Medium,Negative ROI,38.37,Review,Negative ROI | Low User Adoption,Financial review required due to negative ROI.
AI-0900,Retail,Document Intelligence,Computer Vision,38487,293820,0.899,143.08,0.292,0.368,6.64,0.858,461844,-36.38,36.39,73.22,Medium,Negative ROI,44.71,Review,Negative ROI | High Data Drift,Financial review required due to negative ROI.
AI-0901,Telecom,Fraud Detection,Classification,60668,417650,0.964,468.31,0.048,0.143,3.8,0.408,728016,-42.63,14.21,69.91,Low,Negative ROI,50.21,Monitor,Negative ROI | Low User Adoption,Financial review required due to negative ROI.
AI-0902,Telecom,Predictive Maintenance,Recommendation,25963,200882,0.982,82.91,0.106,0.696,13.64,0.738,311556,-35.52,57.23,86.07,Medium,Negative ROI,42.96,Review,Negative ROI | High Downtime,Financial review required due to negative ROI.
AI-0903,Healthcare,Document Intelligence,Classification,55124,138696,0.933,402.75,0.126,0.165,1.53,0.537,661488,-79.03,13.76,69.01,Low,Negative ROI,50.03,Monitor,Negative ROI,Financial review required due to negative ROI.
AI-0904,Manufacturing,Document Intelligence,Classification,57870,412974,0.753,263.82,0.117,0.754,0.74,0.389,694440,-40.53,38.67,61.67,Medium,Negative ROI,39.98,Review,Negative ROI | Low User Adoption,Financial review required due to negative ROI.
AI-0905,Healthcare,Recommendation,Regression,61547,24994,0.979,380.16,0.2,0.968,0.08,0.59,738564,-96.62,49.69,69.35,Medium,Negative ROI,39.37,Review,Negative ROI | High Data Drift,Financial review required due to negative ROI.
AI-0906,Telecom,Recommendation,Recommendation,69110,286378,0.864,169.14,0.065,0.78,4.92,0.31,829320,-65.47,45.25,71.08,Medium,Negative ROI,41.3,Review,Negative ROI | Low User Adoption,Financial review required due to negative ROI.
AI-0907,Logistics,Demand Forecasting,Computer Vision,58554,89300,0.966,266.96,0.066,0.022,9.91,0.889,702648,-87.29,19.49,84.77,Low,Negative ROI,53.82,Monitor,Negative ROI,Financial review required due to negative ROI.
AI-0908,Telecom,Customer Support,Regression,25936,326093,0.88,431.28,0.219,0.6,10.96,0.659,311232,4.77,51.84,63.29,Medium,Low ROI,37.43,Review,High Data Drift | High Downtime,Data monitoring and model retraining should be considered.
AI-0909,Logistics,Recommendation,Classification,9426,57405,0.754,244.1,0.15,0.695,6.8,0.397,113112,-49.25,47.11,60.82,Medium,Negative ROI,37.15,Review,Negative ROI | Low User Adoption,Financial review required due to negative ROI.
AI-0910,Banking,Fraud Detection,Classification,93839,317016,0.776,192.67,0.125,0.825,10.26,0.466,1126068,-71.85,57.98,66.09,Medium,Negative ROI,35.74,Review,Negative ROI | High Downtime | Low User Adoption,Financial review required due to negative ROI.
AI-0911,Telecom,Recommendation,Classification,32606,324359,0.837,277.35,0.051,0.056,5.4,0.614,391272,-17.1,13.05,73.26,Low,Negative ROI,51.73,Monitor,Negative ROI,Financial review required due to negative ROI.
AI-0912,Banking,Demand Forecasting,Recommendation,52832,43185,0.919,364.33,0.056,0.48,10.02,0.432,633984,-93.19,39.98,70.86,Medium,Negative ROI,42.81,Review,Negative ROI | High Downtime | Low User Adoption,Financial review required due to negative ROI.
AI-0913,Manufacturing,Document Intelligence,Recommendation,33151,194514,0.758,232.91,0.003,0.535,0.61,0.488,397812,-51.1,25.18,70.52,Low,Negative ROI,47.13,Review,Negative ROI | Low User Adoption,Financial review required due to negative ROI.
AI-0914,Healthcare,Demand Forecasting,Regression,84303,464975,0.847,470.66,0.027,0.169,5.86,0.674,1011636,-54.04,18.18,70.36,Low,Negative ROI,49.17,Review,Negative ROI,Financial review required due to negative ROI.
AI-0915,Logistics,Document Intelligence,Computer Vision,16308,323297,0.768,161.57,0.167,0.322,11.86,0.883,195696,65.2,39.27,72.86,Medium,Healthy ROI,55.13,Monitor,High Downtime,Project requires management monitoring.
AI-0916,Healthcare,Document Intelligence,Regression,67522,359679,0.927,248.22,0.268,0.44,12.05,0.581,810264,-55.61,47.92,67.12,Medium,Negative ROI,39.12,Review,Negative ROI | High Data Drift | High Downtime,Financial review required due to negative ROI.
AI-0917,Banking,Customer Support,NLP,50671,153653,0.809,383.33,0.086,0.833,10.74,0.802,608052,-74.73,57.96,70.69,Medium,Negative ROI,37.35,Review,Negative ROI | High Downtime,Financial review required due to negative ROI.
AI-0918,Logistics,Recommendation,Classification,95306,71717,0.676,350.78,0.098,0.929,3.06,0.914,1143672,-93.73,49.84,66.66,Medium,Negative ROI,38.38,Review,Negative ROI,Financial review required due to negative ROI.
AI-0919,Healthcare,Fraud Detection,Classification,99108,22763,0.706,434.55,0.035,0.628,3.71,0.451,1189296,-98.09,35.49,59.53,Medium,Negative ROI,40.19,Review,Negative ROI | Low AI Performance | Low User Adoption,Financial review required due to negative ROI.
AI-0920,Telecom,Fraud Detection,Classification,7204,375054,0.671,498.47,0.117,0.395,14.94,0.865,86448,333.85,46.18,60.05,Medium,High ROI,72.16,Monitor,High Downtime,Project requires management monitoring.
AI-0921,Retail,Predictive Maintenance,Regression,97769,75480,0.82,224.89,0.011,0.254,1.55,0.83,1173228,-93.57,14.34,80.3,Low,Negative ROI,53.8,Monitor,Negative ROI,Financial review required due to negative ROI.
AI-0922,Banking,Document Intelligence,Regression,92265,189831,0.686,73.35,0.275,0.982,2.71,0.55,1107180,-82.85,56.96,59.35,Medium,Negative ROI,33.68,Review,Negative ROI | Low AI Performance | High Data Drift,Financial review required due to negative ROI.
AI-0923,Healthcare,Fraud Detection,Classification,36131,227139,0.689,34.6,0.202,0.983,1.95,0.993,433572,-47.61,53.54,73.17,Medium,Negative ROI,39.55,Review,Negative ROI | High Data Drift,Financial review required due to negative ROI.
AI-0924,Banking,Customer Support,Regression,57428,138094,0.97,368.9,0.297,0.925,4.91,0.484,689136,-79.96,58.72,62.26,Medium,Negative ROI,34.17,Review,Negative ROI | High Data Drift | Low User Adoption,Financial review required due to negative ROI.
AI-0925,Banking,Document Intelligence,Recommendation,38870,176379,0.947,439.53,0.265,0.786,3.15,0.478,466440,-62.19,48.57,60.47,Medium,Negative ROI,36.59,Review,Negative ROI | High Data Drift | Low User Adoption,Financial review required due to negative ROI.
AI-0926,Logistics,Customer Support,Recommendation,54067,247443,0.804,125.94,0.142,0.326,7.47,0.841,648804,-61.86,31.38,76.14,Low,Negative ROI,47.24,Review,Negative ROI,Financial review required due to negative ROI.
AI-0927,Logistics,Fraud Detection,Regression,63585,31064,0.985,96.06,0.156,0.817,7.14,0.604,763020,-95.93,53.34,80.65,Medium,Negative ROI,42.23,Review,Negative ROI,Financial review required due to negative ROI.
AI-0928,Retail,Fraud Detection,Classification,26607,96848,0.65,49.86,0.057,0.409,13.52,0.532,319284,-69.67,42.65,68.79,Medium,Negative ROI,41.28,Review,Negative ROI | High Downtime,Financial review required due to negative ROI.
AI-0929,Telecom,Predictive Maintenance,Regression,29968,57548,0.859,414.9,0.139,0.327,0.52,0.425,359616,-84.0,19.75,62.05,Low,Negative ROI,45.79,Review,Negative ROI | Low User Adoption,Financial review required due to negative ROI.
AI-0930,Banking,Fraud Detection,Regression,16908,188017,0.86,169.46,0.271,0.745,4.8,0.836,202896,-7.33,49.66,71.09,Medium,Negative ROI,39.98,Review,Negative ROI | High Data Drift,Financial review required due to negative ROI.
AI-0931,Healthcare,Document Intelligence,Regression,31423,461153,0.806,212.81,0.015,0.08,8.95,0.85,377076,22.3,18.97,80.17,Low,Low ROI,56.27,Monitor,Healthy,AI project is performing within acceptable business and governance limits.
AI-0932,Manufacturing,Document Intelligence,NLP,79707,288620,0.785,261.32,0.259,0.049,9.07,0.697,956484,-69.82,25.09,62.4,Low,Negative ROI,44.31,Review,Negative ROI | High Data Drift,Financial review required due to negative ROI.
AI-0933,Banking,Document Intelligence,Recommendation,83257,464972,0.805,422.94,0.102,0.448,7.2,0.97,999084,-53.46,35.22,71.86,Medium,Negative ROI,44.58,Review,Negative ROI,Financial review required due to negative ROI.
AI-0934,Banking,Predictive Maintenance,Computer Vision,66215,372245,0.791,332.4,0.27,0.446,12.23,0.523,794580,-53.15,48.55,56.54,Medium,Negative ROI,35.22,Review,Negative ROI | Low AI Performance | High Data Drift | High Downtime,Financial review required due to negative ROI.
AI-0935,Retail,Predictive Maintenance,Computer Vision,60835,22382,0.898,315.23,0.282,0.896,0.94,0.454,730020,-96.93,50.35,60.42,Medium,Negative ROI,36.04,Review,Negative ROI | High Data Drift | Low User Adoption,Financial review required due to negative ROI.
AI-0936,Telecom,Fraud Detection,NLP,54429,462899,0.696,104.32,0.201,0.126,12.23,0.774,653148,-29.13,32.08,67.1,Low,Negative ROI,43.86,Review,Negative ROI | High Data Drift | High Downtime,Financial review required due to negative ROI.
AI-0937,Manufacturing,Demand Forecasting,Regression,87152,196348,0.717,266.33,0.199,0.123,7.42,0.831,1045824,-81.23,23.87,64.53,Low,Negative ROI,45.42,Review,Negative ROI,Financial review required due to negative ROI.
AI-0938,Logistics,Demand Forecasting,NLP,43458,446618,0.711,363.38,0.136,0.147,2.01,0.457,521496,-14.36,14.04,56.99,Low,Negative ROI,45.73,Review,Negative ROI | Low AI Performance | Low User Adoption,Financial review required due to negative ROI.
AI-0939,Logistics,Predictive Maintenance,NLP,51169,440162,0.739,487.17,0.251,0.03,13.29,0.354,614028,-28.32,31.03,46.86,Low,Negative ROI,37.09,Review,Negative ROI | Low AI Performance | High Data Drift | High Downtime | Low User Adoption,Financial review required due to negative ROI.
AI-0940,Healthcare,Fraud Detection,Classification,12659,99698,0.829,116.68,0.288,0.072,9.74,0.867,151908,-34.37,28.11,70.89,Low,Negative ROI,46.38,Review,Negative ROI | High Data Drift,Financial review required due to negative ROI.
AI-0941,Manufacturing,Demand Forecasting,Recommendation,65614,265762,0.688,24.58,0.233,0.66,2.45,0.984,787368,-66.25,40.77,71.69,Medium,Negative ROI,42.86,Review,Negative ROI | High Data Drift,Financial review required due to negative ROI.
AI-0942,Logistics,Fraud Detection,Computer Vision,82240,263381,0.945,56.14,0.187,0.432,0.5,0.751,986880,-73.31,25.88,81.24,Low,Negative ROI,50.67,Monitor,Negative ROI,Financial review required due to negative ROI.
AI-0943,Healthcare,Fraud Detection,Regression,37793,487149,0.751,200.41,0.182,0.764,2.12,0.495,453516,7.42,43.37,62.34,Medium,Low ROI,40.11,Review,Low User Adoption,Project requires management monitoring.
AI-0944,Telecom,Fraud Detection,Computer Vision,51473,435551,0.705,413.86,0.255,0.993,9.13,0.998,617676,-29.49,67.55,60.04,High,Negative ROI,30.75,Review,Negative ROI | High Governance Risk | High Data Drift,Financial review required due to negative ROI.
AI-0945,Healthcare,Recommendation,Computer Vision,94388,65095,0.88,23.43,0.162,0.659,2.69,0.925,1132656,-94.25,39.0,83.7,Medium,Negative ROI,47.6,Review,Negative ROI,Financial review required due to negative ROI.
AI-0946,Logistics,Document Intelligence,Recommendation,93330,493146,0.663,239.23,0.241,0.05,3.39,0.659,1119960,-55.97,15.13,57.1,Low,Negative ROI,45.45,Review,Negative ROI | Low AI Performance | High Data Drift,Financial review required due to negative ROI.
AI-0947,Retail,Fraud Detection,Computer Vision,60751,412118,0.861,178.03,0.153,0.105,0.38,0.878,729012,-43.47,9.95,77.62,Low,Negative ROI,54.18,Monitor,Negative ROI,Financial review required due to negative ROI.
AI-0948,Retail,Recommendation,Computer Vision,83915,309341,0.887,45.19,0.019,0.881,10.84,0.871,1006980,-69.28,58.28,89.46,Medium,Negative ROI,43.83,Review,Negative ROI | High Downtime,Financial review required due to negative ROI.
AI-0949,Retail,Predictive Maintenance,NLP,59254,409763,0.723,236.11,0.115,0.527,12.16,0.954,711048,-42.37,47.43,72.4,Medium,Negative ROI,41.11,Review,Negative ROI | High Downtime,Financial review required due to negative ROI.
AI-0950,Logistics,Demand Forecasting,Recommendation,12006,42010,0.664,142.28,0.133,0.825,11.95,0.889,144072,-70.84,61.03,70.06,Medium,Negative ROI,36.21,Review,Negative ROI | High Downtime,Financial review required due to negative ROI.
AI-0951,Retail,Document Intelligence,Classification,79218,437339,0.774,188.9,0.042,0.857,1.91,0.751,950616,-53.99,43.01,75.95,Medium,Negative ROI,43.68,Review,Negative ROI,Financial review required due to negative ROI.
AI-0952,Manufacturing,Demand Forecasting,Regression,70344,370067,0.684,358.7,0.031,0.928,13.55,0.727,844128,-56.16,65.27,66.43,High,Negative ROI,33.67,Review,Negative ROI | High Governance Risk | High Downtime,Financial review required due to negative ROI.
AI-0953,Telecom,Document Intelligence,Computer Vision,38840,153962,0.69,270.34,0.161,0.95,10.08,0.627,466080,-66.97,64.38,60.88,Medium,Negative ROI,31.99,Review,Negative ROI | High Downtime,Financial review required due to negative ROI.
AI-0954,Healthcare,Demand Forecasting,Regression,37430,412670,0.736,79.83,0.026,0.555,13.46,0.739,449160,-8.12,48.19,77.89,Medium,Negative ROI,42.8,Review,Negative ROI | High Downtime,Financial review required due to negative ROI.
AI-0955,Healthcare,Document Intelligence,Classification,28091,129162,0.75,481.48,0.091,0.341,6.71,0.857,337092,-61.68,29.26,65.65,Low,Negative ROI,44.2,Review,Negative ROI,Financial review required due to negative ROI.
AI-0956,Logistics,Demand Forecasting,Regression,37983,403071,0.83,325.24,0.223,0.962,6.55,0.978,455796,-11.57,60.9,70.15,Medium,Negative ROI,36.28,Review,Negative ROI | High Data Drift,Financial review required due to negative ROI.
AI-0957,Retail,Demand Forecasting,Classification,28989,290170,0.881,387.62,0.289,0.547,11.77,0.627,347868,-16.59,52.9,60.51,Medium,Negative ROI,35.31,Review,Negative ROI | High Data Drift | High Downtime,Financial review required due to negative ROI.
AI-0958,Retail,Demand Forecasting,NLP,80451,347069,0.852,58.02,0.215,0.064,1.4,0.702,965412,-64.05,11.66,74.15,Low,Negative ROI,52.45,Monitor,Negative ROI | High Data Drift,Financial review required due to negative ROI.
AI-0959,Banking,Demand Forecasting,Computer Vision,23990,88842,0.7,42.59,0.298,0.643,7.81,0.611,287880,-69.14,50.89,61.04,Medium,Negative ROI,36.1,Review,Negative ROI | High Data Drift,Financial review required due to negative ROI.
AI-0960,Telecom,Predictive Maintenance,Classification,95270,315809,0.709,29.34,0.21,0.588,12.55,0.768,1143240,-72.38,53.68,69.43,Medium,Negative ROI,38.2,Review,Negative ROI | High Data Drift | High Downtime,Financial review required due to negative ROI.
AI-0961,Manufacturing,Fraud Detection,Regression,85360,291421,0.949,110.62,0.088,0.896,12.45,0.741,1024320,-71.55,63.71,84.55,Medium,Negative ROI,40.48,Review,Negative ROI | High Downtime,Financial review required due to negative ROI.
AI-0962,Healthcare,Customer Support,Computer Vision,41081,193311,0.84,218.92,0.202,0.653,14.34,0.312,492972,-60.79,59.35,61.57,Medium,Negative ROI,33.74,Review,Negative ROI | High Data Drift | High Downtime | Low User Adoption,Financial review required due to negative ROI.
AI-0963,Banking,Recommendation,NLP,16033,460880,0.946,469.2,0.211,0.349,10.47,0.679,192396,139.55,39.49,66.25,Medium,Healthy ROI,65.76,Monitor,High Data Drift | High Downtime,Data monitoring and model retraining should be considered.
AI-0964,Banking,Customer Support,Computer Vision,21241,330152,0.776,239.39,0.112,0.966,3.12,0.362,254892,29.53,52.03,63.26,Medium,Low ROI,41.7,Review,Low User Adoption,Project requires management monitoring.
AI-0965,Logistics,Customer Support,Classification,10939,296827,0.859,159.32,0.005,0.802,0.3,0.318,131268,126.12,36.74,74.28,Medium,Healthy ROI,67.05,Monitor,Low User Adoption,Project requires management monitoring.
AI-0966,Healthcare,Document Intelligence,NLP,52562,151742,0.828,289.73,0.211,0.63,7.19,0.854,630744,-75.94,46.66,69.24,Medium,Negative ROI,40.24,Review,Negative ROI | High Data Drift,Financial review required due to negative ROI.
AI-0967,Logistics,Fraud Detection,Regression,40063,240283,0.759,73.73,0.007,0.293,7.71,0.481,480756,-50.02,26.24,75.01,Low,Negative ROI,48.38,Review,Negative ROI | Low User Adoption,Financial review required due to negative ROI.
AI-0968,Manufacturing,Document Intelligence,NLP,81721,168961,0.81,312.56,0.189,0.374,3.6,0.538,980652,-82.77,28.5,62.43,Low,Negative ROI,43.3,Review,Negative ROI,Financial review required due to negative ROI.
AI-0969,Banking,Fraud Detection,NLP,32045,468828,0.821,292.85,0.049,0.67,1.87,0.345,384540,21.92,34.74,66.71,Low,Low ROI,46.76,Review,Low User Adoption,Project requires management monitoring.
AI-0970,Banking,Fraud Detection,Recommendation,49769,195607,0.718,400.16,0.17,0.072,8.79,0.426,597228,-67.25,22.99,53.92,Low,Negative ROI,41.98,Review,Negative ROI | Low AI Performance | Low User Adoption,Financial review required due to negative ROI.
AI-0971,Telecom,Demand Forecasting,NLP,52118,360686,0.757,493.61,0.151,0.257,11.46,0.836,625416,-42.33,35.2,62.21,Medium,Negative ROI,41.21,Review,Negative ROI | High Downtime,Financial review required due to negative ROI.
AI-0972,Manufacturing,Predictive Maintenance,NLP,89703,336463,0.919,140.42,0.004,0.714,14.9,0.645,1076436,-68.74,57.08,84.44,Medium,Negative ROI,42.43,Review,Negative ROI | High Downtime,Financial review required due to negative ROI.
AI-0973,Banking,Demand Forecasting,Computer Vision,26625,265144,0.961,264.64,0.109,0.48,11.37,0.916,319500,-17.01,43.82,82.98,Medium,Negative ROI,45.9,Review,Negative ROI | High Downtime,Financial review required due to negative ROI.
AI-0974,Manufacturing,Predictive Maintenance,Regression,32076,374211,0.772,456.26,0.18,0.402,11.9,0.578,384912,-2.78,43.32,57.47,Medium,Negative ROI,37.12,Review,Negative ROI | Low AI Performance | High Downtime,Financial review required due to negative ROI.
AI-0975,Healthcare,Document Intelligence,Computer Vision,69805,172711,0.754,396.89,0.255,0.151,9.25,0.488,837660,-79.38,29.86,52.8,Low,Negative ROI,39.52,Review,Negative ROI | Low AI Performance | High Data Drift | Low User Adoption,Financial review required due to negative ROI.
AI-0976,Retail,Predictive Maintenance,Computer Vision,49605,215784,0.716,253.96,0.267,0.442,14.79,0.543,595260,-63.75,52.55,55.69,Medium,Negative ROI,33.73,Review,Negative ROI | Low AI Performance | High Data Drift | High Downtime,Financial review required due to negative ROI.
AI-0977,Banking,Document Intelligence,Classification,89565,429849,0.881,473.78,0.145,0.771,9.6,0.799,1074780,-60.01,55.04,68.57,Medium,Negative ROI,37.49,Review,Negative ROI,Financial review required due to negative ROI.
AI-0978,Telecom,Customer Support,Computer Vision,93509,272217,0.76,47.47,0.219,0.264,12.9,0.689,1122108,-75.74,39.95,69.41,Medium,Negative ROI,42.31,Review,Negative ROI | High Data Drift | High Downtime,Financial review required due to negative ROI.
AI-0979,Healthcare,Customer Support,Recommendation,44121,447876,0.986,466.88,0.095,0.005,14.19,0.933,529452,-15.41,26.72,79.2,Low,Negative ROI,49.7,Review,Negative ROI | High Downtime,Financial review required due to negative ROI.
AI-0980,Manufacturing,Predictive Maintenance,Recommendation,70101,351119,0.761,44.24,0.103,0.669,13.95,0.722,841212,-58.26,56.44,76.01,Medium,Negative ROI,39.67,Review,Negative ROI | High Downtime,Financial review required due to negative ROI.
AI-0981,Logistics,Predictive Maintenance,Classification,36433,183244,0.784,282.71,0.058,0.973,5.72,0.645,437196,-58.09,55.06,70.72,Medium,Negative ROI,38.23,Review,Negative ROI,Financial review required due to negative ROI.
AI-0982,Healthcare,Document Intelligence,Regression,48309,472413,0.855,447.41,0.169,0.607,1.18,0.85,579708,-18.51,34.35,67.88,Low,Negative ROI,43.45,Review,Negative ROI,Financial review required due to negative ROI.
AI-0983,Banking,Demand Forecasting,Regression,72468,121158,0.923,146.11,0.094,0.12,2.58,0.963,869616,-86.07,12.52,86.33,Low,Negative ROI,56.46,Monitor,Negative ROI,Financial review required due to negative ROI.
AI-0984,Manufacturing,Document Intelligence,Computer Vision,49254,472063,0.81,246.68,0.025,0.321,0.89,0.549,591048,-20.13,16.68,72.83,Low,Negative ROI,50.49,Monitor,Negative ROI,Financial review required due to negative ROI.
AI-0985,Retail,Demand Forecasting,Computer Vision,72293,293721,0.794,175.68,0.206,0.868,1.58,0.475,867516,-66.14,47.87,63.63,Medium,Negative ROI,37.91,Review,Negative ROI | High Data Drift | Low User Adoption,Financial review required due to negative ROI.
AI-0986,Healthcare,Customer Support,Computer Vision,42853,359443,0.989,477.03,0.212,0.233,2.77,0.731,514236,-30.1,21.46,69.16,Low,Negative ROI,47.77,Review,Negative ROI | High Data Drift,Financial review required due to negative ROI.
AI-0987,Banking,Fraud Detection,Regression,43405,302320,0.654,415.35,0.108,0.608,5.12,0.649,520860,-41.96,39.13,57.82,Medium,Negative ROI,38.5,Review,Negative ROI | Low AI Performance,Financial review required due to negative ROI.
AI-0988,Telecom,Predictive Maintenance,NLP,71652,457602,0.954,360.32,0.023,0.403,8.15,0.992,859824,-46.78,32.41,85.58,Low,Negative ROI,50.23,Monitor,Negative ROI,Financial review required due to negative ROI.
AI-0989,Logistics,Demand Forecasting,Recommendation,48527,83972,0.701,302.06,0.128,0.208,10.68,0.624,582324,-85.58,31.0,62.07,Low,Negative ROI,42.42,Review,Negative ROI | High Downtime,Financial review required due to negative ROI.
AI-0990,Manufacturing,Document Intelligence,NLP,82227,402162,0.917,413.88,0.133,0.813,3.16,0.352,986724,-59.24,45.84,63.82,Medium,Negative ROI,38.58,Review,Negative ROI | Low User Adoption,Financial review required due to negative ROI.
AI-0991,Healthcare,Customer Support,NLP,5492,454219,0.86,208.29,0.201,0.743,10.09,0.984,65904,589.21,56.28,76.38,Medium,High ROI,74.85,Monitor,High Data Drift | High Downtime,Data monitoring and model retraining should be considered.
AI-0992,Healthcare,Demand Forecasting,Regression,98418,302140,0.766,234.82,0.095,0.662,10.56,0.891,1181016,-74.42,50.24,74.33,Medium,Negative ROI,40.94,Review,Negative ROI | High Downtime,Financial review required due to negative ROI.
AI-0993,Retail,Document Intelligence,NLP,13811,120922,0.947,370.4,0.205,0.236,8.38,0.425,165732,-27.04,30.74,64.49,Low,Negative ROI,43.35,Review,Negative ROI | High Data Drift | Low User Adoption,Financial review required due to negative ROI.
AI-0994,Retail,Predictive Maintenance,Classification,98344,368742,0.654,191.72,0.261,0.098,13.55,0.933,1180128,-68.75,34.82,62.56,Low,Negative ROI,41.45,Review,Negative ROI | High Data Drift | High Downtime,Financial review required due to negative ROI.
AI-0995,Telecom,Predictive Maintenance,Computer Vision,29272,55931,0.727,50.67,0.071,0.576,1.66,0.538,351264,-84.08,30.82,72.04,Low,Negative ROI,45.97,Review,Negative ROI,Financial review required due to negative ROI.
AI-0996,Logistics,Recommendation,Classification,98935,144168,0.843,55.68,0.294,0.554,2.66,0.564,1187220,-87.86,38.18,67.06,Medium,Negative ROI,42.02,Review,Negative ROI | High Data Drift,Financial review required due to negative ROI.
AI-0997,Telecom,Fraud Detection,Recommendation,77010,186782,0.77,75.37,0.116,0.188,6.43,0.934,924120,-79.79,22.66,79.12,Low,Negative ROI,50.89,Monitor,Negative ROI,Financial review required due to negative ROI.
AI-0998,Banking,Recommendation,Computer Vision,97492,143099,0.858,437.45,0.08,0.056,1.9,0.671,1169904,-87.77,8.09,69.2,Low,Negative ROI,51.79,Monitor,Negative ROI,Financial review required due to negative ROI.
AI-0999,Banking,Customer Support,NLP,52153,54693,0.658,246.67,0.126,0.081,8.49,0.396,625836,-91.26,21.58,57.12,Low,Negative ROI,43.52,Review,Negative ROI | Low AI Performance | Low User Adoption,Financial review required due to negative ROI.
AI-1000,Telecom,Demand Forecasting,Recommendation,59110,448956,0.69,362.18,0.028,0.993,5.98,0.558,709320,-36.71,55.49,63.39,Medium,Negative ROI,35.54,Review,Negative ROI,Financial review required due to negative ROI.
